Workbook

Sheet 읽는 법
A1: 외벽 정량적 화재위험성평가(QFRA) 계산서 — NFPA 551 5.5 정량적 방법, 중공층 외단열 예제
A3: 목적 | B3: NFPA 551(2022)이 요구하는 정량적 화재위험성평가 R = Σ F·C (식 5.5.1.2·5.5.1.3)를 외벽(중공층 외단열)에 적용하는 절차를 칸 단위로 따라갈 수 있게 만든 계산서입니다. 노란 칸을 바꾸면 사건수목 → 결과 → 위험도 → 허용기준 판정이 다시 계산됩니다.
A4: 계산 구조 | B4: 1) 사건수목(3_사건수목): 세대 화재(IE1)·외부 발화원(IE2)이 외벽을 노출시키는 연간 빈도 F. 2) 결과 모델(4_결과모델): 중공층 시험 t₆₀₀ = '중공층 화재가 한 개 층을 올라가는 시간'으로 보고, 진압·배리어·도약 확산과 겨루어 발화층 위로 번지는 층 수와 노출 인원 C를 계산. 3) 위험도(5_위험도): R = Σ F·C, 초과빈도 F(n), 기준안 대비 RR.
A5: 칸 색 | B5: 노란 바탕 = 바꿀 값(가정·예시값 포함) · 파란 글자 = 입력·측정값 · 검은 글자 = 계산식 · 초록 글자 = 다른 시트에서 가져온 값 · 연두 바탕 = 주요 결과
A6: 단계 ↔ 시트 | B6: ① 문제·범위·허용기준 → 1_입력 · ② 시나리오·빈도 → 3_사건수목 · ③ 결과 → 2_시험자료, 4_결과모델 · ④ 위험도·판정 → 5_위험도 · ⑤ 불확실성 → 6_불확실성(MC) · ⑥ 검증 → 7_검증 · ⑦ 문서화·검토 → 8_문서화점검
A7: 예시값 주의 | B7: 빈도·분기확률·시간 입력은 절차를 보이기 위한 예시값입니다(1_입력의 '근거·대체할 자료' 열). 측정값은 중공층 시험의 t₆₀₀(3000 mm)와 플래그 B뿐입니다. 결과 수치를 그대로 인용하지 말고 국내 통계·실대형 시험값으로 바꾼 뒤 쓰십시오.
A8: 점추정과 MC | B8: 이 시트들의 수식은 '점추정'(최적값, 중앙값, 반복시험 동일 가중)입니다. 분포를 넣은 2중 몬테카를로(인식론적 2,000 × 우연적 400 표본)는 파이썬 qfra.py가 계산하며, 그 결과는 6_불확실성(MC)에 값으로 들어 있습니다. 점추정은 꼬리 위험(진압 지연 등)을 보지 못하므로 판정은 MC 결과로 합니다.
A9: 대책 인정 규칙 | B9: M1(개구부 차단재 + 층간 캐비티 배리어)의 효과는 준불연 등급에만 인정합니다. 가연성 등급(PIR(PUR) 가연성)은 3 m 중공층이 30 s 만에 전면 화염이 되었으므로, 배리어가 이를 막는다는 시험 근거가 생기기 전에는 효과를 0으로 둡니다(NFPA 551 5.1.4.5).
A10: 제외 | B10: EPS 가연성: 시험 기록이 4분(240·262 s)뿐이라 t₆₀₀을 구할 수 없어 정량평가에서 뺐습니다(자료 부족, 6.2.1.3). 재시험 후 2_시험자료에 넣고 '정량평가 사용'을 '예'로 바꾸면 계산에 들어갑니다(이때 4_결과모델에 행 추가 필요).
A11: 재현 | B11: python facade_fra/qfra.py → python facade_fra/report/build_qfra_xlsx.py → recalc. 결과 CSV: facade_fra/results/

Sheet 1_입력
A1: ① 입력값 — 건물, 빈도, 분기확률, 시간, 허용기준
A2: 적용값(노란 칸)이 점추정에 쓰입니다. 하한·상한·분포는 몬테카를로(qfra.py)에서 쓰는 인식론적 불확실성 범위입니다.
A4: 기호 | B4: 항목 | C4: 단위 | D4: 적용값 | E4: 하한 | F4: 상한 | G4: 분포 | H4: 계산용 값(초 단위) | I4: NFPA 551 | J4: 근거 · 대체할 자료
A5: 건물
A6: N | B6: 층수 | C6: 층 | D6: 15 | G6: 고정 | H6: =D6 -> 15 | I6: 4.4.1 | J6: 예제 건물(15층 공동주택). 평가 대상 건물 값으로 바꿈
A7: h | B7: 층고 | C7: m | D7: 3 | G7: 고정 | H7: =D7 -> 3 | I7: 4.4.1 | J7: 중공층 시험 높이 3 m = 1개 층. 층고가 다르면 τ를 h/3 m 비율로 늘림
A8: n_u | B8: 층당 세대 수 | C8: 세대 | D8: 4 | G8: 고정 | H8: =D8 -> 4 | I8: 4.4.2.1 | J8: 예제 건물
A9: o | B9: 세대당 재실자 | C9: 명 | D9: 2.5 | G9: 고정 | H9: =D9 -> 2.5 | I9: 4.4.2.1 | J9: 예제 건물(주거). 야간·주간 재실 분포로 바꿀 수 있음
A10: n_a | B10: 확산 띠 안의 층당 세대 수 | C10: 세대 | D10: 2 | G10: 고정 | H10: =D10 -> 2 | I10: 4.4.2.3 | J10: 외벽 화재가 위로 번질 때 한 층에서 닿는 세대(발화 세대 열 + 이웃 1열)
A11: 빈도
A12: λ₁ | B12: 세대 화재 발생빈도 | C12: /세대·년 | D12: 0.0002 | E12: 0.0001 | F12: 0.0004 | G12: 로그균등 | H12: =D12 -> 0.0002 | I12: 5.3.1.1 | J12: 예시값. 국가화재정보시스템(NFDS) 공동주택 화재 건수 ÷ 세대 수(주택총조사)로 대체
A13: λ₂ | B13: 외부 발화원 화재빈도(외벽 하부) | C13: /동·년 | D13: 0.002 | E13: 0.0005 | F13: 0.008 | G13: 로그균등 | H13: =D13 -> 0.002 | I13: 5.3.1.1, 6.2.1.3 | J13: 예시값(자료 부족). 필로티·주차 차량, 쓰레기, 외부 설비 화재 통계로 대체
A14: 분기확률
A15: p_s | B15: 스프링클러 작동·제어 확률 | C15: – | D15: 0.9 | E15: 0.8 | F15: 0.97 | G15: 삼각 | H15: =D15 -> 0.9 | I15: 5.1.4.5 | J15: 예시값. 국내 스프링클러 작동·효과 통계로 대체
A16: p_FO | B16: 제어 실패 화재의 최성기 도달 확률 | C16: – | D16: 0.15 | E16: 0.05 | F16: 0.3 | G16: 삼각 | H16: =D16 -> 0.15 | I16: 5.1.1.4 | J16: 예시값. NFDS 연소 확대 범위(발화실 밖 확대) 비율로 대체
A17: p_v | B17: 최성기 화재의 창 분출화염 확률 | C17: – | D17: 0.7 | E17: 0.5 | F17: 0.9 | G17: 삼각 | H17: =D17 -> 0.7 | I17: 4.4.2.3 | J17: 예시값. 창호 형식(복층유리·방화유리) 반영
A18: p_x | B18: 외부 화원의 외벽 노출 확률 | C18: – | D18: 0.3 | E18: 0.1 | F18: 0.6 | G18: 삼각 | H18: =D18 -> 0.3 | I18: 4.4.2.3 | J18: 예시값. 화원–외벽 거리, 필로티 구조 반영
A19: p_e0 | B19: 중공층·단열재 노출 확률(차단재 없음) | C19: – | D19: 0.9 | E19: 0.7 | F19: 1 | G19: 삼각 | H19: =D19 -> 0.9 | I19: 4.4.2.3 | J19: 개구부 주위·하부가 열려 있을 때. 현장조사(EFFECT Tier 2 수준)로 확인
A20: p_e1 | B20: 중공층·단열재 노출 확률(불연 차단재 설치) | C20: – | D20: 0.3 | E20: 0.1 | F20: 0.5 | G20: 삼각 | H20: =D20 -> 0.3 | I20: 5.1.4.5 | J20: 예시값. 차단재 시공 품질·시험 근거로 대체
A21: p_cb | B21: 캐비티 배리어가 한 층 경계를 막을 확률 | C21: – | D21: 0.7 | E21: 0.4 | F21: 0.9 | G21: 삼각 | H21: =D21 -> 0.7 | I21: 5.1.4.5 | J21: 예시값. 배리어를 넣은 중공층 시험·실대형 시험(KS F 8414)으로 대체
A22: p_L | B22: 창→창 도약 확산 확률(한 층) | C22: – | D22: 0.15 | E22: 0.05 | F22: 0.3 | G22: 삼각 | H22: =D22 -> 0.15 | I22: 4.4.2.3 | J22: 예시값. 스팬드럴 높이·발코니 유무 반영
A23: 시간
A24: τ_L | B24: 도약 확산 한 층 소요시간(중앙값) | C24: 분 | D24: 12 | E24: 8 | F24: 20 | G24: 삼각 | H24: =D24*60 -> 720 | I24: 5.4 | J24: 예시값. 구획화재 성장시간(FDS·CFAST)으로 대체
A25: T_FS | B25: 외벽 화재 진압 유효 시각(중앙값, 분출 기준) | C25: 분 | D25: 15 | E25: 10 | F25: 25 | G25: 삼각 | H25: =D25*60 -> 900 | I25: 5.1.1.4 | J25: 예시값. 관할 소방서 도착시간 + 전개시간(고가사다리 도달 높이 포함)으로 대체
A26: RSET | B26: 상부층 피난 완료 시각(중앙값, 분출 기준) | C26: 분 | D26: 15 | E26: 10 | F26: 25 | G26: 삼각 | H26: =D26*60 -> 900 | I26: 4.4.2.4 | J26: 예시값. 경보 방식·재실자 특성으로 피난 계산해 대체
A27: 시험 → 실물
A28: s | B28: 실물/시험 층당 확산시간 비(τ = s·t₆₀₀) | C28: – | D28: 0.5 | E28: 0.25 | F28: 1 | G28: 로그균등 | H28: =D28 -> 0.5 | I28: 5.4.4, 6.2.2.5 | J28: 가정. 3 m·30 kW 시험을 실물 분출화염 조건으로 옮기는 계수. 실대형 시험(KS F 8414)으로 보정
A29: 인명 환산
A30: p_d | B30: 노출 재실자 사망 확률(선택) | C30: – | D30: 0.05 | E30: 0.01 | F30: 0.2 | G30: 삼각 | H30: =D30 -> 0.05 | I30: A.5.1.2 | J30: 예시값. 인명 지표로 환산할 때만 사용
A31: 사건별 변동 (σ는 MC 전용, 지속시간 중앙값은 점추정에도 사용)
A32: σ_FS | B32: 진압 시각의 사건별 변동(로그 표준편차) | C32: – | D32: 0.5 | G32: 고정 | H32: =D32 -> 0.5 | I32: A.5.5.6 | J32: 우연적 변동 폭(가정)
A33: σ_R | B33: 피난 완료 시각의 사건별 변동(로그 표준편차) | C33: – | D33: 0.5 | G33: 고정 | H33: =D33 -> 0.5 | I33: A.5.5.6 | J33: 우연적 변동 폭(가정)
A34: σ_L | B34: 도약 소요시간의 사건별 변동(로그 표준편차) | C34: – | D34: 0.3 | G34: 고정 | H34: =D34 -> 0.3 | I34: A.5.5.6 | J34: 우연적 변동 폭(가정)
A35: t_e1 | B35: 분출화염 지속시간 하한(IE1) | C35: 분 | D35: 10 | G35: 고정 | H35: =D35*60 -> 600 | I35: A.5.5.6 | J35: 균등분포 하한(가정)
A36: t_e1 | B36: 분출화염 지속시간 상한(IE1) | C36: 분 | D36: 30 | G36: 고정 | H36: =D36*60 -> 1800 | I36: A.5.5.6 | J36: 균등분포 상한(가정)
A37: t_e2 | B37: 외부 화원 지속시간 하한(IE2) | C37: 분 | D37: 5 | G37: 고정 | H37: =D37*60 -> 300 | I37: A.5.5.6 | J37: 균등분포 하한(가정)
A38: t_e2 | B38: 외부 화원 지속시간 상한(IE2) | C38: 분 | D38: 20 | G38: 고정 | H38: =D38*60 -> 1200 | I38: A.5.5.6 | J38: 균등분포 상한(가정)
A39: 허용기준(예시)
A40: F₂* | B40: 허용기준 예시: 발화층 위 2개 층 이상 확산 빈도 | C40: /동·년 | D40: 0.0001 | G40: 고정 | H40: =D40 -> 0.0001 | I40: 4.4.3, A.5.1.2 | J40: 예시값(규제 기준 아님). 사전협의에서 정함
A41: c* | B41: 기준 충족 판단에 쓰는 신뢰수준 | C41: – | D41: 0.9 | G41: 고정 | H41: =D41 -> 0.9 | I41: 4.5 | J41: 인식론적 표본 중 기준을 만족하는 비율의 하한(가정)
A43: 파생값
A44: t_e1 | B44: 분출화염 지속(IE1, 중앙값) — 비자립 재료의 확산 종료 시각 | C44: s | H44: =(texp1_lo_s+texp1_hi_s)/2 -> 1200
A45: t_e2 | B45: 외부 화원 지속(IE2, 중앙값) | C45: s | H45: =(texp2_lo_s+texp2_hi_s)/2 -> 750
A46: o_st | B46: 확산 띠 안의 층당 재실자 = n_a × o | C46: 명 | H46: =n_aff*occ -> 5
A47: O | B47: 건물 재실자 = N × n_u × o | C47: 명 | H47: =N_st*units*occ -> 150
A48: U | B48: 세대 수 = N × n_u | C48: 세대 | H48: =N_st*units -> 60

Sheet 2_시험자료
A1: ③-1 시험 자료 → 결과 모델 입력 (중공층 100 mm · 외단열 100 mm · 30 kW 20분 · 30분 평가)
A2: t₆₀₀ = 3000 mm에서 ΔT ≥ 600 K가 시작되는 시각 = 중공층 화재가 한 개 층(3 m)을 올라가는 시간(FRI 개념). 플래그 B = 버너 소화 후 자립 연소(6개 높이 중 3곳 이상 ssr ≥ 1).
A4: 시험 | B4: 재료 | C4: 등급 | D4: t₆₀₀ 3000 mm (s) | E4: 플래그 B (1/0) | F4: 정량평가 사용 | G4: τ_F = s·t₆₀₀·h/3 m (s) | H4: 비고
A5: EPS_C-1 | B5: EPS 가연성 | C5: c | E5: 0 | F5: 아니오 | G5: =IF(OR(F5="아니오",D5=""),1000000000,s_scale*D5*h_st/3) -> 1000000000 | H5: 기록 240 s – t₆₀₀ 산정 불가, 정량평가 제외(재시험 필요, 6.2.1.3)
A6: EPS_C-2 | B6: EPS 가연성 | C6: c | E6: 0 | F6: 아니오 | G6: =IF(OR(F6="아니오",D6=""),1000000000,s_scale*D6*h_st/3) -> 1000000000 | H6: 기록 262 s – t₆₀₀ 산정 불가, 정량평가 제외(재시험 필요, 6.2.1.3)
A7: EPS_SC-1 | B7: EPS 준불연 | C7: sc | D7: 962 | E7: 0 | F7: 예 | G7: =IF(OR(F7="아니오",D7=""),1000000000,s_scale*D7*h_st/3) -> 481
A8: EPS_SC-2 | B8: EPS 준불연 | C8: sc | E8: 0 | F8: 예 | G8: =IF(OR(F8="아니오",D8=""),1000000000,s_scale*D8*h_st/3) -> 1000000000 | H8: 30분 안에 3000 mm 600 K 미도달 → 이 사건은 층간 확산 없음
A9: EPS_SC-3 | B9: EPS 준불연 | C9: sc | D9: 975 | E9: 0 | F9: 예 | G9: =IF(OR(F9="아니오",D9=""),1000000000,s_scale*D9*h_st/3) -> 487.5
A10: PIR_C-1 | B10: PIR(PUR) 가연성 | C10: c | D10: 31 | E10: 0 | F10: 예 | G10: =IF(OR(F10="아니오",D10=""),1000000000,s_scale*D10*h_st/3) -> 15.5 | H10: 전체 화염(30 s): 소화 전에 연료 소진 → 플래그 B 판정 대상 아님
A11: PIR_C-2 | B11: PIR(PUR) 가연성 | C11: c | D11: 29 | E11: 0 | F11: 예 | G11: =IF(OR(F11="아니오",D11=""),1000000000,s_scale*D11*h_st/3) -> 14.5 | H11: 전체 화염(30 s): 소화 전에 연료 소진 → 플래그 B 판정 대상 아님
A12: PIR_SC-1 | B12: PIR(PUR) 준불연 | C12: sc | D12: 1068 | E12: 0 | F12: 예 | G12: =IF(OR(F12="아니오",D12=""),1000000000,s_scale*D12*h_st/3) -> 534
A13: PIR_SC-2 | B13: PIR(PUR) 준불연 | C13: sc | D13: 1091 | E13: 0 | F13: 예 | G13: =IF(OR(F13="아니오",D13=""),1000000000,s_scale*D13*h_st/3) -> 545.5
A14: PF_out-1 | B14: PF 준불연 외부용 | C14: sc | D14: 1245 | E14: 1 | F14: 예 | G14: =IF(OR(F14="아니오",D14=""),1000000000,s_scale*D14*h_st/3) -> 622.5
A15: PF_out-2 | B15: PF 준불연 외부용 | C15: sc | D15: 1455 | E15: 1 | F15: 예 | G15: =IF(OR(F15="아니오",D15=""),1000000000,s_scale*D15*h_st/3) -> 727.5
A16: PF_in-1 | B16: PF 준불연 내부용 | C16: sc | D16: 556 | E16: 0 | F16: 예 | G16: =IF(OR(F16="아니오",D16=""),1000000000,s_scale*D16*h_st/3) -> 278
A17: PF_in-2 | B17: PF 준불연 내부용 | C17: sc | D17: 472 | E17: 1 | F17: 예 | G17: =IF(OR(F17="아니오",D17=""),1000000000,s_scale*D17*h_st/3) -> 236
A18: τ_F = 1E+9 s: 층간 확산 없음(600 K 미도달 또는 평가 제외). 정량평가 사용이 '아니오'인 시험은 4_결과모델에 들어가지 않습니다.
A19: 재료별 요약 — p_B는 Jeffreys 추정 (k + ½)/(n + 1): 반복 2–3회의 0/2, 2/2를 0·1로 단정하지 않기 위함
A20: 재료 | B20: 재료명 | C20: 등급 | D20: 시험 수 n | E20: B 횟수 k | F20: p_B | G20: t₆₀₀ 평균 (s) | H20: 해석
A21: EPS_SC | B21: EPS 준불연 | C21: sc | D21: =COUNTIFS($B$5:$B$17,B21,$F$5:$F$17,"예") -> 3 | E21: =SUMIFS($E$5:$E$17,$B$5:$B$17,B21,$F$5:$F$17,"예") -> 0 | F21: =(E21+0.5)/(D21+1) -> 0.125 | G21: =IFERROR(AVERAGEIFS($D$5:$D$17,$B$5:$B$17,B21,$F$5:$F$17,"예"),"") -> 968.5 | H21: 용융형: 3회 중 1회는 30분 안에 600 K 미도달, 자립 연소 없음
A22: PIR_C | B22: PIR(PUR) 가연성 | C22: c | D22: =COUNTIFS($B$5:$B$17,B22,$F$5:$F$17,"예") -> 2 | E22: =SUMIFS($E$5:$E$17,$B$5:$B$17,B22,$F$5:$F$17,"예") -> 0 | F22: =(E22+0.5)/(D22+1) -> 0.16666667 | G22: =IFERROR(AVERAGEIFS($D$5:$D$17,$B$5:$B$17,B22,$F$5:$F$17,"예"),"") -> 30 | H22: 가연성: 30 s 만에 전면 화염 → 층당 시간이 가장 짧음
A23: PIR_SC | B23: PIR(PUR) 준불연 | C23: sc | D23: =COUNTIFS($B$5:$B$17,B23,$F$5:$F$17,"예") -> 2 | E23: =SUMIFS($E$5:$E$17,$B$5:$B$17,B23,$F$5:$F$17,"예") -> 0 | F23: =(E23+0.5)/(D23+1) -> 0.16666667 | G23: =IFERROR(AVERAGEIFS($D$5:$D$17,$B$5:$B$17,B23,$F$5:$F$17,"예"),"") -> 1079.5 | H23: 탄화형, 자립 연소 없음
A24: PF_out | B24: PF 준불연 외부용 | C24: sc | D24: =COUNTIFS($B$5:$B$17,B24,$F$5:$F$17,"예") -> 2 | E24: =SUMIFS($E$5:$E$17,$B$5:$B$17,B24,$F$5:$F$17,"예") -> 2 | F24: =(E24+0.5)/(D24+1) -> 0.83333333 | G24: =IFERROR(AVERAGEIFS($D$5:$D$17,$B$5:$B$17,B24,$F$5:$F$17,"예"),"") -> 1350 | H24: 탄화형, 2회 모두 자립 연소(B) → 진압이 늦으면 계속 올라감
A25: PF_in | B25: PF 준불연 내부용 | C25: sc | D25: =COUNTIFS($B$5:$B$17,B25,$F$5:$F$17,"예") -> 2 | E25: =SUMIFS($E$5:$E$17,$B$5:$B$17,B25,$F$5:$F$17,"예") -> 1 | F25: =(E25+0.5)/(D25+1) -> 0.5 | G25: =IFERROR(AVERAGEIFS($D$5:$D$17,$B$5:$B$17,B25,$F$5:$F$17,"예"),"") -> 514 | H25: 탄화형, 확산 빠름(III등급), 2회 중 1회 자립 연소

Sheet 3_사건수목
A1: ② 사건수목 — 외벽이 화염에 노출되는 연간 빈도 (동·년 기준)
A2: 분기확률은 서로 독립이라고 보고 경로를 따라 곱합니다(NFPA 551 5.3.1.2.2). B1 = 세대 스프링클러 설치, B0 = 미설치.
A4: 단계 | B4: 사건 / 분기 | C4: 분기확률 (식) | D4: B1 (/년) | E4: B0 (/년) | F4: 설명
A5: IE1 | B5: 세대 화재 발생 | C5: λ₁ × 세대 수 | D5: =lam_1*n_units -> 0.012 | E5: =lam_1*n_units -> 0.012 | F5: 초기사건(IE1): 실내 발화
B6: 스프링클러 제어 실패(또는 미설치) | C6: 1 − p_s (B0: 1) | D6: =D5*(1-p_spr) -> 0.0012 | E6: =E5 -> 0.012 | F6: 제어되면 실내 국한(외벽 영향 없음)
B7: 최성기(플래시오버) 도달 | C7: p_FO | D7: =D6*p_fo -> 0.00018 | E7: =E6*p_fo -> 0.0018
B8: 창 파손 · 외부 분출화염 = F₁ | C8: p_v | D8: =D7*p_vent -> 0.000126 | E8: =E7*p_vent -> 0.00126 | F8: 외벽 노출 사건(IE1)의 빈도 F₁
B9: ├ 중공층·단열재 노출 (M0) | C9: p_e0 | D9: =D8*p_exp0 -> 0.0001134 | E9: =E8*p_exp0 -> 0.001134 | F9: → 외벽 경로 + 창→창 도약 (4_결과모델: IE1)
B10: ├ 노출 안 됨 (M0) | C10: 1 − p_e0 | D10: =D8*(1-p_exp0) -> 1.26e-05 | E10: =E8*(1-p_exp0) -> 0.000126 | F10: → 창→창 도약만
B11: ├ 중공층·단열재 노출 (M1, 준불연만) | C11: p_e1 | D11: =D8*p_exp1 -> 3.78e-05 | E11: =E8*p_exp1 -> 0.000378 | F11: 개구부 불연 차단재가 있을 때
B12: └ 노출 안 됨 (M1, 준불연만) | C12: 1 − p_e1 | D12: =D8*(1-p_exp1) -> 8.82e-05 | E12: =E8*(1-p_exp1) -> 0.000882
A13: IE2 | B13: 외부 발화원 화재(외벽 하부) | C13: λ₂ | D13: =lam_2 -> 0.002 | E13: =lam_2 -> 0.002 | F13: 초기사건(IE2): 필로티·주차 차량, 쓰레기, 외부 설비
B14: 외벽 화염 노출 = F₂ | C14: p_x | D14: =D13*p_x2 -> 0.0006 | E14: =E13*p_x2 -> 0.0006 | F14: 외벽 노출 사건(IE2)의 빈도 F₂ (스프링클러 무관)
B15: ├ 중공층·단열재 노출 (M0) | C15: p_e0 | D15: =D14*p_exp0 -> 0.00054 | E15: =E14*p_exp0 -> 0.00054 | F15: → 외벽 경로만 (도약 없음; 4_결과모델: IE2)
B16: ├ 노출 안 됨 (M0) | C16: 1 − p_e0 | D16: =D14*(1-p_exp0) -> 6e-05 | E16: =E14*(1-p_exp0) -> 6e-05 | F16: → 확산 없음
B17: ├ 중공층·단열재 노출 (M1, 준불연만) | C17: p_e1 | D17: =D14*p_exp1 -> 0.00018 | E17: =E14*p_exp1 -> 0.00018
B18: └ 노출 안 됨 (M1, 준불연만) | C18: 1 − p_e1 | D18: =D14*(1-p_exp1) -> 0.00042 | E18: =E14*(1-p_exp1) -> 0.00042
A20: 불연 단열재(기준안)는 중공층 경로가 없으므로 IE1은 모두 '도약만', IE2는 확산 없음으로 계산합니다. 가연성 등급은 M1이어도 M0의 분기확률(p_e0, 배리어 없음)을 씁니다.

Sheet 4_결과모델
A1: ③-2 결과 모델 — 발화층 위로 번지는 층 수와 노출 인원 (사건 1회당 기대값)
A2: n_F = ⌊min(T_FS, T_stop)/τ_F⌋, a_j = q^j·[j ≤ n_F], b_j = p_L^j·[j ≤ n_L], P(n ≥ j) = w_j·(1 − (1 − a_j)(1 − b_j)), w_j = (N − j)/N (IE1: 발화층 균등) 또는 1 (IE2: 1층 발화). 층 j는 먼저 닿는 경로의 도달시각이 RSET보다 이르면 노출.
A4: j (발화층 위 층) | B4: 1 | C4: 2 | D4: 3 | E4: 4 | F4: 5 | G4: 6 | H4: 7 | I4: 8 | J4: 9 | K4: 10 | L4: 11 | M4: 12 | N4: 13 | O4: 14 | P4: 15 | Q4: 16 | R4: 17 | S4: 18 | T4: 19 | U4: 20 | V4: 21 | W4: 22 | X4: 23 | Y4: 24 | Z4: 25 | AA4: 26 | AB4: 27 | AC4: 28 | AD4: 29 | AE4: 30 | AF4: 31 | AG4: 32 | AH4: 33 | AI4: 34 | AJ4: 35 | AK4: 36 | AL4: 37 | AM4: 38 | AN4: 39 | AO4: 40 | AP4: 41 | AQ4: 42 | AR4: 43 | AS4: 44 | AT4: 45 | AU4: 46 | AV4: 47 | AW4: 48 | AX4: 49 | AY4: 50 | AZ4: 51 | BA4: 52 | BB4: 53 | BC4: 54 | BD4: 55 | BE4: 56 | BF4: 57 | BG4: 58 | BH4: 59
A5: w_j (IE1) | B5: =IF(B4<N_st,(N_st-B4)/N_st,0) -> 0.93333333 | C5: =IF(C4<N_st,(N_st-C4)/N_st,0) -> 0.86666667 | D5: =IF(D4<N_st,(N_st-D4)/N_st,0) -> 0.8 | E5: =IF(E4<N_st,(N_st-E4)/N_st,0) -> 0.73333333 | F5: =IF(F4<N_st,(N_st-F4)/N_st,0) -> 0.66666667 | G5: =IF(G4<N_st,(N_st-G4)/N_st,0) -> 0.6 | H5: =IF(H4<N_st,(N_st-H4)/N_st,0) -> 0.53333333 | I5: =IF(I4<N_st,(N_st-I4)/N_st,0) -> 0.46666667 | ... BH5: =IF(BH4<N_st,(N_st-BH4)/N_st,0) -> 0
A6: w_j (IE2) | B6: =IF(B4<N_st,1,0) -> 1 | C6: =IF(C4<N_st,1,0) -> 1 | D6: =IF(D4<N_st,1,0) -> 1 | E6: =IF(E4<N_st,1,0) -> 1 | F6: =IF(F4<N_st,1,0) -> 1 | G6: =IF(G4<N_st,1,0) -> 1 | H6: =IF(H4<N_st,1,0) -> 1 | I6: =IF(I4<N_st,1,0) -> 1 | ... BH6: =IF(BH4<N_st,1,0) -> 0
A8: 사건 행: 반복시험 × B 상태 × 사건(IE1/IE2) × 배리어. 가중치 = (1/n) × (B면 p_B, 아니면 1 − p_B). 'L'은 중공층 경로가 없는 창→창 도약만의 경로(IE1, 불연 기준안과 '노출 안 됨' 분기에 사용). | O8: 1 | P8: 2 | Q8: 3 | R8: 4 | S8: 5 | T8: 6 | U8: 7 | V8: 8 | W8: 9 | X8: 10 | Y8: 11 | Z8: 12 | AA8: 13 | AB8: 14 | AC8: 15 | AD8: 16 | AE8: 17 | AF8: 18 | AG8: 19 | AH8: 20
A9: 재료 | B9: 시험 | C9: 사건 | D9: 배리어(1/0) | E9: B 상태(1/0) | F9: 가중치 | G9: τ_F (s) | H9: T_stop (s) | I9: n_F | J9: n_L | K9: q = 1 − p_cb | L9: p_L(사건) | M9: E[확산 층 수] | N9: E[노출 인원] | O9: P(n≥1) | P9: P(n≥2) | Q9: P(n≥3) | R9: P(n≥4) | S9: P(n≥5) | T9: P(n≥6) | U9: P(n≥7) | V9: P(n≥8) | W9: P(n≥9) | X9: P(n≥10) | Y9: P(n≥11) | Z9: P(n≥12) | AA9: P(n≥13) | AB9: P(n≥14) | AC9: P(n≥15) | AD9: P(n≥16) | AE9: P(n≥17) | AF9: P(n≥18) | AG9: P(n≥19) | AH9: P(n≥20)
A10: EPS_SC | B10: EPS_SC-1 | C10: 1 | D10: 0 | E10: 1 | F10: =(1/2_시험자료!$D$21)*2_시험자료!$F$21 -> 0.041666667 | G10: =2_시험자료!G7 -> 481 | H10: =IF(E10=1,1000000000,texp1_s) -> 1000000000 | I10: =FLOOR(MIN(t_fs_s,H10)/G10,1) -> 1 | J10: =IF(C10=1,FLOOR(t_fs_s/tau_L_s,1),0) -> 1 | K10: =IF(D10=1,1-p_cb,1) -> 1 | L10: =IF(C10=1,p_L,0) -> 0.15 | M10: =SUMPRODUCT(w_ie1,1-(1-(j_row<=I10)*K10^j_row)*(1-(j_row<=J10)*L10^j_row)) -> 0.93333333 | N10: =occ_st*SUMPRODUCT(w_ie1,(j_row<=I10)*K10^j_row*(j_row<=J10)*L10^j_row*(((j_row*G10<rset_s)+(j_row*tau_L_s<rset_s))>0)+(j_row<=I10)*K10^j_row*(1-(j_row<=J10)*L10^j_row)*(j_row*G10<rset_s)+(1-(j_row<=I10)*K10^j_row)*(j_row<=J10)*L10^j_row*(j_row*tau_L_s<rset_s)) -> 4.6666667 | O10: =IF(O$8<N_st,(N_st-O$8)/N_st,0)*(1-(1-(O$8<=I10)*K10^O$8)*(1-(O$8<=J10)*L10^O$8)) -> 0.93333333 | P10: =IF(P$8<N_st,(N_st-P$8)/N_st,0)*(1-(1-(P$8<=I10)*K10^P$8)*(1-(P$8<=J10)*L10^P$8)) -> 0 | Q10: =IF(Q$8<N_st,(N_st-Q$8)/N_st,0)*(1-(1-(Q$8<=I10)*K10^Q$8)*(1-(Q$8<=J10)*L10^Q$8)) -> 0 | R10: =IF(R$8<N_st,(N_st-R$8)/N_st,0)*(1-(1-(R$8<=I10)*K10^R$8)*(1-(R$8<=J10)*L10^R$8)) -> 0 | S10: =IF(S$8<N_st,(N_st-S$8)/N_st,0)*(1-(1-(S$8<=I10)*K10^S$8)*(1-(S$8<=J10)*L10^S$8)) -> 0 | T10: =IF(T$8<N_st,(N_st-T$8)/N_st,0)*(1-(1-(T$8<=I10)*K10^T$8)*(1-(T$8<=J10)*L10^T$8)) -> 0 | U10: =IF(U$8<N_st,(N_st-U$8)/N_st,0)*(1-(1-(U$8<=I10)*K10^U$8)*(1-(U$8<=J10)*L10^U$8)) -> 0 | V10: =IF(V$8<N_st,(N_st-V$8)/N_st,0)*(1-(1-(V$8<=I10)*K10^V$8)*(1-(V$8<=J10)*L10^V$8)) -> 0 | W10: =IF(W$8<N_st,(N_st-W$8)/N_st,0)*(1-(1-(W$8<=I10)*K10^W$8)*(1-(W$8<=J10)*L10^W$8)) -> 0 | X10: =IF(X$8<N_st,(N_st-X$8)/N_st,0)*(1-(1-(X$8<=I10)*K10^X$8)*(1-(X$8<=J10)*L10^X$8)) -> 0 | Y10: =IF(Y$8<N_st,(N_st-Y$8)/N_st,0)*(1-(1-(Y$8<=I10)*K10^Y$8)*(1-(Y$8<=J10)*L10^Y$8)) -> 0 | Z10: =IF(Z$8<N_st,(N_st-Z$8)/N_st,0)*(1-(1-(Z$8<=I10)*K10^Z$8)*(1-(Z$8<=J10)*L10^Z$8)) -> 0 | AA10: =IF(AA$8<N_st,(N_st-AA$8)/N_st,0)*(1-(1-(AA$8<=I10)*K10^AA$8)*(1-(AA$8<=J10)*L10^AA$8)) -> 0 | AB10: =IF(AB$8<N_st,(N_st-AB$8)/N_st,0)*(1-(1-(AB$8<=I10)*K10^AB$8)*(1-(AB$8<=J10)*L10^AB$8)) -> 0 | AC10: =IF(AC$8<N_st,(N_st-AC$8)/N_st,0)*(1-(1-(AC$8<=I10)*K10^AC$8)*(1-(AC$8<=J10)*L10^AC$8)) -> 0 | AD10: =IF(AD$8<N_st,(N_st-AD$8)/N_st,0)*(1-(1-(AD$8<=I10)*K10^AD$8)*(1-(AD$8<=J10)*L10^AD$8)) -> 0 | AE10: =IF(AE$8<N_st,(N_st-AE$8)/N_st,0)*(1-(1-(AE$8<=I10)*K10^AE$8)*(1-(AE$8<=J10)*L10^AE$8)) -> 0 | AF10: =IF(AF$8<N_st,(N_st-AF$8)/N_st,0)*(1-(1-(AF$8<=I10)*K10^AF$8)*(1-(AF$8<=J10)*L10^AF$8)) -> 0 | AG10: =IF(AG$8<N_st,(N_st-AG$8)/N_st,0)*(1-(1-(AG$8<=I10)*K10^AG$8)*(1-(AG$8<=J10)*L10^AG$8)) -> 0 | AH10: =IF(AH$8<N_st,(N_st-AH$8)/N_st,0)*(1-(1-(AH$8<=I10)*K10^AH$8)*(1-(AH$8<=J10)*L10^AH$8)) -> 0
A11: EPS_SC | B11: EPS_SC-1 | C11: 1 | D11: 0 | E11: 0 | F11: =(1/2_시험자료!$D$21)*(1-2_시험자료!$F$21) -> 0.29166667 | G11: =2_시험자료!G7 -> 481 | H11: =IF(E11=1,1000000000,texp1_s) -> 1200 | I11: =FLOOR(MIN(t_fs_s,H11)/G11,1) -> 1 | J11: =IF(C11=1,FLOOR(t_fs_s/tau_L_s,1),0) -> 1 | K11: =IF(D11=1,1-p_cb,1) -> 1 | L11: =IF(C11=1,p_L,0) -> 0.15 | M11: =SUMPRODUCT(w_ie1,1-(1-(j_row<=I11)*K11^j_row)*(1-(j_row<=J11)*L11^j_row)) -> 0.93333333 | N11: =occ_st*SUMPRODUCT(w_ie1,(j_row<=I11)*K11^j_row*(j_row<=J11)*L11^j_row*(((j_row*G11<rset_s)+(j_row*tau_L_s<rset_s))>0)+(j_row<=I11)*K11^j_row*(1-(j_row<=J11)*L11^j_row)*(j_row*G11<rset_s)+(1-(j_row<=I11)*K11^j_row)*(j_row<=J11)*L11^j_row*(j_row*tau_L_s<rset_s)) -> 4.6666667 | O11: =IF(O$8<N_st,(N_st-O$8)/N_st,0)*(1-(1-(O$8<=I11)*K11^O$8)*(1-(O$8<=J11)*L11^O$8)) -> 0.93333333 | P11: =IF(P$8<N_st,(N_st-P$8)/N_st,0)*(1-(1-(P$8<=I11)*K11^P$8)*(1-(P$8<=J11)*L11^P$8)) -> 0 | Q11: =IF(Q$8<N_st,(N_st-Q$8)/N_st,0)*(1-(1-(Q$8<=I11)*K11^Q$8)*(1-(Q$8<=J11)*L11^Q$8)) -> 0 | R11: =IF(R$8<N_st,(N_st-R$8)/N_st,0)*(1-(1-(R$8<=I11)*K11^R$8)*(1-(R$8<=J11)*L11^R$8)) -> 0 | S11: =IF(S$8<N_st,(N_st-S$8)/N_st,0)*(1-(1-(S$8<=I11)*K11^S$8)*(1-(S$8<=J11)*L11^S$8)) -> 0 | T11: =IF(T$8<N_st,(N_st-T$8)/N_st,0)*(1-(1-(T$8<=I11)*K11^T$8)*(1-(T$8<=J11)*L11^T$8)) -> 0 | U11: =IF(U$8<N_st,(N_st-U$8)/N_st,0)*(1-(1-(U$8<=I11)*K11^U$8)*(1-(U$8<=J11)*L11^U$8)) -> 0 | V11: =IF(V$8<N_st,(N_st-V$8)/N_st,0)*(1-(1-(V$8<=I11)*K11^V$8)*(1-(V$8<=J11)*L11^V$8)) -> 0 | W11: =IF(W$8<N_st,(N_st-W$8)/N_st,0)*(1-(1-(W$8<=I11)*K11^W$8)*(1-(W$8<=J11)*L11^W$8)) -> 0 | X11: =IF(X$8<N_st,(N_st-X$8)/N_st,0)*(1-(1-(X$8<=I11)*K11^X$8)*(1-(X$8<=J11)*L11^X$8)) -> 0 | Y11: =IF(Y$8<N_st,(N_st-Y$8)/N_st,0)*(1-(1-(Y$8<=I11)*K11^Y$8)*(1-(Y$8<=J11)*L11^Y$8)) -> 0 | Z11: =IF(Z$8<N_st,(N_st-Z$8)/N_st,0)*(1-(1-(Z$8<=I11)*K11^Z$8)*(1-(Z$8<=J11)*L11^Z$8)) -> 0 | AA11: =IF(AA$8<N_st,(N_st-AA$8)/N_st,0)*(1-(1-(AA$8<=I11)*K11^AA$8)*(1-(AA$8<=J11)*L11^AA$8)) -> 0 | AB11: =IF(AB$8<N_st,(N_st-AB$8)/N_st,0)*(1-(1-(AB$8<=I11)*K11^AB$8)*(1-(AB$8<=J11)*L11^AB$8)) -> 0 | AC11: =IF(AC$8<N_st,(N_st-AC$8)/N_st,0)*(1-(1-(AC$8<=I11)*K11^AC$8)*(1-(AC$8<=J11)*L11^AC$8)) -> 0 | AD11: =IF(AD$8<N_st,(N_st-AD$8)/N_st,0)*(1-(1-(AD$8<=I11)*K11^AD$8)*(1-(AD$8<=J11)*L11^AD$8)) -> 0 | AE11: =IF(AE$8<N_st,(N_st-AE$8)/N_st,0)*(1-(1-(AE$8<=I11)*K11^AE$8)*(1-(AE$8<=J11)*L11^AE$8)) -> 0 | AF11: =IF(AF$8<N_st,(N_st-AF$8)/N_st,0)*(1-(1-(AF$8<=I11)*K11^AF$8)*(1-(AF$8<=J11)*L11^AF$8)) -> 0 | AG11: =IF(AG$8<N_st,(N_st-AG$8)/N_st,0)*(1-(1-(AG$8<=I11)*K11^AG$8)*(1-(AG$8<=J11)*L11^AG$8)) -> 0 | AH11: =IF(AH$8<N_st,(N_st-AH$8)/N_st,0)*(1-(1-(AH$8<=I11)*K11^AH$8)*(1-(AH$8<=J11)*L11^AH$8)) -> 0
A12: EPS_SC | B12: EPS_SC-1 | C12: 1 | D12: 1 | E12: 1 | F12: =(1/2_시험자료!$D$21)*2_시험자료!$F$21 -> 0.041666667 | G12: =2_시험자료!G7 -> 481 | H12: =IF(E12=1,1000000000,texp1_s) -> 1000000000 | I12: =FLOOR(MIN(t_fs_s,H12)/G12,1) -> 1 | J12: =IF(C12=1,FLOOR(t_fs_s/tau_L_s,1),0) -> 1 | K12: =IF(D12=1,1-p_cb,1) -> 0.3 | L12: =IF(C12=1,p_L,0) -> 0.15 | M12: =SUMPRODUCT(w_ie1,1-(1-(j_row<=I12)*K12^j_row)*(1-(j_row<=J12)*L12^j_row)) -> 0.378 | N12: =occ_st*SUMPRODUCT(w_ie1,(j_row<=I12)*K12^j_row*(j_row<=J12)*L12^j_row*(((j_row*G12<rset_s)+(j_row*tau_L_s<rset_s))>0)+(j_row<=I12)*K12^j_row*(1-(j_row<=J12)*L12^j_row)*(j_row*G12<rset_s)+(1-(j_row<=I12)*K12^j_row)*(j_row<=J12)*L12^j_row*(j_row*tau_L_s<rset_s)) -> 1.89 | O12: =IF(O$8<N_st,(N_st-O$8)/N_st,0)*(1-(1-(O$8<=I12)*K12^O$8)*(1-(O$8<=J12)*L12^O$8)) -> 0.378 | P12: =IF(P$8<N_st,(N_st-P$8)/N_st,0)*(1-(1-(P$8<=I12)*K12^P$8)*(1-(P$8<=J12)*L12^P$8)) -> 0 | Q12: =IF(Q$8<N_st,(N_st-Q$8)/N_st,0)*(1-(1-(Q$8<=I12)*K12^Q$8)*(1-(Q$8<=J12)*L12^Q$8)) -> 0 | R12: =IF(R$8<N_st,(N_st-R$8)/N_st,0)*(1-(1-(R$8<=I12)*K12^R$8)*(1-(R$8<=J12)*L12^R$8)) -> 0 | S12: =IF(S$8<N_st,(N_st-S$8)/N_st,0)*(1-(1-(S$8<=I12)*K12^S$8)*(1-(S$8<=J12)*L12^S$8)) -> 0 | T12: =IF(T$8<N_st,(N_st-T$8)/N_st,0)*(1-(1-(T$8<=I12)*K12^T$8)*(1-(T$8<=J12)*L12^T$8)) -> 0 | U12: =IF(U$8<N_st,(N_st-U$8)/N_st,0)*(1-(1-(U$8<=I12)*K12^U$8)*(1-(U$8<=J12)*L12^U$8)) -> 0 | V12: =IF(V$8<N_st,(N_st-V$8)/N_st,0)*(1-(1-(V$8<=I12)*K12^V$8)*(1-(V$8<=J12)*L12^V$8)) -> 0 | W12: =IF(W$8<N_st,(N_st-W$8)/N_st,0)*(1-(1-(W$8<=I12)*K12^W$8)*(1-(W$8<=J12)*L12^W$8)) -> 0 | X12: =IF(X$8<N_st,(N_st-X$8)/N_st,0)*(1-(1-(X$8<=I12)*K12^X$8)*(1-(X$8<=J12)*L12^X$8)) -> 0 | Y12: =IF(Y$8<N_st,(N_st-Y$8)/N_st,0)*(1-(1-(Y$8<=I12)*K12^Y$8)*(1-(Y$8<=J12)*L12^Y$8)) -> 0 | Z12: =IF(Z$8<N_st,(N_st-Z$8)/N_st,0)*(1-(1-(Z$8<=I12)*K12^Z$8)*(1-(Z$8<=J12)*L12^Z$8)) -> 0 | AA12: =IF(AA$8<N_st,(N_st-AA$8)/N_st,0)*(1-(1-(AA$8<=I12)*K12^AA$8)*(1-(AA$8<=J12)*L12^AA$8)) -> 0 | AB12: =IF(AB$8<N_st,(N_st-AB$8)/N_st,0)*(1-(1-(AB$8<=I12)*K12^AB$8)*(1-(AB$8<=J12)*L12^AB$8)) -> 0 | AC12: =IF(AC$8<N_st,(N_st-AC$8)/N_st,0)*(1-(1-(AC$8<=I12)*K12^AC$8)*(1-(AC$8<=J12)*L12^AC$8)) -> 0 | AD12: =IF(AD$8<N_st,(N_st-AD$8)/N_st,0)*(1-(1-(AD$8<=I12)*K12^AD$8)*(1-(AD$8<=J12)*L12^AD$8)) -> 0 | AE12: =IF(AE$8<N_st,(N_st-AE$8)/N_st,0)*(1-(1-(AE$8<=I12)*K12^AE$8)*(1-(AE$8<=J12)*L12^AE$8)) -> 0 | AF12: =IF(AF$8<N_st,(N_st-AF$8)/N_st,0)*(1-(1-(AF$8<=I12)*K12^AF$8)*(1-(AF$8<=J12)*L12^AF$8)) -> 0 | AG12: =IF(AG$8<N_st,(N_st-AG$8)/N_st,0)*(1-(1-(AG$8<=I12)*K12^AG$8)*(1-(AG$8<=J12)*L12^AG$8)) -> 0 | AH12: =IF(AH$8<N_st,(N_st-AH$8)/N_st,0)*(1-(1-(AH$8<=I12)*K12^AH$8)*(1-(AH$8<=J12)*L12^AH$8)) -> 0
A13: EPS_SC | B13: EPS_SC-1 | C13: 1 | D13: 1 | E13: 0 | F13: =(1/2_시험자료!$D$21)*(1-2_시험자료!$F$21) -> 0.29166667 | G13: =2_시험자료!G7 -> 481 | H13: =IF(E13=1,1000000000,texp1_s) -> 1200 | I13: =FLOOR(MIN(t_fs_s,H13)/G13,1) -> 1 | J13: =IF(C13=1,FLOOR(t_fs_s/tau_L_s,1),0) -> 1 | K13: =IF(D13=1,1-p_cb,1) -> 0.3 | L13: =IF(C13=1,p_L,0) -> 0.15 | M13: =SUMPRODUCT(w_ie1,1-(1-(j_row<=I13)*K13^j_row)*(1-(j_row<=J13)*L13^j_row)) -> 0.378 | N13: =occ_st*SUMPRODUCT(w_ie1,(j_row<=I13)*K13^j_row*(j_row<=J13)*L13^j_row*(((j_row*G13<rset_s)+(j_row*tau_L_s<rset_s))>0)+(j_row<=I13)*K13^j_row*(1-(j_row<=J13)*L13^j_row)*(j_row*G13<rset_s)+(1-(j_row<=I13)*K13^j_row)*(j_row<=J13)*L13^j_row*(j_row*tau_L_s<rset_s)) -> 1.89 | O13: =IF(O$8<N_st,(N_st-O$8)/N_st,0)*(1-(1-(O$8<=I13)*K13^O$8)*(1-(O$8<=J13)*L13^O$8)) -> 0.378 | P13: =IF(P$8<N_st,(N_st-P$8)/N_st,0)*(1-(1-(P$8<=I13)*K13^P$8)*(1-(P$8<=J13)*L13^P$8)) -> 0 | Q13: =IF(Q$8<N_st,(N_st-Q$8)/N_st,0)*(1-(1-(Q$8<=I13)*K13^Q$8)*(1-(Q$8<=J13)*L13^Q$8)) -> 0 | R13: =IF(R$8<N_st,(N_st-R$8)/N_st,0)*(1-(1-(R$8<=I13)*K13^R$8)*(1-(R$8<=J13)*L13^R$8)) -> 0 | S13: =IF(S$8<N_st,(N_st-S$8)/N_st,0)*(1-(1-(S$8<=I13)*K13^S$8)*(1-(S$8<=J13)*L13^S$8)) -> 0 | T13: =IF(T$8<N_st,(N_st-T$8)/N_st,0)*(1-(1-(T$8<=I13)*K13^T$8)*(1-(T$8<=J13)*L13^T$8)) -> 0 | U13: =IF(U$8<N_st,(N_st-U$8)/N_st,0)*(1-(1-(U$8<=I13)*K13^U$8)*(1-(U$8<=J13)*L13^U$8)) -> 0 | V13: =IF(V$8<N_st,(N_st-V$8)/N_st,0)*(1-(1-(V$8<=I13)*K13^V$8)*(1-(V$8<=J13)*L13^V$8)) -> 0 | W13: =IF(W$8<N_st,(N_st-W$8)/N_st,0)*(1-(1-(W$8<=I13)*K13^W$8)*(1-(W$8<=J13)*L13^W$8)) -> 0 | X13: =IF(X$8<N_st,(N_st-X$8)/N_st,0)*(1-(1-(X$8<=I13)*K13^X$8)*(1-(X$8<=J13)*L13^X$8)) -> 0 | Y13: =IF(Y$8<N_st,(N_st-Y$8)/N_st,0)*(1-(1-(Y$8<=I13)*K13^Y$8)*(1-(Y$8<=J13)*L13^Y$8)) -> 0 | Z13: =IF(Z$8<N_st,(N_st-Z$8)/N_st,0)*(1-(1-(Z$8<=I13)*K13^Z$8)*(1-(Z$8<=J13)*L13^Z$8)) -> 0 | AA13: =IF(AA$8<N_st,(N_st-AA$8)/N_st,0)*(1-(1-(AA$8<=I13)*K13^AA$8)*(1-(AA$8<=J13)*L13^AA$8)) -> 0 | AB13: =IF(AB$8<N_st,(N_st-AB$8)/N_st,0)*(1-(1-(AB$8<=I13)*K13^AB$8)*(1-(AB$8<=J13)*L13^AB$8)) -> 0 | AC13: =IF(AC$8<N_st,(N_st-AC$8)/N_st,0)*(1-(1-(AC$8<=I13)*K13^AC$8)*(1-(AC$8<=J13)*L13^AC$8)) -> 0 | AD13: =IF(AD$8<N_st,(N_st-AD$8)/N_st,0)*(1-(1-(AD$8<=I13)*K13^AD$8)*(1-(AD$8<=J13)*L13^AD$8)) -> 0 | AE13: =IF(AE$8<N_st,(N_st-AE$8)/N_st,0)*(1-(1-(AE$8<=I13)*K13^AE$8)*(1-(AE$8<=J13)*L13^AE$8)) -> 0 | AF13: =IF(AF$8<N_st,(N_st-AF$8)/N_st,0)*(1-(1-(AF$8<=I13)*K13^AF$8)*(1-(AF$8<=J13)*L13^AF$8)) -> 0 | AG13: =IF(AG$8<N_st,(N_st-AG$8)/N_st,0)*(1-(1-(AG$8<=I13)*K13^AG$8)*(1-(AG$8<=J13)*L13^AG$8)) -> 0 | AH13: =IF(AH$8<N_st,(N_st-AH$8)/N_st,0)*(1-(1-(AH$8<=I13)*K13^AH$8)*(1-(AH$8<=J13)*L13^AH$8)) -> 0
A14: EPS_SC | B14: EPS_SC-1 | C14: 2 | D14: 0 | E14: 1 | F14: =(1/2_시험자료!$D$21)*2_시험자료!$F$21 -> 0.041666667 | G14: =2_시험자료!G7 -> 481 | H14: =IF(E14=1,1000000000,texp2_s) -> 1000000000 | I14: =FLOOR(MIN(t_fs_s,H14)/G14,1) -> 1 | J14: =IF(C14=1,FLOOR(t_fs_s/tau_L_s,1),0) -> 0 | K14: =IF(D14=1,1-p_cb,1) -> 1 | L14: =IF(C14=1,p_L,0) -> 0 | M14: =SUMPRODUCT(w_ie2,1-(1-(j_row<=I14)*K14^j_row)*(1-(j_row<=J14)*L14^j_row)) -> 1 | N14: =occ_st*SUMPRODUCT(w_ie2,(j_row<=I14)*K14^j_row*(j_row<=J14)*L14^j_row*(((j_row*G14<rset_s)+(j_row*tau_L_s<rset_s))>0)+(j_row<=I14)*K14^j_row*(1-(j_row<=J14)*L14^j_row)*(j_row*G14<rset_s)+(1-(j_row<=I14)*K14^j_row)*(j_row<=J14)*L14^j_row*(j_row*tau_L_s<rset_s)) -> 5 | O14: =IF(O$8<N_st,1,0)*(1-(1-(O$8<=I14)*K14^O$8)*(1-(O$8<=J14)*L14^O$8)) -> 1 | P14: =IF(P$8<N_st,1,0)*(1-(1-(P$8<=I14)*K14^P$8)*(1-(P$8<=J14)*L14^P$8)) -> 0 | Q14: =IF(Q$8<N_st,1,0)*(1-(1-(Q$8<=I14)*K14^Q$8)*(1-(Q$8<=J14)*L14^Q$8)) -> 0 | R14: =IF(R$8<N_st,1,0)*(1-(1-(R$8<=I14)*K14^R$8)*(1-(R$8<=J14)*L14^R$8)) -> 0 | S14: =IF(S$8<N_st,1,0)*(1-(1-(S$8<=I14)*K14^S$8)*(1-(S$8<=J14)*L14^S$8)) -> 0 | T14: =IF(T$8<N_st,1,0)*(1-(1-(T$8<=I14)*K14^T$8)*(1-(T$8<=J14)*L14^T$8)) -> 0 | U14: =IF(U$8<N_st,1,0)*(1-(1-(U$8<=I14)*K14^U$8)*(1-(U$8<=J14)*L14^U$8)) -> 0 | V14: =IF(V$8<N_st,1,0)*(1-(1-(V$8<=I14)*K14^V$8)*(1-(V$8<=J14)*L14^V$8)) -> 0 | W14: =IF(W$8<N_st,1,0)*(1-(1-(W$8<=I14)*K14^W$8)*(1-(W$8<=J14)*L14^W$8)) -> 0 | X14: =IF(X$8<N_st,1,0)*(1-(1-(X$8<=I14)*K14^X$8)*(1-(X$8<=J14)*L14^X$8)) -> 0 | Y14: =IF(Y$8<N_st,1,0)*(1-(1-(Y$8<=I14)*K14^Y$8)*(1-(Y$8<=J14)*L14^Y$8)) -> 0 | Z14: =IF(Z$8<N_st,1,0)*(1-(1-(Z$8<=I14)*K14^Z$8)*(1-(Z$8<=J14)*L14^Z$8)) -> 0 | AA14: =IF(AA$8<N_st,1,0)*(1-(1-(AA$8<=I14)*K14^AA$8)*(1-(AA$8<=J14)*L14^AA$8)) -> 0 | AB14: =IF(AB$8<N_st,1,0)*(1-(1-(AB$8<=I14)*K14^AB$8)*(1-(AB$8<=J14)*L14^AB$8)) -> 0 | AC14: =IF(AC$8<N_st,1,0)*(1-(1-(AC$8<=I14)*K14^AC$8)*(1-(AC$8<=J14)*L14^AC$8)) -> 0 | AD14: =IF(AD$8<N_st,1,0)*(1-(1-(AD$8<=I14)*K14^AD$8)*(1-(AD$8<=J14)*L14^AD$8)) -> 0 | AE14: =IF(AE$8<N_st,1,0)*(1-(1-(AE$8<=I14)*K14^AE$8)*(1-(AE$8<=J14)*L14^AE$8)) -> 0 | AF14: =IF(AF$8<N_st,1,0)*(1-(1-(AF$8<=I14)*K14^AF$8)*(1-(AF$8<=J14)*L14^AF$8)) -> 0 | AG14: =IF(AG$8<N_st,1,0)*(1-(1-(AG$8<=I14)*K14^AG$8)*(1-(AG$8<=J14)*L14^AG$8)) -> 0 | AH14: =IF(AH$8<N_st,1,0)*(1-(1-(AH$8<=I14)*K14^AH$8)*(1-(AH$8<=J14)*L14^AH$8)) -> 0
A15: EPS_SC | B15: EPS_SC-1 | C15: 2 | D15: 0 | E15: 0 | F15: =(1/2_시험자료!$D$21)*(1-2_시험자료!$F$21) -> 0.29166667 | G15: =2_시험자료!G7 -> 481 | H15: =IF(E15=1,1000000000,texp2_s) -> 750 | I15: =FLOOR(MIN(t_fs_s,H15)/G15,1) -> 1 | J15: =IF(C15=1,FLOOR(t_fs_s/tau_L_s,1),0) -> 0 | K15: =IF(D15=1,1-p_cb,1) -> 1 | L15: =IF(C15=1,p_L,0) -> 0 | M15: =SUMPRODUCT(w_ie2,1-(1-(j_row<=I15)*K15^j_row)*(1-(j_row<=J15)*L15^j_row)) -> 1 | N15: =occ_st*SUMPRODUCT(w_ie2,(j_row<=I15)*K15^j_row*(j_row<=J15)*L15^j_row*(((j_row*G15<rset_s)+(j_row*tau_L_s<rset_s))>0)+(j_row<=I15)*K15^j_row*(1-(j_row<=J15)*L15^j_row)*(j_row*G15<rset_s)+(1-(j_row<=I15)*K15^j_row)*(j_row<=J15)*L15^j_row*(j_row*tau_L_s<rset_s)) -> 5 | O15: =IF(O$8<N_st,1,0)*(1-(1-(O$8<=I15)*K15^O$8)*(1-(O$8<=J15)*L15^O$8)) -> 1 | P15: =IF(P$8<N_st,1,0)*(1-(1-(P$8<=I15)*K15^P$8)*(1-(P$8<=J15)*L15^P$8)) -> 0 | Q15: =IF(Q$8<N_st,1,0)*(1-(1-(Q$8<=I15)*K15^Q$8)*(1-(Q$8<=J15)*L15^Q$8)) -> 0 | R15: =IF(R$8<N_st,1,0)*(1-(1-(R$8<=I15)*K15^R$8)*(1-(R$8<=J15)*L15^R$8)) -> 0 | S15: =IF(S$8<N_st,1,0)*(1-(1-(S$8<=I15)*K15^S$8)*(1-(S$8<=J15)*L15^S$8)) -> 0 | T15: =IF(T$8<N_st,1,0)*(1-(1-(T$8<=I15)*K15^T$8)*(1-(T$8<=J15)*L15^T$8)) -> 0 | U15: =IF(U$8<N_st,1,0)*(1-(1-(U$8<=I15)*K15^U$8)*(1-(U$8<=J15)*L15^U$8)) -> 0 | V15: =IF(V$8<N_st,1,0)*(1-(1-(V$8<=I15)*K15^V$8)*(1-(V$8<=J15)*L15^V$8)) -> 0 | W15: =IF(W$8<N_st,1,0)*(1-(1-(W$8<=I15)*K15^W$8)*(1-(W$8<=J15)*L15^W$8)) -> 0 | X15: =IF(X$8<N_st,1,0)*(1-(1-(X$8<=I15)*K15^X$8)*(1-(X$8<=J15)*L15^X$8)) -> 0 | Y15: =IF(Y$8<N_st,1,0)*(1-(1-(Y$8<=I15)*K15^Y$8)*(1-(Y$8<=J15)*L15^Y$8)) -> 0 | Z15: =IF(Z$8<N_st,1,0)*(1-(1-(Z$8<=I15)*K15^Z$8)*(1-(Z$8<=J15)*L15^Z$8)) -> 0 | AA15: =IF(AA$8<N_st,1,0)*(1-(1-(AA$8<=I15)*K15^AA$8)*(1-(AA$8<=J15)*L15^AA$8)) -> 0 | AB15: =IF(AB$8<N_st,1,0)*(1-(1-(AB$8<=I15)*K15^AB$8)*(1-(AB$8<=J15)*L15^AB$8)) -> 0 | AC15: =IF(AC$8<N_st,1,0)*(1-(1-(AC$8<=I15)*K15^AC$8)*(1-(AC$8<=J15)*L15^AC$8)) -> 0 | AD15: =IF(AD$8<N_st,1,0)*(1-(1-(AD$8<=I15)*K15^AD$8)*(1-(AD$8<=J15)*L15^AD$8)) -> 0 | AE15: =IF(AE$8<N_st,1,0)*(1-(1-(AE$8<=I15)*K15^AE$8)*(1-(AE$8<=J15)*L15^AE$8)) -> 0 | AF15: =IF(AF$8<N_st,1,0)*(1-(1-(AF$8<=I15)*K15^AF$8)*(1-(AF$8<=J15)*L15^AF$8)) -> 0 | AG15: =IF(AG$8<N_st,1,0)*(1-(1-(AG$8<=I15)*K15^AG$8)*(1-(AG$8<=J15)*L15^AG$8)) -> 0 | AH15: =IF(AH$8<N_st,1,0)*(1-(1-(AH$8<=I15)*K15^AH$8)*(1-(AH$8<=J15)*L15^AH$8)) -> 0
A16: EPS_SC | B16: EPS_SC-1 | C16: 2 | D16: 1 | E16: 1 | F16: =(1/2_시험자료!$D$21)*2_시험자료!$F$21 -> 0.041666667 | G16: =2_시험자료!G7 -> 481 | H16: =IF(E16=1,1000000000,texp2_s) -> 1000000000 | I16: =FLOOR(MIN(t_fs_s,H16)/G16,1) -> 1 | J16: =IF(C16=1,FLOOR(t_fs_s/tau_L_s,1),0) -> 0 | K16: =IF(D16=1,1-p_cb,1) -> 0.3 | L16: =IF(C16=1,p_L,0) -> 0 | M16: =SUMPRODUCT(w_ie2,1-(1-(j_row<=I16)*K16^j_row)*(1-(j_row<=J16)*L16^j_row)) -> 0.3 | N16: =occ_st*SUMPRODUCT(w_ie2,(j_row<=I16)*K16^j_row*(j_row<=J16)*L16^j_row*(((j_row*G16<rset_s)+(j_row*tau_L_s<rset_s))>0)+(j_row<=I16)*K16^j_row*(1-(j_row<=J16)*L16^j_row)*(j_row*G16<rset_s)+(1-(j_row<=I16)*K16^j_row)*(j_row<=J16)*L16^j_row*(j_row*tau_L_s<rset_s)) -> 1.5 | O16: =IF(O$8<N_st,1,0)*(1-(1-(O$8<=I16)*K16^O$8)*(1-(O$8<=J16)*L16^O$8)) -> 0.3 | P16: =IF(P$8<N_st,1,0)*(1-(1-(P$8<=I16)*K16^P$8)*(1-(P$8<=J16)*L16^P$8)) -> 0 | Q16: =IF(Q$8<N_st,1,0)*(1-(1-(Q$8<=I16)*K16^Q$8)*(1-(Q$8<=J16)*L16^Q$8)) -> 0 | R16: =IF(R$8<N_st,1,0)*(1-(1-(R$8<=I16)*K16^R$8)*(1-(R$8<=J16)*L16^R$8)) -> 0 | S16: =IF(S$8<N_st,1,0)*(1-(1-(S$8<=I16)*K16^S$8)*(1-(S$8<=J16)*L16^S$8)) -> 0 | T16: =IF(T$8<N_st,1,0)*(1-(1-(T$8<=I16)*K16^T$8)*(1-(T$8<=J16)*L16^T$8)) -> 0 | U16: =IF(U$8<N_st,1,0)*(1-(1-(U$8<=I16)*K16^U$8)*(1-(U$8<=J16)*L16^U$8)) -> 0 | V16: =IF(V$8<N_st,1,0)*(1-(1-(V$8<=I16)*K16^V$8)*(1-(V$8<=J16)*L16^V$8)) -> 0 | W16: =IF(W$8<N_st,1,0)*(1-(1-(W$8<=I16)*K16^W$8)*(1-(W$8<=J16)*L16^W$8)) -> 0 | X16: =IF(X$8<N_st,1,0)*(1-(1-(X$8<=I16)*K16^X$8)*(1-(X$8<=J16)*L16^X$8)) -> 0 | Y16: =IF(Y$8<N_st,1,0)*(1-(1-(Y$8<=I16)*K16^Y$8)*(1-(Y$8<=J16)*L16^Y$8)) -> 0 | Z16: =IF(Z$8<N_st,1,0)*(1-(1-(Z$8<=I16)*K16^Z$8)*(1-(Z$8<=J16)*L16^Z$8)) -> 0 | AA16: =IF(AA$8<N_st,1,0)*(1-(1-(AA$8<=I16)*K16^AA$8)*(1-(AA$8<=J16)*L16^AA$8)) -> 0 | AB16: =IF(AB$8<N_st,1,0)*(1-(1-(AB$8<=I16)*K16^AB$8)*(1-(AB$8<=J16)*L16^AB$8)) -> 0 | AC16: =IF(AC$8<N_st,1,0)*(1-(1-(AC$8<=I16)*K16^AC$8)*(1-(AC$8<=J16)*L16^AC$8)) -> 0 | AD16: =IF(AD$8<N_st,1,0)*(1-(1-(AD$8<=I16)*K16^AD$8)*(1-(AD$8<=J16)*L16^AD$8)) -> 0 | AE16: =IF(AE$8<N_st,1,0)*(1-(1-(AE$8<=I16)*K16^AE$8)*(1-(AE$8<=J16)*L16^AE$8)) -> 0 | AF16: =IF(AF$8<N_st,1,0)*(1-(1-(AF$8<=I16)*K16^AF$8)*(1-(AF$8<=J16)*L16^AF$8)) -> 0 | AG16: =IF(AG$8<N_st,1,0)*(1-(1-(AG$8<=I16)*K16^AG$8)*(1-(AG$8<=J16)*L16^AG$8)) -> 0 | AH16: =IF(AH$8<N_st,1,0)*(1-(1-(AH$8<=I16)*K16^AH$8)*(1-(AH$8<=J16)*L16^AH$8)) -> 0
A17: EPS_SC | B17: EPS_SC-1 | C17: 2 | D17: 1 | E17: 0 | F17: =(1/2_시험자료!$D$21)*(1-2_시험자료!$F$21) -> 0.29166667 | G17: =2_시험자료!G7 -> 481 | H17: =IF(E17=1,1000000000,texp2_s) -> 750 | I17: =FLOOR(MIN(t_fs_s,H17)/G17,1) -> 1 | J17: =IF(C17=1,FLOOR(t_fs_s/tau_L_s,1),0) -> 0 | K17: =IF(D17=1,1-p_cb,1) -> 0.3 | L17: =IF(C17=1,p_L,0) -> 0 | M17: =SUMPRODUCT(w_ie2,1-(1-(j_row<=I17)*K17^j_row)*(1-(j_row<=J17)*L17^j_row)) -> 0.3 | N17: =occ_st*SUMPRODUCT(w_ie2,(j_row<=I17)*K17^j_row*(j_row<=J17)*L17^j_row*(((j_row*G17<rset_s)+(j_row*tau_L_s<rset_s))>0)+(j_row<=I17)*K17^j_row*(1-(j_row<=J17)*L17^j_row)*(j_row*G17<rset_s)+(1-(j_row<=I17)*K17^j_row)*(j_row<=J17)*L17^j_row*(j_row*tau_L_s<rset_s)) -> 1.5 | O17: =IF(O$8<N_st,1,0)*(1-(1-(O$8<=I17)*K17^O$8)*(1-(O$8<=J17)*L17^O$8)) -> 0.3 | P17: =IF(P$8<N_st,1,0)*(1-(1-(P$8<=I17)*K17^P$8)*(1-(P$8<=J17)*L17^P$8)) -> 0 | Q17: =IF(Q$8<N_st,1,0)*(1-(1-(Q$8<=I17)*K17^Q$8)*(1-(Q$8<=J17)*L17^Q$8)) -> 0 | R17: =IF(R$8<N_st,1,0)*(1-(1-(R$8<=I17)*K17^R$8)*(1-(R$8<=J17)*L17^R$8)) -> 0 | S17: =IF(S$8<N_st,1,0)*(1-(1-(S$8<=I17)*K17^S$8)*(1-(S$8<=J17)*L17^S$8)) -> 0 | T17: =IF(T$8<N_st,1,0)*(1-(1-(T$8<=I17)*K17^T$8)*(1-(T$8<=J17)*L17^T$8)) -> 0 | U17: =IF(U$8<N_st,1,0)*(1-(1-(U$8<=I17)*K17^U$8)*(1-(U$8<=J17)*L17^U$8)) -> 0 | V17: =IF(V$8<N_st,1,0)*(1-(1-(V$8<=I17)*K17^V$8)*(1-(V$8<=J17)*L17^V$8)) -> 0 | W17: =IF(W$8<N_st,1,0)*(1-(1-(W$8<=I17)*K17^W$8)*(1-(W$8<=J17)*L17^W$8)) -> 0 | X17: =IF(X$8<N_st,1,0)*(1-(1-(X$8<=I17)*K17^X$8)*(1-(X$8<=J17)*L17^X$8)) -> 0 | Y17: =IF(Y$8<N_st,1,0)*(1-(1-(Y$8<=I17)*K17^Y$8)*(1-(Y$8<=J17)*L17^Y$8)) -> 0 | Z17: =IF(Z$8<N_st,1,0)*(1-(1-(Z$8<=I17)*K17^Z$8)*(1-(Z$8<=J17)*L17^Z$8)) -> 0 | AA17: =IF(AA$8<N_st,1,0)*(1-(1-(AA$8<=I17)*K17^AA$8)*(1-(AA$8<=J17)*L17^AA$8)) -> 0 | AB17: =IF(AB$8<N_st,1,0)*(1-(1-(AB$8<=I17)*K17^AB$8)*(1-(AB$8<=J17)*L17^AB$8)) -> 0 | AC17: =IF(AC$8<N_st,1,0)*(1-(1-(AC$8<=I17)*K17^AC$8)*(1-(AC$8<=J17)*L17^AC$8)) -> 0 | AD17: =IF(AD$8<N_st,1,0)*(1-(1-(AD$8<=I17)*K17^AD$8)*(1-(AD$8<=J17)*L17^AD$8)) -> 0 | AE17: =IF(AE$8<N_st,1,0)*(1-(1-(AE$8<=I17)*K17^AE$8)*(1-(AE$8<=J17)*L17^AE$8)) -> 0 | AF17: =IF(AF$8<N_st,1,0)*(1-(1-(AF$8<=I17)*K17^AF$8)*(1-(AF$8<=J17)*L17^AF$8)) -> 0 | AG17: =IF(AG$8<N_st,1,0)*(1-(1-(AG$8<=I17)*K17^AG$8)*(1-(AG$8<=J17)*L17^AG$8)) -> 0 | AH17: =IF(AH$8<N_st,1,0)*(1-(1-(AH$8<=I17)*K17^AH$8)*(1-(AH$8<=J17)*L17^AH$8)) -> 0
A18: EPS_SC | B18: EPS_SC-2 | C18: 1 | D18: 0 | E18: 1 | F18: =(1/2_시험자료!$D$21)*2_시험자료!$F$21 -> 0.041666667 | G18: =2_시험자료!G8 -> 1000000000 | H18: =IF(E18=1,1000000000,texp1_s) -> 1000000000 | I18: =FLOOR(MIN(t_fs_s,H18)/G18,1) -> 0 | J18: =IF(C18=1,FLOOR(t_fs_s/tau_L_s,1),0) -> 1 | K18: =IF(D18=1,1-p_cb,1) -> 1 | L18: =IF(C18=1,p_L,0) -> 0.15 | M18: =SUMPRODUCT(w_ie1,1-(1-(j_row<=I18)*K18^j_row)*(1-(j_row<=J18)*L18^j_row)) -> 0.14 | N18: =occ_st*SUMPRODUCT(w_ie1,(j_row<=I18)*K18^j_row*(j_row<=J18)*L18^j_row*(((j_row*G18<rset_s)+(j_row*tau_L_s<rset_s))>0)+(j_row<=I18)*K18^j_row*(1-(j_row<=J18)*L18^j_row)*(j_row*G18<rset_s)+(1-(j_row<=I18)*K18^j_row)*(j_row<=J18)*L18^j_row*(j_row*tau_L_s<rset_s)) -> 0.7 | O18: =IF(O$8<N_st,(N_st-O$8)/N_st,0)*(1-(1-(O$8<=I18)*K18^O$8)*(1-(O$8<=J18)*L18^O$8)) -> 0.14 | P18: =IF(P$8<N_st,(N_st-P$8)/N_st,0)*(1-(1-(P$8<=I18)*K18^P$8)*(1-(P$8<=J18)*L18^P$8)) -> 0 | Q18: =IF(Q$8<N_st,(N_st-Q$8)/N_st,0)*(1-(1-(Q$8<=I18)*K18^Q$8)*(1-(Q$8<=J18)*L18^Q$8)) -> 0 | R18: =IF(R$8<N_st,(N_st-R$8)/N_st,0)*(1-(1-(R$8<=I18)*K18^R$8)*(1-(R$8<=J18)*L18^R$8)) -> 0 | S18: =IF(S$8<N_st,(N_st-S$8)/N_st,0)*(1-(1-(S$8<=I18)*K18^S$8)*(1-(S$8<=J18)*L18^S$8)) -> 0 | T18: =IF(T$8<N_st,(N_st-T$8)/N_st,0)*(1-(1-(T$8<=I18)*K18^T$8)*(1-(T$8<=J18)*L18^T$8)) -> 0 | U18: =IF(U$8<N_st,(N_st-U$8)/N_st,0)*(1-(1-(U$8<=I18)*K18^U$8)*(1-(U$8<=J18)*L18^U$8)) -> 0 | V18: =IF(V$8<N_st,(N_st-V$8)/N_st,0)*(1-(1-(V$8<=I18)*K18^V$8)*(1-(V$8<=J18)*L18^V$8)) -> 0 | W18: =IF(W$8<N_st,(N_st-W$8)/N_st,0)*(1-(1-(W$8<=I18)*K18^W$8)*(1-(W$8<=J18)*L18^W$8)) -> 0 | X18: =IF(X$8<N_st,(N_st-X$8)/N_st,0)*(1-(1-(X$8<=I18)*K18^X$8)*(1-(X$8<=J18)*L18^X$8)) -> 0 | Y18: =IF(Y$8<N_st,(N_st-Y$8)/N_st,0)*(1-(1-(Y$8<=I18)*K18^Y$8)*(1-(Y$8<=J18)*L18^Y$8)) -> 0 | Z18: =IF(Z$8<N_st,(N_st-Z$8)/N_st,0)*(1-(1-(Z$8<=I18)*K18^Z$8)*(1-(Z$8<=J18)*L18^Z$8)) -> 0 | AA18: =IF(AA$8<N_st,(N_st-AA$8)/N_st,0)*(1-(1-(AA$8<=I18)*K18^AA$8)*(1-(AA$8<=J18)*L18^AA$8)) -> 0 | AB18: =IF(AB$8<N_st,(N_st-AB$8)/N_st,0)*(1-(1-(AB$8<=I18)*K18^AB$8)*(1-(AB$8<=J18)*L18^AB$8)) -> 0 | AC18: =IF(AC$8<N_st,(N_st-AC$8)/N_st,0)*(1-(1-(AC$8<=I18)*K18^AC$8)*(1-(AC$8<=J18)*L18^AC$8)) -> 0 | AD18: =IF(AD$8<N_st,(N_st-AD$8)/N_st,0)*(1-(1-(AD$8<=I18)*K18^AD$8)*(1-(AD$8<=J18)*L18^AD$8)) -> 0 | AE18: =IF(AE$8<N_st,(N_st-AE$8)/N_st,0)*(1-(1-(AE$8<=I18)*K18^AE$8)*(1-(AE$8<=J18)*L18^AE$8)) -> 0 | AF18: =IF(AF$8<N_st,(N_st-AF$8)/N_st,0)*(1-(1-(AF$8<=I18)*K18^AF$8)*(1-(AF$8<=J18)*L18^AF$8)) -> 0 | AG18: =IF(AG$8<N_st,(N_st-AG$8)/N_st,0)*(1-(1-(AG$8<=I18)*K18^AG$8)*(1-(AG$8<=J18)*L18^AG$8)) -> 0 | AH18: =IF(AH$8<N_st,(N_st-AH$8)/N_st,0)*(1-(1-(AH$8<=I18)*K18^AH$8)*(1-(AH$8<=J18)*L18^AH$8)) -> 0
A19: EPS_SC | B19: EPS_SC-2 | C19: 1 | D19: 0 | E19: 0 | F19: =(1/2_시험자료!$D$21)*(1-2_시험자료!$F$21) -> 0.29166667 | G19: =2_시험자료!G8 -> 1000000000 | H19: =IF(E19=1,1000000000,texp1_s) -> 1200 | I19: =FLOOR(MIN(t_fs_s,H19)/G19,1) -> 0 | J19: =IF(C19=1,FLOOR(t_fs_s/tau_L_s,1),0) -> 1 | K19: =IF(D19=1,1-p_cb,1) -> 1 | L19: =IF(C19=1,p_L,0) -> 0.15 | M19: =SUMPRODUCT(w_ie1,1-(1-(j_row<=I19)*K19^j_row)*(1-(j_row<=J19)*L19^j_row)) -> 0.14 | N19: =occ_st*SUMPRODUCT(w_ie1,(j_row<=I19)*K19^j_row*(j_row<=J19)*L19^j_row*(((j_row*G19<rset_s)+(j_row*tau_L_s<rset_s))>0)+(j_row<=I19)*K19^j_row*(1-(j_row<=J19)*L19^j_row)*(j_row*G19<rset_s)+(1-(j_row<=I19)*K19^j_row)*(j_row<=J19)*L19^j_row*(j_row*tau_L_s<rset_s)) -> 0.7 | O19: =IF(O$8<N_st,(N_st-O$8)/N_st,0)*(1-(1-(O$8<=I19)*K19^O$8)*(1-(O$8<=J19)*L19^O$8)) -> 0.14 | P19: =IF(P$8<N_st,(N_st-P$8)/N_st,0)*(1-(1-(P$8<=I19)*K19^P$8)*(1-(P$8<=J19)*L19^P$8)) -> 0 | Q19: =IF(Q$8<N_st,(N_st-Q$8)/N_st,0)*(1-(1-(Q$8<=I19)*K19^Q$8)*(1-(Q$8<=J19)*L19^Q$8)) -> 0 | R19: =IF(R$8<N_st,(N_st-R$8)/N_st,0)*(1-(1-(R$8<=I19)*K19^R$8)*(1-(R$8<=J19)*L19^R$8)) -> 0 | S19: =IF(S$8<N_st,(N_st-S$8)/N_st,0)*(1-(1-(S$8<=I19)*K19^S$8)*(1-(S$8<=J19)*L19^S$8)) -> 0 | T19: =IF(T$8<N_st,(N_st-T$8)/N_st,0)*(1-(1-(T$8<=I19)*K19^T$8)*(1-(T$8<=J19)*L19^T$8)) -> 0 | U19: =IF(U$8<N_st,(N_st-U$8)/N_st,0)*(1-(1-(U$8<=I19)*K19^U$8)*(1-(U$8<=J19)*L19^U$8)) -> 0 | V19: =IF(V$8<N_st,(N_st-V$8)/N_st,0)*(1-(1-(V$8<=I19)*K19^V$8)*(1-(V$8<=J19)*L19^V$8)) -> 0 | W19: =IF(W$8<N_st,(N_st-W$8)/N_st,0)*(1-(1-(W$8<=I19)*K19^W$8)*(1-(W$8<=J19)*L19^W$8)) -> 0 | X19: =IF(X$8<N_st,(N_st-X$8)/N_st,0)*(1-(1-(X$8<=I19)*K19^X$8)*(1-(X$8<=J19)*L19^X$8)) -> 0 | Y19: =IF(Y$8<N_st,(N_st-Y$8)/N_st,0)*(1-(1-(Y$8<=I19)*K19^Y$8)*(1-(Y$8<=J19)*L19^Y$8)) -> 0 | Z19: =IF(Z$8<N_st,(N_st-Z$8)/N_st,0)*(1-(1-(Z$8<=I19)*K19^Z$8)*(1-(Z$8<=J19)*L19^Z$8)) -> 0 | AA19: =IF(AA$8<N_st,(N_st-AA$8)/N_st,0)*(1-(1-(AA$8<=I19)*K19^AA$8)*(1-(AA$8<=J19)*L19^AA$8)) -> 0 | AB19: =IF(AB$8<N_st,(N_st-AB$8)/N_st,0)*(1-(1-(AB$8<=I19)*K19^AB$8)*(1-(AB$8<=J19)*L19^AB$8)) -> 0 | AC19: =IF(AC$8<N_st,(N_st-AC$8)/N_st,0)*(1-(1-(AC$8<=I19)*K19^AC$8)*(1-(AC$8<=J19)*L19^AC$8)) -> 0 | AD19: =IF(AD$8<N_st,(N_st-AD$8)/N_st,0)*(1-(1-(AD$8<=I19)*K19^AD$8)*(1-(AD$8<=J19)*L19^AD$8)) -> 0 | AE19: =IF(AE$8<N_st,(N_st-AE$8)/N_st,0)*(1-(1-(AE$8<=I19)*K19^AE$8)*(1-(AE$8<=J19)*L19^AE$8)) -> 0 | AF19: =IF(AF$8<N_st,(N_st-AF$8)/N_st,0)*(1-(1-(AF$8<=I19)*K19^AF$8)*(1-(AF$8<=J19)*L19^AF$8)) -> 0 | AG19: =IF(AG$8<N_st,(N_st-AG$8)/N_st,0)*(1-(1-(AG$8<=I19)*K19^AG$8)*(1-(AG$8<=J19)*L19^AG$8)) -> 0 | AH19: =IF(AH$8<N_st,(N_st-AH$8)/N_st,0)*(1-(1-(AH$8<=I19)*K19^AH$8)*(1-(AH$8<=J19)*L19^AH$8)) -> 0
A20: EPS_SC | B20: EPS_SC-2 | C20: 1 | D20: 1 | E20: 1 | F20: =(1/2_시험자료!$D$21)*2_시험자료!$F$21 -> 0.041666667 | G20: =2_시험자료!G8 -> 1000000000 | H20: =IF(E20=1,1000000000,texp1_s) -> 1000000000 | I20: =FLOOR(MIN(t_fs_s,H20)/G20,1) -> 0 | J20: =IF(C20=1,FLOOR(t_fs_s/tau_L_s,1),0) -> 1 | K20: =IF(D20=1,1-p_cb,1) -> 0.3 | L20: =IF(C20=1,p_L,0) -> 0.15 | M20: =SUMPRODUCT(w_ie1,1-(1-(j_row<=I20)*K20^j_row)*(1-(j_row<=J20)*L20^j_row)) -> 0.14 | N20: =occ_st*SUMPRODUCT(w_ie1,(j_row<=I20)*K20^j_row*(j_row<=J20)*L20^j_row*(((j_row*G20<rset_s)+(j_row*tau_L_s<rset_s))>0)+(j_row<=I20)*K20^j_row*(1-(j_row<=J20)*L20^j_row)*(j_row*G20<rset_s)+(1-(j_row<=I20)*K20^j_row)*(j_row<=J20)*L20^j_row*(j_row*tau_L_s<rset_s)) -> 0.7 | O20: =IF(O$8<N_st,(N_st-O$8)/N_st,0)*(1-(1-(O$8<=I20)*K20^O$8)*(1-(O$8<=J20)*L20^O$8)) -> 0.14 | P20: =IF(P$8<N_st,(N_st-P$8)/N_st,0)*(1-(1-(P$8<=I20)*K20^P$8)*(1-(P$8<=J20)*L20^P$8)) -> 0 | Q20: =IF(Q$8<N_st,(N_st-Q$8)/N_st,0)*(1-(1-(Q$8<=I20)*K20^Q$8)*(1-(Q$8<=J20)*L20^Q$8)) -> 0 | R20: =IF(R$8<N_st,(N_st-R$8)/N_st,0)*(1-(1-(R$8<=I20)*K20^R$8)*(1-(R$8<=J20)*L20^R$8)) -> 0 | S20: =IF(S$8<N_st,(N_st-S$8)/N_st,0)*(1-(1-(S$8<=I20)*K20^S$8)*(1-(S$8<=J20)*L20^S$8)) -> 0 | T20: =IF(T$8<N_st,(N_st-T$8)/N_st,0)*(1-(1-(T$8<=I20)*K20^T$8)*(1-(T$8<=J20)*L20^T$8)) -> 0 | U20: =IF(U$8<N_st,(N_st-U$8)/N_st,0)*(1-(1-(U$8<=I20)*K20^U$8)*(1-(U$8<=J20)*L20^U$8)) -> 0 | V20: =IF(V$8<N_st,(N_st-V$8)/N_st,0)*(1-(1-(V$8<=I20)*K20^V$8)*(1-(V$8<=J20)*L20^V$8)) -> 0 | W20: =IF(W$8<N_st,(N_st-W$8)/N_st,0)*(1-(1-(W$8<=I20)*K20^W$8)*(1-(W$8<=J20)*L20^W$8)) -> 0 | X20: =IF(X$8<N_st,(N_st-X$8)/N_st,0)*(1-(1-(X$8<=I20)*K20^X$8)*(1-(X$8<=J20)*L20^X$8)) -> 0 | Y20: =IF(Y$8<N_st,(N_st-Y$8)/N_st,0)*(1-(1-(Y$8<=I20)*K20^Y$8)*(1-(Y$8<=J20)*L20^Y$8)) -> 0 | Z20: =IF(Z$8<N_st,(N_st-Z$8)/N_st,0)*(1-(1-(Z$8<=I20)*K20^Z$8)*(1-(Z$8<=J20)*L20^Z$8)) -> 0 | AA20: =IF(AA$8<N_st,(N_st-AA$8)/N_st,0)*(1-(1-(AA$8<=I20)*K20^AA$8)*(1-(AA$8<=J20)*L20^AA$8)) -> 0 | AB20: =IF(AB$8<N_st,(N_st-AB$8)/N_st,0)*(1-(1-(AB$8<=I20)*K20^AB$8)*(1-(AB$8<=J20)*L20^AB$8)) -> 0 | AC20: =IF(AC$8<N_st,(N_st-AC$8)/N_st,0)*(1-(1-(AC$8<=I20)*K20^AC$8)*(1-(AC$8<=J20)*L20^AC$8)) -> 0 | AD20: =IF(AD$8<N_st,(N_st-AD$8)/N_st,0)*(1-(1-(AD$8<=I20)*K20^AD$8)*(1-(AD$8<=J20)*L20^AD$8)) -> 0 | AE20: =IF(AE$8<N_st,(N_st-AE$8)/N_st,0)*(1-(1-(AE$8<=I20)*K20^AE$8)*(1-(AE$8<=J20)*L20^AE$8)) -> 0 | AF20: =IF(AF$8<N_st,(N_st-AF$8)/N_st,0)*(1-(1-(AF$8<=I20)*K20^AF$8)*(1-(AF$8<=J20)*L20^AF$8)) -> 0 | AG20: =IF(AG$8<N_st,(N_st-AG$8)/N_st,0)*(1-(1-(AG$8<=I20)*K20^AG$8)*(1-(AG$8<=J20)*L20^AG$8)) -> 0 | AH20: =IF(AH$8<N_st,(N_st-AH$8)/N_st,0)*(1-(1-(AH$8<=I20)*K20^AH$8)*(1-(AH$8<=J20)*L20^AH$8)) -> 0
A21: EPS_SC | B21: EPS_SC-2 | C21: 1 | D21: 1 | E21: 0 | F21: =(1/2_시험자료!$D$21)*(1-2_시험자료!$F$21) -> 0.29166667 | G21: =2_시험자료!G8 -> 1000000000 | H21: =IF(E21=1,1000000000,texp1_s) -> 1200 | I21: =FLOOR(MIN(t_fs_s,H21)/G21,1) -> 0 | J21: =IF(C21=1,FLOOR(t_fs_s/tau_L_s,1),0) -> 1 | K21: =IF(D21=1,1-p_cb,1) -> 0.3 | L21: =IF(C21=1,p_L,0) -> 0.15 | M21: =SUMPRODUCT(w_ie1,1-(1-(j_row<=I21)*K21^j_row)*(1-(j_row<=J21)*L21^j_row)) -> 0.14 | N21: =occ_st*SUMPRODUCT(w_ie1,(j_row<=I21)*K21^j_row*(j_row<=J21)*L21^j_row*(((j_row*G21<rset_s)+(j_row*tau_L_s<rset_s))>0)+(j_row<=I21)*K21^j_row*(1-(j_row<=J21)*L21^j_row)*(j_row*G21<rset_s)+(1-(j_row<=I21)*K21^j_row)*(j_row<=J21)*L21^j_row*(j_row*tau_L_s<rset_s)) -> 0.7 | O21: =IF(O$8<N_st,(N_st-O$8)/N_st,0)*(1-(1-(O$8<=I21)*K21^O$8)*(1-(O$8<=J21)*L21^O$8)) -> 0.14 | P21: =IF(P$8<N_st,(N_st-P$8)/N_st,0)*(1-(1-(P$8<=I21)*K21^P$8)*(1-(P$8<=J21)*L21^P$8)) -> 0 | Q21: =IF(Q$8<N_st,(N_st-Q$8)/N_st,0)*(1-(1-(Q$8<=I21)*K21^Q$8)*(1-(Q$8<=J21)*L21^Q$8)) -> 0 | R21: =IF(R$8<N_st,(N_st-R$8)/N_st,0)*(1-(1-(R$8<=I21)*K21^R$8)*(1-(R$8<=J21)*L21^R$8)) -> 0 | S21: =IF(S$8<N_st,(N_st-S$8)/N_st,0)*(1-(1-(S$8<=I21)*K21^S$8)*(1-(S$8<=J21)*L21^S$8)) -> 0 | T21: =IF(T$8<N_st,(N_st-T$8)/N_st,0)*(1-(1-(T$8<=I21)*K21^T$8)*(1-(T$8<=J21)*L21^T$8)) -> 0 | U21: =IF(U$8<N_st,(N_st-U$8)/N_st,0)*(1-(1-(U$8<=I21)*K21^U$8)*(1-(U$8<=J21)*L21^U$8)) -> 0 | V21: =IF(V$8<N_st,(N_st-V$8)/N_st,0)*(1-(1-(V$8<=I21)*K21^V$8)*(1-(V$8<=J21)*L21^V$8)) -> 0 | W21: =IF(W$8<N_st,(N_st-W$8)/N_st,0)*(1-(1-(W$8<=I21)*K21^W$8)*(1-(W$8<=J21)*L21^W$8)) -> 0 | X21: =IF(X$8<N_st,(N_st-X$8)/N_st,0)*(1-(1-(X$8<=I21)*K21^X$8)*(1-(X$8<=J21)*L21^X$8)) -> 0 | Y21: =IF(Y$8<N_st,(N_st-Y$8)/N_st,0)*(1-(1-(Y$8<=I21)*K21^Y$8)*(1-(Y$8<=J21)*L21^Y$8)) -> 0 | Z21: =IF(Z$8<N_st,(N_st-Z$8)/N_st,0)*(1-(1-(Z$8<=I21)*K21^Z$8)*(1-(Z$8<=J21)*L21^Z$8)) -> 0 | AA21: =IF(AA$8<N_st,(N_st-AA$8)/N_st,0)*(1-(1-(AA$8<=I21)*K21^AA$8)*(1-(AA$8<=J21)*L21^AA$8)) -> 0 | AB21: =IF(AB$8<N_st,(N_st-AB$8)/N_st,0)*(1-(1-(AB$8<=I21)*K21^AB$8)*(1-(AB$8<=J21)*L21^AB$8)) -> 0 | AC21: =IF(AC$8<N_st,(N_st-AC$8)/N_st,0)*(1-(1-(AC$8<=I21)*K21^AC$8)*(1-(AC$8<=J21)*L21^AC$8)) -> 0 | AD21: =IF(AD$8<N_st,(N_st-AD$8)/N_st,0)*(1-(1-(AD$8<=I21)*K21^AD$8)*(1-(AD$8<=J21)*L21^AD$8)) -> 0 | AE21: =IF(AE$8<N_st,(N_st-AE$8)/N_st,0)*(1-(1-(AE$8<=I21)*K21^AE$8)*(1-(AE$8<=J21)*L21^AE$8)) -> 0 | AF21: =IF(AF$8<N_st,(N_st-AF$8)/N_st,0)*(1-(1-(AF$8<=I21)*K21^AF$8)*(1-(AF$8<=J21)*L21^AF$8)) -> 0 | AG21: =IF(AG$8<N_st,(N_st-AG$8)/N_st,0)*(1-(1-(AG$8<=I21)*K21^AG$8)*(1-(AG$8<=J21)*L21^AG$8)) -> 0 | AH21: =IF(AH$8<N_st,(N_st-AH$8)/N_st,0)*(1-(1-(AH$8<=I21)*K21^AH$8)*(1-(AH$8<=J21)*L21^AH$8)) -> 0
A22: EPS_SC | B22: EPS_SC-2 | C22: 2 | D22: 0 | E22: 1 | F22: =(1/2_시험자료!$D$21)*2_시험자료!$F$21 -> 0.041666667 | G22: =2_시험자료!G8 -> 1000000000 | H22: =IF(E22=1,1000000000,texp2_s) -> 1000000000 | I22: =FLOOR(MIN(t_fs_s,H22)/G22,1) -> 0 | J22: =IF(C22=1,FLOOR(t_fs_s/tau_L_s,1),0) -> 0 | K22: =IF(D22=1,1-p_cb,1) -> 1 | L22: =IF(C22=1,p_L,0) -> 0 | M22: =SUMPRODUCT(w_ie2,1-(1-(j_row<=I22)*K22^j_row)*(1-(j_row<=J22)*L22^j_row)) -> 0 | N22: =occ_st*SUMPRODUCT(w_ie2,(j_row<=I22)*K22^j_row*(j_row<=J22)*L22^j_row*(((j_row*G22<rset_s)+(j_row*tau_L_s<rset_s))>0)+(j_row<=I22)*K22^j_row*(1-(j_row<=J22)*L22^j_row)*(j_row*G22<rset_s)+(1-(j_row<=I22)*K22^j_row)*(j_row<=J22)*L22^j_row*(j_row*tau_L_s<rset_s)) -> 0 | O22: =IF(O$8<N_st,1,0)*(1-(1-(O$8<=I22)*K22^O$8)*(1-(O$8<=J22)*L22^O$8)) -> 0 | P22: =IF(P$8<N_st,1,0)*(1-(1-(P$8<=I22)*K22^P$8)*(1-(P$8<=J22)*L22^P$8)) -> 0 | Q22: =IF(Q$8<N_st,1,0)*(1-(1-(Q$8<=I22)*K22^Q$8)*(1-(Q$8<=J22)*L22^Q$8)) -> 0 | R22: =IF(R$8<N_st,1,0)*(1-(1-(R$8<=I22)*K22^R$8)*(1-(R$8<=J22)*L22^R$8)) -> 0 | S22: =IF(S$8<N_st,1,0)*(1-(1-(S$8<=I22)*K22^S$8)*(1-(S$8<=J22)*L22^S$8)) -> 0 | T22: =IF(T$8<N_st,1,0)*(1-(1-(T$8<=I22)*K22^T$8)*(1-(T$8<=J22)*L22^T$8)) -> 0 | U22: =IF(U$8<N_st,1,0)*(1-(1-(U$8<=I22)*K22^U$8)*(1-(U$8<=J22)*L22^U$8)) -> 0 | V22: =IF(V$8<N_st,1,0)*(1-(1-(V$8<=I22)*K22^V$8)*(1-(V$8<=J22)*L22^V$8)) -> 0 | W22: =IF(W$8<N_st,1,0)*(1-(1-(W$8<=I22)*K22^W$8)*(1-(W$8<=J22)*L22^W$8)) -> 0 | X22: =IF(X$8<N_st,1,0)*(1-(1-(X$8<=I22)*K22^X$8)*(1-(X$8<=J22)*L22^X$8)) -> 0 | Y22: =IF(Y$8<N_st,1,0)*(1-(1-(Y$8<=I22)*K22^Y$8)*(1-(Y$8<=J22)*L22^Y$8)) -> 0 | Z22: =IF(Z$8<N_st,1,0)*(1-(1-(Z$8<=I22)*K22^Z$8)*(1-(Z$8<=J22)*L22^Z$8)) -> 0 | AA22: =IF(AA$8<N_st,1,0)*(1-(1-(AA$8<=I22)*K22^AA$8)*(1-(AA$8<=J22)*L22^AA$8)) -> 0 | AB22: =IF(AB$8<N_st,1,0)*(1-(1-(AB$8<=I22)*K22^AB$8)*(1-(AB$8<=J22)*L22^AB$8)) -> 0 | AC22: =IF(AC$8<N_st,1,0)*(1-(1-(AC$8<=I22)*K22^AC$8)*(1-(AC$8<=J22)*L22^AC$8)) -> 0 | AD22: =IF(AD$8<N_st,1,0)*(1-(1-(AD$8<=I22)*K22^AD$8)*(1-(AD$8<=J22)*L22^AD$8)) -> 0 | AE22: =IF(AE$8<N_st,1,0)*(1-(1-(AE$8<=I22)*K22^AE$8)*(1-(AE$8<=J22)*L22^AE$8)) -> 0 | AF22: =IF(AF$8<N_st,1,0)*(1-(1-(AF$8<=I22)*K22^AF$8)*(1-(AF$8<=J22)*L22^AF$8)) -> 0 | AG22: =IF(AG$8<N_st,1,0)*(1-(1-(AG$8<=I22)*K22^AG$8)*(1-(AG$8<=J22)*L22^AG$8)) -> 0 | AH22: =IF(AH$8<N_st,1,0)*(1-(1-(AH$8<=I22)*K22^AH$8)*(1-(AH$8<=J22)*L22^AH$8)) -> 0
A23: EPS_SC | B23: EPS_SC-2 | C23: 2 | D23: 0 | E23: 0 | F23: =(1/2_시험자료!$D$21)*(1-2_시험자료!$F$21) -> 0.29166667 | G23: =2_시험자료!G8 -> 1000000000 | H23: =IF(E23=1,1000000000,texp2_s) -> 750 | I23: =FLOOR(MIN(t_fs_s,H23)/G23,1) -> 0 | J23: =IF(C23=1,FLOOR(t_fs_s/tau_L_s,1),0) -> 0 | K23: =IF(D23=1,1-p_cb,1) -> 1 | L23: =IF(C23=1,p_L,0) -> 0 | M23: =SUMPRODUCT(w_ie2,1-(1-(j_row<=I23)*K23^j_row)*(1-(j_row<=J23)*L23^j_row)) -> 0 | N23: =occ_st*SUMPRODUCT(w_ie2,(j_row<=I23)*K23^j_row*(j_row<=J23)*L23^j_row*(((j_row*G23<rset_s)+(j_row*tau_L_s<rset_s))>0)+(j_row<=I23)*K23^j_row*(1-(j_row<=J23)*L23^j_row)*(j_row*G23<rset_s)+(1-(j_row<=I23)*K23^j_row)*(j_row<=J23)*L23^j_row*(j_row*tau_L_s<rset_s)) -> 0 | O23: =IF(O$8<N_st,1,0)*(1-(1-(O$8<=I23)*K23^O$8)*(1-(O$8<=J23)*L23^O$8)) -> 0 | P23: =IF(P$8<N_st,1,0)*(1-(1-(P$8<=I23)*K23^P$8)*(1-(P$8<=J23)*L23^P$8)) -> 0 | Q23: =IF(Q$8<N_st,1,0)*(1-(1-(Q$8<=I23)*K23^Q$8)*(1-(Q$8<=J23)*L23^Q$8)) -> 0 | R23: =IF(R$8<N_st,1,0)*(1-(1-(R$8<=I23)*K23^R$8)*(1-(R$8<=J23)*L23^R$8)) -> 0 | S23: =IF(S$8<N_st,1,0)*(1-(1-(S$8<=I23)*K23^S$8)*(1-(S$8<=J23)*L23^S$8)) -> 0 | T23: =IF(T$8<N_st,1,0)*(1-(1-(T$8<=I23)*K23^T$8)*(1-(T$8<=J23)*L23^T$8)) -> 0 | U23: =IF(U$8<N_st,1,0)*(1-(1-(U$8<=I23)*K23^U$8)*(1-(U$8<=J23)*L23^U$8)) -> 0 | V23: =IF(V$8<N_st,1,0)*(1-(1-(V$8<=I23)*K23^V$8)*(1-(V$8<=J23)*L23^V$8)) -> 0 | W23: =IF(W$8<N_st,1,0)*(1-(1-(W$8<=I23)*K23^W$8)*(1-(W$8<=J23)*L23^W$8)) -> 0 | X23: =IF(X$8<N_st,1,0)*(1-(1-(X$8<=I23)*K23^X$8)*(1-(X$8<=J23)*L23^X$8)) -> 0 | Y23: =IF(Y$8<N_st,1,0)*(1-(1-(Y$8<=I23)*K23^Y$8)*(1-(Y$8<=J23)*L23^Y$8)) -> 0 | Z23: =IF(Z$8<N_st,1,0)*(1-(1-(Z$8<=I23)*K23^Z$8)*(1-(Z$8<=J23)*L23^Z$8)) -> 0 | AA23: =IF(AA$8<N_st,1,0)*(1-(1-(AA$8<=I23)*K23^AA$8)*(1-(AA$8<=J23)*L23^AA$8)) -> 0 | AB23: =IF(AB$8<N_st,1,0)*(1-(1-(AB$8<=I23)*K23^AB$8)*(1-(AB$8<=J23)*L23^AB$8)) -> 0 | AC23: =IF(AC$8<N_st,1,0)*(1-(1-(AC$8<=I23)*K23^AC$8)*(1-(AC$8<=J23)*L23^AC$8)) -> 0 | AD23: =IF(AD$8<N_st,1,0)*(1-(1-(AD$8<=I23)*K23^AD$8)*(1-(AD$8<=J23)*L23^AD$8)) -> 0 | AE23: =IF(AE$8<N_st,1,0)*(1-(1-(AE$8<=I23)*K23^AE$8)*(1-(AE$8<=J23)*L23^AE$8)) -> 0 | AF23: =IF(AF$8<N_st,1,0)*(1-(1-(AF$8<=I23)*K23^AF$8)*(1-(AF$8<=J23)*L23^AF$8)) -> 0 | AG23: =IF(AG$8<N_st,1,0)*(1-(1-(AG$8<=I23)*K23^AG$8)*(1-(AG$8<=J23)*L23^AG$8)) -> 0 | AH23: =IF(AH$8<N_st,1,0)*(1-(1-(AH$8<=I23)*K23^AH$8)*(1-(AH$8<=J23)*L23^AH$8)) -> 0
A24: EPS_SC | B24: EPS_SC-2 | C24: 2 | D24: 1 | E24: 1 | F24: =(1/2_시험자료!$D$21)*2_시험자료!$F$21 -> 0.041666667 | G24: =2_시험자료!G8 -> 1000000000 | H24: =IF(E24=1,1000000000,texp2_s) -> 1000000000 | I24: =FLOOR(MIN(t_fs_s,H24)/G24,1) -> 0 | J24: =IF(C24=1,FLOOR(t_fs_s/tau_L_s,1),0) -> 0 | K24: =IF(D24=1,1-p_cb,1) -> 0.3 | L24: =IF(C24=1,p_L,0) -> 0 | M24: =SUMPRODUCT(w_ie2,1-(1-(j_row<=I24)*K24^j_row)*(1-(j_row<=J24)*L24^j_row)) -> 0 | N24: =occ_st*SUMPRODUCT(w_ie2,(j_row<=I24)*K24^j_row*(j_row<=J24)*L24^j_row*(((j_row*G24<rset_s)+(j_row*tau_L_s<rset_s))>0)+(j_row<=I24)*K24^j_row*(1-(j_row<=J24)*L24^j_row)*(j_row*G24<rset_s)+(1-(j_row<=I24)*K24^j_row)*(j_row<=J24)*L24^j_row*(j_row*tau_L_s<rset_s)) -> 0 | O24: =IF(O$8<N_st,1,0)*(1-(1-(O$8<=I24)*K24^O$8)*(1-(O$8<=J24)*L24^O$8)) -> 0 | P24: =IF(P$8<N_st,1,0)*(1-(1-(P$8<=I24)*K24^P$8)*(1-(P$8<=J24)*L24^P$8)) -> 0 | Q24: =IF(Q$8<N_st,1,0)*(1-(1-(Q$8<=I24)*K24^Q$8)*(1-(Q$8<=J24)*L24^Q$8)) -> 0 | R24: =IF(R$8<N_st,1,0)*(1-(1-(R$8<=I24)*K24^R$8)*(1-(R$8<=J24)*L24^R$8)) -> 0 | S24: =IF(S$8<N_st,1,0)*(1-(1-(S$8<=I24)*K24^S$8)*(1-(S$8<=J24)*L24^S$8)) -> 0 | T24: =IF(T$8<N_st,1,0)*(1-(1-(T$8<=I24)*K24^T$8)*(1-(T$8<=J24)*L24^T$8)) -> 0 | U24: =IF(U$8<N_st,1,0)*(1-(1-(U$8<=I24)*K24^U$8)*(1-(U$8<=J24)*L24^U$8)) -> 0 | V24: =IF(V$8<N_st,1,0)*(1-(1-(V$8<=I24)*K24^V$8)*(1-(V$8<=J24)*L24^V$8)) -> 0 | W24: =IF(W$8<N_st,1,0)*(1-(1-(W$8<=I24)*K24^W$8)*(1-(W$8<=J24)*L24^W$8)) -> 0 | X24: =IF(X$8<N_st,1,0)*(1-(1-(X$8<=I24)*K24^X$8)*(1-(X$8<=J24)*L24^X$8)) -> 0 | Y24: =IF(Y$8<N_st,1,0)*(1-(1-(Y$8<=I24)*K24^Y$8)*(1-(Y$8<=J24)*L24^Y$8)) -> 0 | Z24: =IF(Z$8<N_st,1,0)*(1-(1-(Z$8<=I24)*K24^Z$8)*(1-(Z$8<=J24)*L24^Z$8)) -> 0 | AA24: =IF(AA$8<N_st,1,0)*(1-(1-(AA$8<=I24)*K24^AA$8)*(1-(AA$8<=J24)*L24^AA$8)) -> 0 | AB24: =IF(AB$8<N_st,1,0)*(1-(1-(AB$8<=I24)*K24^AB$8)*(1-(AB$8<=J24)*L24^AB$8)) -> 0 | AC24: =IF(AC$8<N_st,1,0)*(1-(1-(AC$8<=I24)*K24^AC$8)*(1-(AC$8<=J24)*L24^AC$8)) -> 0 | AD24: =IF(AD$8<N_st,1,0)*(1-(1-(AD$8<=I24)*K24^AD$8)*(1-(AD$8<=J24)*L24^AD$8)) -> 0 | AE24: =IF(AE$8<N_st,1,0)*(1-(1-(AE$8<=I24)*K24^AE$8)*(1-(AE$8<=J24)*L24^AE$8)) -> 0 | AF24: =IF(AF$8<N_st,1,0)*(1-(1-(AF$8<=I24)*K24^AF$8)*(1-(AF$8<=J24)*L24^AF$8)) -> 0 | AG24: =IF(AG$8<N_st,1,0)*(1-(1-(AG$8<=I24)*K24^AG$8)*(1-(AG$8<=J24)*L24^AG$8)) -> 0 | AH24: =IF(AH$8<N_st,1,0)*(1-(1-(AH$8<=I24)*K24^AH$8)*(1-(AH$8<=J24)*L24^AH$8)) -> 0
A25: EPS_SC | B25: EPS_SC-2 | C25: 2 | D25: 1 | E25: 0 | F25: =(1/2_시험자료!$D$21)*(1-2_시험자료!$F$21) -> 0.29166667 | G25: =2_시험자료!G8 -> 1000000000 | H25: =IF(E25=1,1000000000,texp2_s) -> 750 | I25: =FLOOR(MIN(t_fs_s,H25)/G25,1) -> 0 | J25: =IF(C25=1,FLOOR(t_fs_s/tau_L_s,1),0) -> 0 | K25: =IF(D25=1,1-p_cb,1) -> 0.3 | L25: =IF(C25=1,p_L,0) -> 0 | M25: =SUMPRODUCT(w_ie2,1-(1-(j_row<=I25)*K25^j_row)*(1-(j_row<=J25)*L25^j_row)) -> 0 | N25: =occ_st*SUMPRODUCT(w_ie2,(j_row<=I25)*K25^j_row*(j_row<=J25)*L25^j_row*(((j_row*G25<rset_s)+(j_row*tau_L_s<rset_s))>0)+(j_row<=I25)*K25^j_row*(1-(j_row<=J25)*L25^j_row)*(j_row*G25<rset_s)+(1-(j_row<=I25)*K25^j_row)*(j_row<=J25)*L25^j_row*(j_row*tau_L_s<rset_s)) -> 0 | O25: =IF(O$8<N_st,1,0)*(1-(1-(O$8<=I25)*K25^O$8)*(1-(O$8<=J25)*L25^O$8)) -> 0 | P25: =IF(P$8<N_st,1,0)*(1-(1-(P$8<=I25)*K25^P$8)*(1-(P$8<=J25)*L25^P$8)) -> 0 | Q25: =IF(Q$8<N_st,1,0)*(1-(1-(Q$8<=I25)*K25^Q$8)*(1-(Q$8<=J25)*L25^Q$8)) -> 0 | R25: =IF(R$8<N_st,1,0)*(1-(1-(R$8<=I25)*K25^R$8)*(1-(R$8<=J25)*L25^R$8)) -> 0 | S25: =IF(S$8<N_st,1,0)*(1-(1-(S$8<=I25)*K25^S$8)*(1-(S$8<=J25)*L25^S$8)) -> 0 | T25: =IF(T$8<N_st,1,0)*(1-(1-(T$8<=I25)*K25^T$8)*(1-(T$8<=J25)*L25^T$8)) -> 0 | U25: =IF(U$8<N_st,1,0)*(1-(1-(U$8<=I25)*K25^U$8)*(1-(U$8<=J25)*L25^U$8)) -> 0 | V25: =IF(V$8<N_st,1,0)*(1-(1-(V$8<=I25)*K25^V$8)*(1-(V$8<=J25)*L25^V$8)) -> 0 | W25: =IF(W$8<N_st,1,0)*(1-(1-(W$8<=I25)*K25^W$8)*(1-(W$8<=J25)*L25^W$8)) -> 0 | X25: =IF(X$8<N_st,1,0)*(1-(1-(X$8<=I25)*K25^X$8)*(1-(X$8<=J25)*L25^X$8)) -> 0 | Y25: =IF(Y$8<N_st,1,0)*(1-(1-(Y$8<=I25)*K25^Y$8)*(1-(Y$8<=J25)*L25^Y$8)) -> 0 | Z25: =IF(Z$8<N_st,1,0)*(1-(1-(Z$8<=I25)*K25^Z$8)*(1-(Z$8<=J25)*L25^Z$8)) -> 0 | AA25: =IF(AA$8<N_st,1,0)*(1-(1-(AA$8<=I25)*K25^AA$8)*(1-(AA$8<=J25)*L25^AA$8)) -> 0 | AB25: =IF(AB$8<N_st,1,0)*(1-(1-(AB$8<=I25)*K25^AB$8)*(1-(AB$8<=J25)*L25^AB$8)) -> 0 | AC25: =IF(AC$8<N_st,1,0)*(1-(1-(AC$8<=I25)*K25^AC$8)*(1-(AC$8<=J25)*L25^AC$8)) -> 0 | AD25: =IF(AD$8<N_st,1,0)*(1-(1-(AD$8<=I25)*K25^AD$8)*(1-(AD$8<=J25)*L25^AD$8)) -> 0 | AE25: =IF(AE$8<N_st,1,0)*(1-(1-(AE$8<=I25)*K25^AE$8)*(1-(AE$8<=J25)*L25^AE$8)) -> 0 | AF25: =IF(AF$8<N_st,1,0)*(1-(1-(AF$8<=I25)*K25^AF$8)*(1-(AF$8<=J25)*L25^AF$8)) -> 0 | AG25: =IF(AG$8<N_st,1,0)*(1-(1-(AG$8<=I25)*K25^AG$8)*(1-(AG$8<=J25)*L25^AG$8)) -> 0 | AH25: =IF(AH$8<N_st,1,0)*(1-(1-(AH$8<=I25)*K25^AH$8)*(1-(AH$8<=J25)*L25^AH$8)) -> 0
A26: EPS_SC | B26: EPS_SC-3 | C26: 1 | D26: 0 | E26: 1 | F26: =(1/2_시험자료!$D$21)*2_시험자료!$F$21 -> 0.041666667 | G26: =2_시험자료!G9 -> 487.5 | H26: =IF(E26=1,1000000000,texp1_s) -> 1000000000 | I26: =FLOOR(MIN(t_fs_s,H26)/G26,1) -> 1 | J26: =IF(C26=1,FLOOR(t_fs_s/tau_L_s,1),0) -> 1 | K26: =IF(D26=1,1-p_cb,1) -> 1 | L26: =IF(C26=1,p_L,0) -> 0.15 | M26: =SUMPRODUCT(w_ie1,1-(1-(j_row<=I26)*K26^j_row)*(1-(j_row<=J26)*L26^j_row)) -> 0.93333333 | N26: =occ_st*SUMPRODUCT(w_ie1,(j_row<=I26)*K26^j_row*(j_row<=J26)*L26^j_row*(((j_row*G26<rset_s)+(j_row*tau_L_s<rset_s))>0)+(j_row<=I26)*K26^j_row*(1-(j_row<=J26)*L26^j_row)*(j_row*G26<rset_s)+(1-(j_row<=I26)*K26^j_row)*(j_row<=J26)*L26^j_row*(j_row*tau_L_s<rset_s)) -> 4.6666667 | O26: =IF(O$8<N_st,(N_st-O$8)/N_st,0)*(1-(1-(O$8<=I26)*K26^O$8)*(1-(O$8<=J26)*L26^O$8)) -> 0.93333333 | P26: =IF(P$8<N_st,(N_st-P$8)/N_st,0)*(1-(1-(P$8<=I26)*K26^P$8)*(1-(P$8<=J26)*L26^P$8)) -> 0 | Q26: =IF(Q$8<N_st,(N_st-Q$8)/N_st,0)*(1-(1-(Q$8<=I26)*K26^Q$8)*(1-(Q$8<=J26)*L26^Q$8)) -> 0 | R26: =IF(R$8<N_st,(N_st-R$8)/N_st,0)*(1-(1-(R$8<=I26)*K26^R$8)*(1-(R$8<=J26)*L26^R$8)) -> 0 | S26: =IF(S$8<N_st,(N_st-S$8)/N_st,0)*(1-(1-(S$8<=I26)*K26^S$8)*(1-(S$8<=J26)*L26^S$8)) -> 0 | T26: =IF(T$8<N_st,(N_st-T$8)/N_st,0)*(1-(1-(T$8<=I26)*K26^T$8)*(1-(T$8<=J26)*L26^T$8)) -> 0 | U26: =IF(U$8<N_st,(N_st-U$8)/N_st,0)*(1-(1-(U$8<=I26)*K26^U$8)*(1-(U$8<=J26)*L26^U$8)) -> 0 | V26: =IF(V$8<N_st,(N_st-V$8)/N_st,0)*(1-(1-(V$8<=I26)*K26^V$8)*(1-(V$8<=J26)*L26^V$8)) -> 0 | W26: =IF(W$8<N_st,(N_st-W$8)/N_st,0)*(1-(1-(W$8<=I26)*K26^W$8)*(1-(W$8<=J26)*L26^W$8)) -> 0 | X26: =IF(X$8<N_st,(N_st-X$8)/N_st,0)*(1-(1-(X$8<=I26)*K26^X$8)*(1-(X$8<=J26)*L26^X$8)) -> 0 | Y26: =IF(Y$8<N_st,(N_st-Y$8)/N_st,0)*(1-(1-(Y$8<=I26)*K26^Y$8)*(1-(Y$8<=J26)*L26^Y$8)) -> 0 | Z26: =IF(Z$8<N_st,(N_st-Z$8)/N_st,0)*(1-(1-(Z$8<=I26)*K26^Z$8)*(1-(Z$8<=J26)*L26^Z$8)) -> 0 | AA26: =IF(AA$8<N_st,(N_st-AA$8)/N_st,0)*(1-(1-(AA$8<=I26)*K26^AA$8)*(1-(AA$8<=J26)*L26^AA$8)) -> 0 | AB26: =IF(AB$8<N_st,(N_st-AB$8)/N_st,0)*(1-(1-(AB$8<=I26)*K26^AB$8)*(1-(AB$8<=J26)*L26^AB$8)) -> 0 | AC26: =IF(AC$8<N_st,(N_st-AC$8)/N_st,0)*(1-(1-(AC$8<=I26)*K26^AC$8)*(1-(AC$8<=J26)*L26^AC$8)) -> 0 | AD26: =IF(AD$8<N_st,(N_st-AD$8)/N_st,0)*(1-(1-(AD$8<=I26)*K26^AD$8)*(1-(AD$8<=J26)*L26^AD$8)) -> 0 | AE26: =IF(AE$8<N_st,(N_st-AE$8)/N_st,0)*(1-(1-(AE$8<=I26)*K26^AE$8)*(1-(AE$8<=J26)*L26^AE$8)) -> 0 | AF26: =IF(AF$8<N_st,(N_st-AF$8)/N_st,0)*(1-(1-(AF$8<=I26)*K26^AF$8)*(1-(AF$8<=J26)*L26^AF$8)) -> 0 | AG26: =IF(AG$8<N_st,(N_st-AG$8)/N_st,0)*(1-(1-(AG$8<=I26)*K26^AG$8)*(1-(AG$8<=J26)*L26^AG$8)) -> 0 | AH26: =IF(AH$8<N_st,(N_st-AH$8)/N_st,0)*(1-(1-(AH$8<=I26)*K26^AH$8)*(1-(AH$8<=J26)*L26^AH$8)) -> 0
A27: EPS_SC | B27: EPS_SC-3 | C27: 1 | D27: 0 | E27: 0 | F27: =(1/2_시험자료!$D$21)*(1-2_시험자료!$F$21) -> 0.29166667 | G27: =2_시험자료!G9 -> 487.5 | H27: =IF(E27=1,1000000000,texp1_s) -> 1200 | I27: =FLOOR(MIN(t_fs_s,H27)/G27,1) -> 1 | J27: =IF(C27=1,FLOOR(t_fs_s/tau_L_s,1),0) -> 1 | K27: =IF(D27=1,1-p_cb,1) -> 1 | L27: =IF(C27=1,p_L,0) -> 0.15 | M27: =SUMPRODUCT(w_ie1,1-(1-(j_row<=I27)*K27^j_row)*(1-(j_row<=J27)*L27^j_row)) -> 0.93333333 | N27: =occ_st*SUMPRODUCT(w_ie1,(j_row<=I27)*K27^j_row*(j_row<=J27)*L27^j_row*(((j_row*G27<rset_s)+(j_row*tau_L_s<rset_s))>0)+(j_row<=I27)*K27^j_row*(1-(j_row<=J27)*L27^j_row)*(j_row*G27<rset_s)+(1-(j_row<=I27)*K27^j_row)*(j_row<=J27)*L27^j_row*(j_row*tau_L_s<rset_s)) -> 4.6666667 | O27: =IF(O$8<N_st,(N_st-O$8)/N_st,0)*(1-(1-(O$8<=I27)*K27^O$8)*(1-(O$8<=J27)*L27^O$8)) -> 0.93333333 | P27: =IF(P$8<N_st,(N_st-P$8)/N_st,0)*(1-(1-(P$8<=I27)*K27^P$8)*(1-(P$8<=J27)*L27^P$8)) -> 0 | Q27: =IF(Q$8<N_st,(N_st-Q$8)/N_st,0)*(1-(1-(Q$8<=I27)*K27^Q$8)*(1-(Q$8<=J27)*L27^Q$8)) -> 0 | R27: =IF(R$8<N_st,(N_st-R$8)/N_st,0)*(1-(1-(R$8<=I27)*K27^R$8)*(1-(R$8<=J27)*L27^R$8)) -> 0 | S27: =IF(S$8<N_st,(N_st-S$8)/N_st,0)*(1-(1-(S$8<=I27)*K27^S$8)*(1-(S$8<=J27)*L27^S$8)) -> 0 | T27: =IF(T$8<N_st,(N_st-T$8)/N_st,0)*(1-(1-(T$8<=I27)*K27^T$8)*(1-(T$8<=J27)*L27^T$8)) -> 0 | U27: =IF(U$8<N_st,(N_st-U$8)/N_st,0)*(1-(1-(U$8<=I27)*K27^U$8)*(1-(U$8<=J27)*L27^U$8)) -> 0 | V27: =IF(V$8<N_st,(N_st-V$8)/N_st,0)*(1-(1-(V$8<=I27)*K27^V$8)*(1-(V$8<=J27)*L27^V$8)) -> 0 | W27: =IF(W$8<N_st,(N_st-W$8)/N_st,0)*(1-(1-(W$8<=I27)*K27^W$8)*(1-(W$8<=J27)*L27^W$8)) -> 0 | X27: =IF(X$8<N_st,(N_st-X$8)/N_st,0)*(1-(1-(X$8<=I27)*K27^X$8)*(1-(X$8<=J27)*L27^X$8)) -> 0 | Y27: =IF(Y$8<N_st,(N_st-Y$8)/N_st,0)*(1-(1-(Y$8<=I27)*K27^Y$8)*(1-(Y$8<=J27)*L27^Y$8)) -> 0 | Z27: =IF(Z$8<N_st,(N_st-Z$8)/N_st,0)*(1-(1-(Z$8<=I27)*K27^Z$8)*(1-(Z$8<=J27)*L27^Z$8)) -> 0 | AA27: =IF(AA$8<N_st,(N_st-AA$8)/N_st,0)*(1-(1-(AA$8<=I27)*K27^AA$8)*(1-(AA$8<=J27)*L27^AA$8)) -> 0 | AB27: =IF(AB$8<N_st,(N_st-AB$8)/N_st,0)*(1-(1-(AB$8<=I27)*K27^AB$8)*(1-(AB$8<=J27)*L27^AB$8)) -> 0 | AC27: =IF(AC$8<N_st,(N_st-AC$8)/N_st,0)*(1-(1-(AC$8<=I27)*K27^AC$8)*(1-(AC$8<=J27)*L27^AC$8)) -> 0 | AD27: =IF(AD$8<N_st,(N_st-AD$8)/N_st,0)*(1-(1-(AD$8<=I27)*K27^AD$8)*(1-(AD$8<=J27)*L27^AD$8)) -> 0 | AE27: =IF(AE$8<N_st,(N_st-AE$8)/N_st,0)*(1-(1-(AE$8<=I27)*K27^AE$8)*(1-(AE$8<=J27)*L27^AE$8)) -> 0 | AF27: =IF(AF$8<N_st,(N_st-AF$8)/N_st,0)*(1-(1-(AF$8<=I27)*K27^AF$8)*(1-(AF$8<=J27)*L27^AF$8)) -> 0 | AG27: =IF(AG$8<N_st,(N_st-AG$8)/N_st,0)*(1-(1-(AG$8<=I27)*K27^AG$8)*(1-(AG$8<=J27)*L27^AG$8)) -> 0 | AH27: =IF(AH$8<N_st,(N_st-AH$8)/N_st,0)*(1-(1-(AH$8<=I27)*K27^AH$8)*(1-(AH$8<=J27)*L27^AH$8)) -> 0
A28: EPS_SC | B28: EPS_SC-3 | C28: 1 | D28: 1 | E28: 1 | F28: =(1/2_시험자료!$D$21)*2_시험자료!$F$21 -> 0.041666667 | G28: =2_시험자료!G9 -> 487.5 | H28: =IF(E28=1,1000000000,texp1_s) -> 1000000000 | I28: =FLOOR(MIN(t_fs_s,H28)/G28,1) -> 1 | J28: =IF(C28=1,FLOOR(t_fs_s/tau_L_s,1),0) -> 1 | K28: =IF(D28=1,1-p_cb,1) -> 0.3 | L28: =IF(C28=1,p_L,0) -> 0.15 | M28: =SUMPRODUCT(w_ie1,1-(1-(j_row<=I28)*K28^j_row)*(1-(j_row<=J28)*L28^j_row)) -> 0.378 | N28: =occ_st*SUMPRODUCT(w_ie1,(j_row<=I28)*K28^j_row*(j_row<=J28)*L28^j_row*(((j_row*G28<rset_s)+(j_row*tau_L_s<rset_s))>0)+(j_row<=I28)*K28^j_row*(1-(j_row<=J28)*L28^j_row)*(j_row*G28<rset_s)+(1-(j_row<=I28)*K28^j_row)*(j_row<=J28)*L28^j_row*(j_row*tau_L_s<rset_s)) -> 1.89 | O28: =IF(O$8<N_st,(N_st-O$8)/N_st,0)*(1-(1-(O$8<=I28)*K28^O$8)*(1-(O$8<=J28)*L28^O$8)) -> 0.378 | P28: =IF(P$8<N_st,(N_st-P$8)/N_st,0)*(1-(1-(P$8<=I28)*K28^P$8)*(1-(P$8<=J28)*L28^P$8)) -> 0 | Q28: =IF(Q$8<N_st,(N_st-Q$8)/N_st,0)*(1-(1-(Q$8<=I28)*K28^Q$8)*(1-(Q$8<=J28)*L28^Q$8)) -> 0 | R28: =IF(R$8<N_st,(N_st-R$8)/N_st,0)*(1-(1-(R$8<=I28)*K28^R$8)*(1-(R$8<=J28)*L28^R$8)) -> 0 | S28: =IF(S$8<N_st,(N_st-S$8)/N_st,0)*(1-(1-(S$8<=I28)*K28^S$8)*(1-(S$8<=J28)*L28^S$8)) -> 0 | T28: =IF(T$8<N_st,(N_st-T$8)/N_st,0)*(1-(1-(T$8<=I28)*K28^T$8)*(1-(T$8<=J28)*L28^T$8)) -> 0 | U28: =IF(U$8<N_st,(N_st-U$8)/N_st,0)*(1-(1-(U$8<=I28)*K28^U$8)*(1-(U$8<=J28)*L28^U$8)) -> 0 | V28: =IF(V$8<N_st,(N_st-V$8)/N_st,0)*(1-(1-(V$8<=I28)*K28^V$8)*(1-(V$8<=J28)*L28^V$8)) -> 0 | W28: =IF(W$8<N_st,(N_st-W$8)/N_st,0)*(1-(1-(W$8<=I28)*K28^W$8)*(1-(W$8<=J28)*L28^W$8)) -> 0 | X28: =IF(X$8<N_st,(N_st-X$8)/N_st,0)*(1-(1-(X$8<=I28)*K28^X$8)*(1-(X$8<=J28)*L28^X$8)) -> 0 | Y28: =IF(Y$8<N_st,(N_st-Y$8)/N_st,0)*(1-(1-(Y$8<=I28)*K28^Y$8)*(1-(Y$8<=J28)*L28^Y$8)) -> 0 | Z28: =IF(Z$8<N_st,(N_st-Z$8)/N_st,0)*(1-(1-(Z$8<=I28)*K28^Z$8)*(1-(Z$8<=J28)*L28^Z$8)) -> 0 | AA28: =IF(AA$8<N_st,(N_st-AA$8)/N_st,0)*(1-(1-(AA$8<=I28)*K28^AA$8)*(1-(AA$8<=J28)*L28^AA$8)) -> 0 | AB28: =IF(AB$8<N_st,(N_st-AB$8)/N_st,0)*(1-(1-(AB$8<=I28)*K28^AB$8)*(1-(AB$8<=J28)*L28^AB$8)) -> 0 | AC28: =IF(AC$8<N_st,(N_st-AC$8)/N_st,0)*(1-(1-(AC$8<=I28)*K28^AC$8)*(1-(AC$8<=J28)*L28^AC$8)) -> 0 | AD28: =IF(AD$8<N_st,(N_st-AD$8)/N_st,0)*(1-(1-(AD$8<=I28)*K28^AD$8)*(1-(AD$8<=J28)*L28^AD$8)) -> 0 | AE28: =IF(AE$8<N_st,(N_st-AE$8)/N_st,0)*(1-(1-(AE$8<=I28)*K28^AE$8)*(1-(AE$8<=J28)*L28^AE$8)) -> 0 | AF28: =IF(AF$8<N_st,(N_st-AF$8)/N_st,0)*(1-(1-(AF$8<=I28)*K28^AF$8)*(1-(AF$8<=J28)*L28^AF$8)) -> 0 | AG28: =IF(AG$8<N_st,(N_st-AG$8)/N_st,0)*(1-(1-(AG$8<=I28)*K28^AG$8)*(1-(AG$8<=J28)*L28^AG$8)) -> 0 | AH28: =IF(AH$8<N_st,(N_st-AH$8)/N_st,0)*(1-(1-(AH$8<=I28)*K28^AH$8)*(1-(AH$8<=J28)*L28^AH$8)) -> 0
A29: EPS_SC | B29: EPS_SC-3 | C29: 1 | D29: 1 | E29: 0 | F29: =(1/2_시험자료!$D$21)*(1-2_시험자료!$F$21) -> 0.29166667 | G29: =2_시험자료!G9 -> 487.5 | H29: =IF(E29=1,1000000000,texp1_s) -> 1200 | I29: =FLOOR(MIN(t_fs_s,H29)/G29,1) -> 1 | J29: =IF(C29=1,FLOOR(t_fs_s/tau_L_s,1),0) -> 1 | K29: =IF(D29=1,1-p_cb,1) -> 0.3 | L29: =IF(C29=1,p_L,0) -> 0.15 | M29: =SUMPRODUCT(w_ie1,1-(1-(j_row<=I29)*K29^j_row)*(1-(j_row<=J29)*L29^j_row)) -> 0.378 | N29: =occ_st*SUMPRODUCT(w_ie1,(j_row<=I29)*K29^j_row*(j_row<=J29)*L29^j_row*(((j_row*G29<rset_s)+(j_row*tau_L_s<rset_s))>0)+(j_row<=I29)*K29^j_row*(1-(j_row<=J29)*L29^j_row)*(j_row*G29<rset_s)+(1-(j_row<=I29)*K29^j_row)*(j_row<=J29)*L29^j_row*(j_row*tau_L_s<rset_s)) -> 1.89 | O29: =IF(O$8<N_st,(N_st-O$8)/N_st,0)*(1-(1-(O$8<=I29)*K29^O$8)*(1-(O$8<=J29)*L29^O$8)) -> 0.378 | P29: =IF(P$8<N_st,(N_st-P$8)/N_st,0)*(1-(1-(P$8<=I29)*K29^P$8)*(1-(P$8<=J29)*L29^P$8)) -> 0 | Q29: =IF(Q$8<N_st,(N_st-Q$8)/N_st,0)*(1-(1-(Q$8<=I29)*K29^Q$8)*(1-(Q$8<=J29)*L29^Q$8)) -> 0 | R29: =IF(R$8<N_st,(N_st-R$8)/N_st,0)*(1-(1-(R$8<=I29)*K29^R$8)*(1-(R$8<=J29)*L29^R$8)) -> 0 | S29: =IF(S$8<N_st,(N_st-S$8)/N_st,0)*(1-(1-(S$8<=I29)*K29^S$8)*(1-(S$8<=J29)*L29^S$8)) -> 0 | T29: =IF(T$8<N_st,(N_st-T$8)/N_st,0)*(1-(1-(T$8<=I29)*K29^T$8)*(1-(T$8<=J29)*L29^T$8)) -> 0 | U29: =IF(U$8<N_st,(N_st-U$8)/N_st,0)*(1-(1-(U$8<=I29)*K29^U$8)*(1-(U$8<=J29)*L29^U$8)) -> 0 | V29: =IF(V$8<N_st,(N_st-V$8)/N_st,0)*(1-(1-(V$8<=I29)*K29^V$8)*(1-(V$8<=J29)*L29^V$8)) -> 0 | W29: =IF(W$8<N_st,(N_st-W$8)/N_st,0)*(1-(1-(W$8<=I29)*K29^W$8)*(1-(W$8<=J29)*L29^W$8)) -> 0 | X29: =IF(X$8<N_st,(N_st-X$8)/N_st,0)*(1-(1-(X$8<=I29)*K29^X$8)*(1-(X$8<=J29)*L29^X$8)) -> 0 | Y29: =IF(Y$8<N_st,(N_st-Y$8)/N_st,0)*(1-(1-(Y$8<=I29)*K29^Y$8)*(1-(Y$8<=J29)*L29^Y$8)) -> 0 | Z29: =IF(Z$8<N_st,(N_st-Z$8)/N_st,0)*(1-(1-(Z$8<=I29)*K29^Z$8)*(1-(Z$8<=J29)*L29^Z$8)) -> 0 | AA29: =IF(AA$8<N_st,(N_st-AA$8)/N_st,0)*(1-(1-(AA$8<=I29)*K29^AA$8)*(1-(AA$8<=J29)*L29^AA$8)) -> 0 | AB29: =IF(AB$8<N_st,(N_st-AB$8)/N_st,0)*(1-(1-(AB$8<=I29)*K29^AB$8)*(1-(AB$8<=J29)*L29^AB$8)) -> 0 | AC29: =IF(AC$8<N_st,(N_st-AC$8)/N_st,0)*(1-(1-(AC$8<=I29)*K29^AC$8)*(1-(AC$8<=J29)*L29^AC$8)) -> 0 | AD29: =IF(AD$8<N_st,(N_st-AD$8)/N_st,0)*(1-(1-(AD$8<=I29)*K29^AD$8)*(1-(AD$8<=J29)*L29^AD$8)) -> 0 | AE29: =IF(AE$8<N_st,(N_st-AE$8)/N_st,0)*(1-(1-(AE$8<=I29)*K29^AE$8)*(1-(AE$8<=J29)*L29^AE$8)) -> 0 | AF29: =IF(AF$8<N_st,(N_st-AF$8)/N_st,0)*(1-(1-(AF$8<=I29)*K29^AF$8)*(1-(AF$8<=J29)*L29^AF$8)) -> 0 | AG29: =IF(AG$8<N_st,(N_st-AG$8)/N_st,0)*(1-(1-(AG$8<=I29)*K29^AG$8)*(1-(AG$8<=J29)*L29^AG$8)) -> 0 | AH29: =IF(AH$8<N_st,(N_st-AH$8)/N_st,0)*(1-(1-(AH$8<=I29)*K29^AH$8)*(1-(AH$8<=J29)*L29^AH$8)) -> 0
A30: EPS_SC | B30: EPS_SC-3 | C30: 2 | D30: 0 | E30: 1 | F30: =(1/2_시험자료!$D$21)*2_시험자료!$F$21 -> 0.041666667 | G30: =2_시험자료!G9 -> 487.5 | H30: =IF(E30=1,1000000000,texp2_s) -> 1000000000 | I30: =FLOOR(MIN(t_fs_s,H30)/G30,1) -> 1 | J30: =IF(C30=1,FLOOR(t_fs_s/tau_L_s,1),0) -> 0 | K30: =IF(D30=1,1-p_cb,1) -> 1 | L30: =IF(C30=1,p_L,0) -> 0 | M30: =SUMPRODUCT(w_ie2,1-(1-(j_row<=I30)*K30^j_row)*(1-(j_row<=J30)*L30^j_row)) -> 1 | N30: =occ_st*SUMPRODUCT(w_ie2,(j_row<=I30)*K30^j_row*(j_row<=J30)*L30^j_row*(((j_row*G30<rset_s)+(j_row*tau_L_s<rset_s))>0)+(j_row<=I30)*K30^j_row*(1-(j_row<=J30)*L30^j_row)*(j_row*G30<rset_s)+(1-(j_row<=I30)*K30^j_row)*(j_row<=J30)*L30^j_row*(j_row*tau_L_s<rset_s)) -> 5 | O30: =IF(O$8<N_st,1,0)*(1-(1-(O$8<=I30)*K30^O$8)*(1-(O$8<=J30)*L30^O$8)) -> 1 | P30: =IF(P$8<N_st,1,0)*(1-(1-(P$8<=I30)*K30^P$8)*(1-(P$8<=J30)*L30^P$8)) -> 0 | Q30: =IF(Q$8<N_st,1,0)*(1-(1-(Q$8<=I30)*K30^Q$8)*(1-(Q$8<=J30)*L30^Q$8)) -> 0 | R30: =IF(R$8<N_st,1,0)*(1-(1-(R$8<=I30)*K30^R$8)*(1-(R$8<=J30)*L30^R$8)) -> 0 | S30: =IF(S$8<N_st,1,0)*(1-(1-(S$8<=I30)*K30^S$8)*(1-(S$8<=J30)*L30^S$8)) -> 0 | T30: =IF(T$8<N_st,1,0)*(1-(1-(T$8<=I30)*K30^T$8)*(1-(T$8<=J30)*L30^T$8)) -> 0 | U30: =IF(U$8<N_st,1,0)*(1-(1-(U$8<=I30)*K30^U$8)*(1-(U$8<=J30)*L30^U$8)) -> 0 | V30: =IF(V$8<N_st,1,0)*(1-(1-(V$8<=I30)*K30^V$8)*(1-(V$8<=J30)*L30^V$8)) -> 0 | W30: =IF(W$8<N_st,1,0)*(1-(1-(W$8<=I30)*K30^W$8)*(1-(W$8<=J30)*L30^W$8)) -> 0 | X30: =IF(X$8<N_st,1,0)*(1-(1-(X$8<=I30)*K30^X$8)*(1-(X$8<=J30)*L30^X$8)) -> 0 | Y30: =IF(Y$8<N_st,1,0)*(1-(1-(Y$8<=I30)*K30^Y$8)*(1-(Y$8<=J30)*L30^Y$8)) -> 0 | Z30: =IF(Z$8<N_st,1,0)*(1-(1-(Z$8<=I30)*K30^Z$8)*(1-(Z$8<=J30)*L30^Z$8)) -> 0 | AA30: =IF(AA$8<N_st,1,0)*(1-(1-(AA$8<=I30)*K30^AA$8)*(1-(AA$8<=J30)*L30^AA$8)) -> 0 | AB30: =IF(AB$8<N_st,1,0)*(1-(1-(AB$8<=I30)*K30^AB$8)*(1-(AB$8<=J30)*L30^AB$8)) -> 0 | AC30: =IF(AC$8<N_st,1,0)*(1-(1-(AC$8<=I30)*K30^AC$8)*(1-(AC$8<=J30)*L30^AC$8)) -> 0 | AD30: =IF(AD$8<N_st,1,0)*(1-(1-(AD$8<=I30)*K30^AD$8)*(1-(AD$8<=J30)*L30^AD$8)) -> 0 | AE30: =IF(AE$8<N_st,1,0)*(1-(1-(AE$8<=I30)*K30^AE$8)*(1-(AE$8<=J30)*L30^AE$8)) -> 0 | AF30: =IF(AF$8<N_st,1,0)*(1-(1-(AF$8<=I30)*K30^AF$8)*(1-(AF$8<=J30)*L30^AF$8)) -> 0 | AG30: =IF(AG$8<N_st,1,0)*(1-(1-(AG$8<=I30)*K30^AG$8)*(1-(AG$8<=J30)*L30^AG$8)) -> 0 | AH30: =IF(AH$8<N_st,1,0)*(1-(1-(AH$8<=I30)*K30^AH$8)*(1-(AH$8<=J30)*L30^AH$8)) -> 0
A31: EPS_SC | B31: EPS_SC-3 | C31: 2 | D31: 0 | E31: 0 | F31: =(1/2_시험자료!$D$21)*(1-2_시험자료!$F$21) -> 0.29166667 | G31: =2_시험자료!G9 -> 487.5 | H31: =IF(E31=1,1000000000,texp2_s) -> 750 | I31: =FLOOR(MIN(t_fs_s,H31)/G31,1) -> 1 | J31: =IF(C31=1,FLOOR(t_fs_s/tau_L_s,1),0) -> 0 | K31: =IF(D31=1,1-p_cb,1) -> 1 | L31: =IF(C31=1,p_L,0) -> 0 | M31: =SUMPRODUCT(w_ie2,1-(1-(j_row<=I31)*K31^j_row)*(1-(j_row<=J31)*L31^j_row)) -> 1 | N31: =occ_st*SUMPRODUCT(w_ie2,(j_row<=I31)*K31^j_row*(j_row<=J31)*L31^j_row*(((j_row*G31<rset_s)+(j_row*tau_L_s<rset_s))>0)+(j_row<=I31)*K31^j_row*(1-(j_row<=J31)*L31^j_row)*(j_row*G31<rset_s)+(1-(j_row<=I31)*K31^j_row)*(j_row<=J31)*L31^j_row*(j_row*tau_L_s<rset_s)) -> 5 | O31: =IF(O$8<N_st,1,0)*(1-(1-(O$8<=I31)*K31^O$8)*(1-(O$8<=J31)*L31^O$8)) -> 1 | P31: =IF(P$8<N_st,1,0)*(1-(1-(P$8<=I31)*K31^P$8)*(1-(P$8<=J31)*L31^P$8)) -> 0 | Q31: =IF(Q$8<N_st,1,0)*(1-(1-(Q$8<=I31)*K31^Q$8)*(1-(Q$8<=J31)*L31^Q$8)) -> 0 | R31: =IF(R$8<N_st,1,0)*(1-(1-(R$8<=I31)*K31^R$8)*(1-(R$8<=J31)*L31^R$8)) -> 0 | S31: =IF(S$8<N_st,1,0)*(1-(1-(S$8<=I31)*K31^S$8)*(1-(S$8<=J31)*L31^S$8)) -> 0 | T31: =IF(T$8<N_st,1,0)*(1-(1-(T$8<=I31)*K31^T$8)*(1-(T$8<=J31)*L31^T$8)) -> 0 | U31: =IF(U$8<N_st,1,0)*(1-(1-(U$8<=I31)*K31^U$8)*(1-(U$8<=J31)*L31^U$8)) -> 0 | V31: =IF(V$8<N_st,1,0)*(1-(1-(V$8<=I31)*K31^V$8)*(1-(V$8<=J31)*L31^V$8)) -> 0 | W31: =IF(W$8<N_st,1,0)*(1-(1-(W$8<=I31)*K31^W$8)*(1-(W$8<=J31)*L31^W$8)) -> 0 | X31: =IF(X$8<N_st,1,0)*(1-(1-(X$8<=I31)*K31^X$8)*(1-(X$8<=J31)*L31^X$8)) -> 0 | Y31: =IF(Y$8<N_st,1,0)*(1-(1-(Y$8<=I31)*K31^Y$8)*(1-(Y$8<=J31)*L31^Y$8)) -> 0 | Z31: =IF(Z$8<N_st,1,0)*(1-(1-(Z$8<=I31)*K31^Z$8)*(1-(Z$8<=J31)*L31^Z$8)) -> 0 | AA31: =IF(AA$8<N_st,1,0)*(1-(1-(AA$8<=I31)*K31^AA$8)*(1-(AA$8<=J31)*L31^AA$8)) -> 0 | AB31: =IF(AB$8<N_st,1,0)*(1-(1-(AB$8<=I31)*K31^AB$8)*(1-(AB$8<=J31)*L31^AB$8)) -> 0 | AC31: =IF(AC$8<N_st,1,0)*(1-(1-(AC$8<=I31)*K31^AC$8)*(1-(AC$8<=J31)*L31^AC$8)) -> 0 | AD31: =IF(AD$8<N_st,1,0)*(1-(1-(AD$8<=I31)*K31^AD$8)*(1-(AD$8<=J31)*L31^AD$8)) -> 0 | AE31: =IF(AE$8<N_st,1,0)*(1-(1-(AE$8<=I31)*K31^AE$8)*(1-(AE$8<=J31)*L31^AE$8)) -> 0 | AF31: =IF(AF$8<N_st,1,0)*(1-(1-(AF$8<=I31)*K31^AF$8)*(1-(AF$8<=J31)*L31^AF$8)) -> 0 | AG31: =IF(AG$8<N_st,1,0)*(1-(1-(AG$8<=I31)*K31^AG$8)*(1-(AG$8<=J31)*L31^AG$8)) -> 0 | AH31: =IF(AH$8<N_st,1,0)*(1-(1-(AH$8<=I31)*K31^AH$8)*(1-(AH$8<=J31)*L31^AH$8)) -> 0
A32: EPS_SC | B32: EPS_SC-3 | C32: 2 | D32: 1 | E32: 1 | F32: =(1/2_시험자료!$D$21)*2_시험자료!$F$21 -> 0.041666667 | G32: =2_시험자료!G9 -> 487.5 | H32: =IF(E32=1,1000000000,texp2_s) -> 1000000000 | I32: =FLOOR(MIN(t_fs_s,H32)/G32,1) -> 1 | J32: =IF(C32=1,FLOOR(t_fs_s/tau_L_s,1),0) -> 0 | K32: =IF(D32=1,1-p_cb,1) -> 0.3 | L32: =IF(C32=1,p_L,0) -> 0 | M32: =SUMPRODUCT(w_ie2,1-(1-(j_row<=I32)*K32^j_row)*(1-(j_row<=J32)*L32^j_row)) -> 0.3 | N32: =occ_st*SUMPRODUCT(w_ie2,(j_row<=I32)*K32^j_row*(j_row<=J32)*L32^j_row*(((j_row*G32<rset_s)+(j_row*tau_L_s<rset_s))>0)+(j_row<=I32)*K32^j_row*(1-(j_row<=J32)*L32^j_row)*(j_row*G32<rset_s)+(1-(j_row<=I32)*K32^j_row)*(j_row<=J32)*L32^j_row*(j_row*tau_L_s<rset_s)) -> 1.5 | O32: =IF(O$8<N_st,1,0)*(1-(1-(O$8<=I32)*K32^O$8)*(1-(O$8<=J32)*L32^O$8)) -> 0.3 | P32: =IF(P$8<N_st,1,0)*(1-(1-(P$8<=I32)*K32^P$8)*(1-(P$8<=J32)*L32^P$8)) -> 0 | Q32: =IF(Q$8<N_st,1,0)*(1-(1-(Q$8<=I32)*K32^Q$8)*(1-(Q$8<=J32)*L32^Q$8)) -> 0 | R32: =IF(R$8<N_st,1,0)*(1-(1-(R$8<=I32)*K32^R$8)*(1-(R$8<=J32)*L32^R$8)) -> 0 | S32: =IF(S$8<N_st,1,0)*(1-(1-(S$8<=I32)*K32^S$8)*(1-(S$8<=J32)*L32^S$8)) -> 0 | T32: =IF(T$8<N_st,1,0)*(1-(1-(T$8<=I32)*K32^T$8)*(1-(T$8<=J32)*L32^T$8)) -> 0 | U32: =IF(U$8<N_st,1,0)*(1-(1-(U$8<=I32)*K32^U$8)*(1-(U$8<=J32)*L32^U$8)) -> 0 | V32: =IF(V$8<N_st,1,0)*(1-(1-(V$8<=I32)*K32^V$8)*(1-(V$8<=J32)*L32^V$8)) -> 0 | W32: =IF(W$8<N_st,1,0)*(1-(1-(W$8<=I32)*K32^W$8)*(1-(W$8<=J32)*L32^W$8)) -> 0 | X32: =IF(X$8<N_st,1,0)*(1-(1-(X$8<=I32)*K32^X$8)*(1-(X$8<=J32)*L32^X$8)) -> 0 | Y32: =IF(Y$8<N_st,1,0)*(1-(1-(Y$8<=I32)*K32^Y$8)*(1-(Y$8<=J32)*L32^Y$8)) -> 0 | Z32: =IF(Z$8<N_st,1,0)*(1-(1-(Z$8<=I32)*K32^Z$8)*(1-(Z$8<=J32)*L32^Z$8)) -> 0 | AA32: =IF(AA$8<N_st,1,0)*(1-(1-(AA$8<=I32)*K32^AA$8)*(1-(AA$8<=J32)*L32^AA$8)) -> 0 | AB32: =IF(AB$8<N_st,1,0)*(1-(1-(AB$8<=I32)*K32^AB$8)*(1-(AB$8<=J32)*L32^AB$8)) -> 0 | AC32: =IF(AC$8<N_st,1,0)*(1-(1-(AC$8<=I32)*K32^AC$8)*(1-(AC$8<=J32)*L32^AC$8)) -> 0 | AD32: =IF(AD$8<N_st,1,0)*(1-(1-(AD$8<=I32)*K32^AD$8)*(1-(AD$8<=J32)*L32^AD$8)) -> 0 | AE32: =IF(AE$8<N_st,1,0)*(1-(1-(AE$8<=I32)*K32^AE$8)*(1-(AE$8<=J32)*L32^AE$8)) -> 0 | AF32: =IF(AF$8<N_st,1,0)*(1-(1-(AF$8<=I32)*K32^AF$8)*(1-(AF$8<=J32)*L32^AF$8)) -> 0 | AG32: =IF(AG$8<N_st,1,0)*(1-(1-(AG$8<=I32)*K32^AG$8)*(1-(AG$8<=J32)*L32^AG$8)) -> 0 | AH32: =IF(AH$8<N_st,1,0)*(1-(1-(AH$8<=I32)*K32^AH$8)*(1-(AH$8<=J32)*L32^AH$8)) -> 0
A33: EPS_SC | B33: EPS_SC-3 | C33: 2 | D33: 1 | E33: 0 | F33: =(1/2_시험자료!$D$21)*(1-2_시험자료!$F$21) -> 0.29166667 | G33: =2_시험자료!G9 -> 487.5 | H33: =IF(E33=1,1000000000,texp2_s) -> 750 | I33: =FLOOR(MIN(t_fs_s,H33)/G33,1) -> 1 | J33: =IF(C33=1,FLOOR(t_fs_s/tau_L_s,1),0) -> 0 | K33: =IF(D33=1,1-p_cb,1) -> 0.3 | L33: =IF(C33=1,p_L,0) -> 0 | M33: =SUMPRODUCT(w_ie2,1-(1-(j_row<=I33)*K33^j_row)*(1-(j_row<=J33)*L33^j_row)) -> 0.3 | N33: =occ_st*SUMPRODUCT(w_ie2,(j_row<=I33)*K33^j_row*(j_row<=J33)*L33^j_row*(((j_row*G33<rset_s)+(j_row*tau_L_s<rset_s))>0)+(j_row<=I33)*K33^j_row*(1-(j_row<=J33)*L33^j_row)*(j_row*G33<rset_s)+(1-(j_row<=I33)*K33^j_row)*(j_row<=J33)*L33^j_row*(j_row*tau_L_s<rset_s)) -> 1.5 | O33: =IF(O$8<N_st,1,0)*(1-(1-(O$8<=I33)*K33^O$8)*(1-(O$8<=J33)*L33^O$8)) -> 0.3 | P33: =IF(P$8<N_st,1,0)*(1-(1-(P$8<=I33)*K33^P$8)*(1-(P$8<=J33)*L33^P$8)) -> 0 | Q33: =IF(Q$8<N_st,1,0)*(1-(1-(Q$8<=I33)*K33^Q$8)*(1-(Q$8<=J33)*L33^Q$8)) -> 0 | R33: =IF(R$8<N_st,1,0)*(1-(1-(R$8<=I33)*K33^R$8)*(1-(R$8<=J33)*L33^R$8)) -> 0 | S33: =IF(S$8<N_st,1,0)*(1-(1-(S$8<=I33)*K33^S$8)*(1-(S$8<=J33)*L33^S$8)) -> 0 | T33: =IF(T$8<N_st,1,0)*(1-(1-(T$8<=I33)*K33^T$8)*(1-(T$8<=J33)*L33^T$8)) -> 0 | U33: =IF(U$8<N_st,1,0)*(1-(1-(U$8<=I33)*K33^U$8)*(1-(U$8<=J33)*L33^U$8)) -> 0 | V33: =IF(V$8<N_st,1,0)*(1-(1-(V$8<=I33)*K33^V$8)*(1-(V$8<=J33)*L33^V$8)) -> 0 | W33: =IF(W$8<N_st,1,0)*(1-(1-(W$8<=I33)*K33^W$8)*(1-(W$8<=J33)*L33^W$8)) -> 0 | X33: =IF(X$8<N_st,1,0)*(1-(1-(X$8<=I33)*K33^X$8)*(1-(X$8<=J33)*L33^X$8)) -> 0 | Y33: =IF(Y$8<N_st,1,0)*(1-(1-(Y$8<=I33)*K33^Y$8)*(1-(Y$8<=J33)*L33^Y$8)) -> 0 | Z33: =IF(Z$8<N_st,1,0)*(1-(1-(Z$8<=I33)*K33^Z$8)*(1-(Z$8<=J33)*L33^Z$8)) -> 0 | AA33: =IF(AA$8<N_st,1,0)*(1-(1-(AA$8<=I33)*K33^AA$8)*(1-(AA$8<=J33)*L33^AA$8)) -> 0 | AB33: =IF(AB$8<N_st,1,0)*(1-(1-(AB$8<=I33)*K33^AB$8)*(1-(AB$8<=J33)*L33^AB$8)) -> 0 | AC33: =IF(AC$8<N_st,1,0)*(1-(1-(AC$8<=I33)*K33^AC$8)*(1-(AC$8<=J33)*L33^AC$8)) -> 0 | AD33: =IF(AD$8<N_st,1,0)*(1-(1-(AD$8<=I33)*K33^AD$8)*(1-(AD$8<=J33)*L33^AD$8)) -> 0 | AE33: =IF(AE$8<N_st,1,0)*(1-(1-(AE$8<=I33)*K33^AE$8)*(1-(AE$8<=J33)*L33^AE$8)) -> 0 | AF33: =IF(AF$8<N_st,1,0)*(1-(1-(AF$8<=I33)*K33^AF$8)*(1-(AF$8<=J33)*L33^AF$8)) -> 0 | AG33: =IF(AG$8<N_st,1,0)*(1-(1-(AG$8<=I33)*K33^AG$8)*(1-(AG$8<=J33)*L33^AG$8)) -> 0 | AH33: =IF(AH$8<N_st,1,0)*(1-(1-(AH$8<=I33)*K33^AH$8)*(1-(AH$8<=J33)*L33^AH$8)) -> 0
A34: PIR_C | B34: PIR_C-1 | C34: 1 | D34: 0 | E34: 1 | F34: =(1/2_시험자료!$D$22)*2_시험자료!$F$22 -> 0.083333333 | G34: =2_시험자료!G10 -> 15.5 | H34: =IF(E34=1,1000000000,texp1_s) -> 1000000000 | I34: =FLOOR(MIN(t_fs_s,H34)/G34,1) -> 58 | J34: =IF(C34=1,FLOOR(t_fs_s/tau_L_s,1),0) -> 1 | K34: =IF(D34=1,1-p_cb,1) -> 1 | L34: =IF(C34=1,p_L,0) -> 0.15 | M34: =SUMPRODUCT(w_ie1,1-(1-(j_row<=I34)*K34^j_row)*(1-(j_row<=J34)*L34^j_row)) -> 7 | N34: =occ_st*SUMPRODUCT(w_ie1,(j_row<=I34)*K34^j_row*(j_row<=J34)*L34^j_row*(((j_row*G34<rset_s)+(j_row*tau_L_s<rset_s))>0)+(j_row<=I34)*K34^j_row*(1-(j_row<=J34)*L34^j_row)*(j_row*G34<rset_s)+(1-(j_row<=I34)*K34^j_row)*(j_row<=J34)*L34^j_row*(j_row*tau_L_s<rset_s)) -> 35 | O34: =IF(O$8<N_st,(N_st-O$8)/N_st,0)*(1-(1-(O$8<=I34)*K34^O$8)*(1-(O$8<=J34)*L34^O$8)) -> 0.93333333 | P34: =IF(P$8<N_st,(N_st-P$8)/N_st,0)*(1-(1-(P$8<=I34)*K34^P$8)*(1-(P$8<=J34)*L34^P$8)) -> 0.86666667 | Q34: =IF(Q$8<N_st,(N_st-Q$8)/N_st,0)*(1-(1-(Q$8<=I34)*K34^Q$8)*(1-(Q$8<=J34)*L34^Q$8)) -> 0.8 | R34: =IF(R$8<N_st,(N_st-R$8)/N_st,0)*(1-(1-(R$8<=I34)*K34^R$8)*(1-(R$8<=J34)*L34^R$8)) -> 0.73333333 | S34: =IF(S$8<N_st,(N_st-S$8)/N_st,0)*(1-(1-(S$8<=I34)*K34^S$8)*(1-(S$8<=J34)*L34^S$8)) -> 0.66666667 | T34: =IF(T$8<N_st,(N_st-T$8)/N_st,0)*(1-(1-(T$8<=I34)*K34^T$8)*(1-(T$8<=J34)*L34^T$8)) -> 0.6 | U34: =IF(U$8<N_st,(N_st-U$8)/N_st,0)*(1-(1-(U$8<=I34)*K34^U$8)*(1-(U$8<=J34)*L34^U$8)) -> 0.53333333 | V34: =IF(V$8<N_st,(N_st-V$8)/N_st,0)*(1-(1-(V$8<=I34)*K34^V$8)*(1-(V$8<=J34)*L34^V$8)) -> 0.46666667 | W34: =IF(W$8<N_st,(N_st-W$8)/N_st,0)*(1-(1-(W$8<=I34)*K34^W$8)*(1-(W$8<=J34)*L34^W$8)) -> 0.4 | X34: =IF(X$8<N_st,(N_st-X$8)/N_st,0)*(1-(1-(X$8<=I34)*K34^X$8)*(1-(X$8<=J34)*L34^X$8)) -> 0.33333333 | Y34: =IF(Y$8<N_st,(N_st-Y$8)/N_st,0)*(1-(1-(Y$8<=I34)*K34^Y$8)*(1-(Y$8<=J34)*L34^Y$8)) -> 0.26666667 | Z34: =IF(Z$8<N_st,(N_st-Z$8)/N_st,0)*(1-(1-(Z$8<=I34)*K34^Z$8)*(1-(Z$8<=J34)*L34^Z$8)) -> 0.2 | AA34: =IF(AA$8<N_st,(N_st-AA$8)/N_st,0)*(1-(1-(AA$8<=I34)*K34^AA$8)*(1-(AA$8<=J34)*L34^AA$8)) -> 0.13333333 | AB34: =IF(AB$8<N_st,(N_st-AB$8)/N_st,0)*(1-(1-(AB$8<=I34)*K34^AB$8)*(1-(AB$8<=J34)*L34^AB$8)) -> 0.066666667 | AC34: =IF(AC$8<N_st,(N_st-AC$8)/N_st,0)*(1-(1-(AC$8<=I34)*K34^AC$8)*(1-(AC$8<=J34)*L34^AC$8)) -> 0 | AD34: =IF(AD$8<N_st,(N_st-AD$8)/N_st,0)*(1-(1-(AD$8<=I34)*K34^AD$8)*(1-(AD$8<=J34)*L34^AD$8)) -> 0 | AE34: =IF(AE$8<N_st,(N_st-AE$8)/N_st,0)*(1-(1-(AE$8<=I34)*K34^AE$8)*(1-(AE$8<=J34)*L34^AE$8)) -> 0 | AF34: =IF(AF$8<N_st,(N_st-AF$8)/N_st,0)*(1-(1-(AF$8<=I34)*K34^AF$8)*(1-(AF$8<=J34)*L34^AF$8)) -> 0 | AG34: =IF(AG$8<N_st,(N_st-AG$8)/N_st,0)*(1-(1-(AG$8<=I34)*K34^AG$8)*(1-(AG$8<=J34)*L34^AG$8)) -> 0 | AH34: =IF(AH$8<N_st,(N_st-AH$8)/N_st,0)*(1-(1-(AH$8<=I34)*K34^AH$8)*(1-(AH$8<=J34)*L34^AH$8)) -> 0
A35: PIR_C | B35: PIR_C-1 | C35: 1 | D35: 0 | E35: 0 | F35: =(1/2_시험자료!$D$22)*(1-2_시험자료!$F$22) -> 0.41666667 | G35: =2_시험자료!G10 -> 15.5 | H35: =IF(E35=1,1000000000,texp1_s) -> 1200 | I35: =FLOOR(MIN(t_fs_s,H35)/G35,1) -> 58 | J35: =IF(C35=1,FLOOR(t_fs_s/tau_L_s,1),0) -> 1 | K35: =IF(D35=1,1-p_cb,1) -> 1 | L35: =IF(C35=1,p_L,0) -> 0.15 | M35: =SUMPRODUCT(w_ie1,1-(1-(j_row<=I35)*K35^j_row)*(1-(j_row<=J35)*L35^j_row)) -> 7 | N35: =occ_st*SUMPRODUCT(w_ie1,(j_row<=I35)*K35^j_row*(j_row<=J35)*L35^j_row*(((j_row*G35<rset_s)+(j_row*tau_L_s<rset_s))>0)+(j_row<=I35)*K35^j_row*(1-(j_row<=J35)*L35^j_row)*(j_row*G35<rset_s)+(1-(j_row<=I35)*K35^j_row)*(j_row<=J35)*L35^j_row*(j_row*tau_L_s<rset_s)) -> 35 | O35: =IF(O$8<N_st,(N_st-O$8)/N_st,0)*(1-(1-(O$8<=I35)*K35^O$8)*(1-(O$8<=J35)*L35^O$8)) -> 0.93333333 | P35: =IF(P$8<N_st,(N_st-P$8)/N_st,0)*(1-(1-(P$8<=I35)*K35^P$8)*(1-(P$8<=J35)*L35^P$8)) -> 0.86666667 | Q35: =IF(Q$8<N_st,(N_st-Q$8)/N_st,0)*(1-(1-(Q$8<=I35)*K35^Q$8)*(1-(Q$8<=J35)*L35^Q$8)) -> 0.8 | R35: =IF(R$8<N_st,(N_st-R$8)/N_st,0)*(1-(1-(R$8<=I35)*K35^R$8)*(1-(R$8<=J35)*L35^R$8)) -> 0.73333333 | S35: =IF(S$8<N_st,(N_st-S$8)/N_st,0)*(1-(1-(S$8<=I35)*K35^S$8)*(1-(S$8<=J35)*L35^S$8)) -> 0.66666667 | T35: =IF(T$8<N_st,(N_st-T$8)/N_st,0)*(1-(1-(T$8<=I35)*K35^T$8)*(1-(T$8<=J35)*L35^T$8)) -> 0.6 | U35: =IF(U$8<N_st,(N_st-U$8)/N_st,0)*(1-(1-(U$8<=I35)*K35^U$8)*(1-(U$8<=J35)*L35^U$8)) -> 0.53333333 | V35: =IF(V$8<N_st,(N_st-V$8)/N_st,0)*(1-(1-(V$8<=I35)*K35^V$8)*(1-(V$8<=J35)*L35^V$8)) -> 0.46666667 | W35: =IF(W$8<N_st,(N_st-W$8)/N_st,0)*(1-(1-(W$8<=I35)*K35^W$8)*(1-(W$8<=J35)*L35^W$8)) -> 0.4 | X35: =IF(X$8<N_st,(N_st-X$8)/N_st,0)*(1-(1-(X$8<=I35)*K35^X$8)*(1-(X$8<=J35)*L35^X$8)) -> 0.33333333 | Y35: =IF(Y$8<N_st,(N_st-Y$8)/N_st,0)*(1-(1-(Y$8<=I35)*K35^Y$8)*(1-(Y$8<=J35)*L35^Y$8)) -> 0.26666667 | Z35: =IF(Z$8<N_st,(N_st-Z$8)/N_st,0)*(1-(1-(Z$8<=I35)*K35^Z$8)*(1-(Z$8<=J35)*L35^Z$8)) -> 0.2 | AA35: =IF(AA$8<N_st,(N_st-AA$8)/N_st,0)*(1-(1-(AA$8<=I35)*K35^AA$8)*(1-(AA$8<=J35)*L35^AA$8)) -> 0.13333333 | AB35: =IF(AB$8<N_st,(N_st-AB$8)/N_st,0)*(1-(1-(AB$8<=I35)*K35^AB$8)*(1-(AB$8<=J35)*L35^AB$8)) -> 0.066666667 | AC35: =IF(AC$8<N_st,(N_st-AC$8)/N_st,0)*(1-(1-(AC$8<=I35)*K35^AC$8)*(1-(AC$8<=J35)*L35^AC$8)) -> 0 | AD35: =IF(AD$8<N_st,(N_st-AD$8)/N_st,0)*(1-(1-(AD$8<=I35)*K35^AD$8)*(1-(AD$8<=J35)*L35^AD$8)) -> 0 | AE35: =IF(AE$8<N_st,(N_st-AE$8)/N_st,0)*(1-(1-(AE$8<=I35)*K35^AE$8)*(1-(AE$8<=J35)*L35^AE$8)) -> 0 | AF35: =IF(AF$8<N_st,(N_st-AF$8)/N_st,0)*(1-(1-(AF$8<=I35)*K35^AF$8)*(1-(AF$8<=J35)*L35^AF$8)) -> 0 | AG35: =IF(AG$8<N_st,(N_st-AG$8)/N_st,0)*(1-(1-(AG$8<=I35)*K35^AG$8)*(1-(AG$8<=J35)*L35^AG$8)) -> 0 | AH35: =IF(AH$8<N_st,(N_st-AH$8)/N_st,0)*(1-(1-(AH$8<=I35)*K35^AH$8)*(1-(AH$8<=J35)*L35^AH$8)) -> 0
A36: PIR_C | B36: PIR_C-1 | C36: 1 | D36: 1 | E36: 1 | F36: =(1/2_시험자료!$D$22)*2_시험자료!$F$22 -> 0.083333333 | G36: =2_시험자료!G10 -> 15.5 | H36: =IF(E36=1,1000000000,texp1_s) -> 1000000000 | I36: =FLOOR(MIN(t_fs_s,H36)/G36,1) -> 58 | J36: =IF(C36=1,FLOOR(t_fs_s/tau_L_s,1),0) -> 1 | K36: =IF(D36=1,1-p_cb,1) -> 0.3 | L36: =IF(C36=1,p_L,0) -> 0.15 | M36: =SUMPRODUCT(w_ie1,1-(1-(j_row<=I36)*K36^j_row)*(1-(j_row<=J36)*L36^j_row)) -> 0.4857551 | N36: =occ_st*SUMPRODUCT(w_ie1,(j_row<=I36)*K36^j_row*(j_row<=J36)*L36^j_row*(((j_row*G36<rset_s)+(j_row*tau_L_s<rset_s))>0)+(j_row<=I36)*K36^j_row*(1-(j_row<=J36)*L36^j_row)*(j_row*G36<rset_s)+(1-(j_row<=I36)*K36^j_row)*(j_row<=J36)*L36^j_row*(j_row*tau_L_s<rset_s)) -> 2.4287755 | O36: =IF(O$8<N_st,(N_st-O$8)/N_st,0)*(1-(1-(O$8<=I36)*K36^O$8)*(1-(O$8<=J36)*L36^O$8)) -> 0.378 | P36: =IF(P$8<N_st,(N_st-P$8)/N_st,0)*(1-(1-(P$8<=I36)*K36^P$8)*(1-(P$8<=J36)*L36^P$8)) -> 0.078 | Q36: =IF(Q$8<N_st,(N_st-Q$8)/N_st,0)*(1-(1-(Q$8<=I36)*K36^Q$8)*(1-(Q$8<=J36)*L36^Q$8)) -> 0.0216 | R36: =IF(R$8<N_st,(N_st-R$8)/N_st,0)*(1-(1-(R$8<=I36)*K36^R$8)*(1-(R$8<=J36)*L36^R$8)) -> 0.00594 | S36: =IF(S$8<N_st,(N_st-S$8)/N_st,0)*(1-(1-(S$8<=I36)*K36^S$8)*(1-(S$8<=J36)*L36^S$8)) -> 0.00162 | T36: =IF(T$8<N_st,(N_st-T$8)/N_st,0)*(1-(1-(T$8<=I36)*K36^T$8)*(1-(T$8<=J36)*L36^T$8)) -> 0.0004374 | U36: =IF(U$8<N_st,(N_st-U$8)/N_st,0)*(1-(1-(U$8<=I36)*K36^U$8)*(1-(U$8<=J36)*L36^U$8)) -> 0.00011664 | V36: =IF(V$8<N_st,(N_st-V$8)/N_st,0)*(1-(1-(V$8<=I36)*K36^V$8)*(1-(V$8<=J36)*L36^V$8)) -> 3.0618e-05 | W36: =IF(W$8<N_st,(N_st-W$8)/N_st,0)*(1-(1-(W$8<=I36)*K36^W$8)*(1-(W$8<=J36)*L36^W$8)) -> 7.8732e-06 | X36: =IF(X$8<N_st,(N_st-X$8)/N_st,0)*(1-(1-(X$8<=I36)*K36^X$8)*(1-(X$8<=J36)*L36^X$8)) -> 1.9683e-06 | Y36: =IF(Y$8<N_st,(N_st-Y$8)/N_st,0)*(1-(1-(Y$8<=I36)*K36^Y$8)*(1-(Y$8<=J36)*L36^Y$8)) -> 4.72392e-07 | Z36: =IF(Z$8<N_st,(N_st-Z$8)/N_st,0)*(1-(1-(Z$8<=I36)*K36^Z$8)*(1-(Z$8<=J36)*L36^Z$8)) -> 1.062882e-07 | AA36: =IF(AA$8<N_st,(N_st-AA$8)/N_st,0)*(1-(1-(AA$8<=I36)*K36^AA$8)*(1-(AA$8<=J36)*L36^AA$8)) -> 2.125764e-08 | AB36: =IF(AB$8<N_st,(N_st-AB$8)/N_st,0)*(1-(1-(AB$8<=I36)*K36^AB$8)*(1-(AB$8<=J36)*L36^AB$8)) -> 3.188646e-09 | AC36: =IF(AC$8<N_st,(N_st-AC$8)/N_st,0)*(1-(1-(AC$8<=I36)*K36^AC$8)*(1-(AC$8<=J36)*L36^AC$8)) -> 0 | AD36: =IF(AD$8<N_st,(N_st-AD$8)/N_st,0)*(1-(1-(AD$8<=I36)*K36^AD$8)*(1-(AD$8<=J36)*L36^AD$8)) -> 0 | AE36: =IF(AE$8<N_st,(N_st-AE$8)/N_st,0)*(1-(1-(AE$8<=I36)*K36^AE$8)*(1-(AE$8<=J36)*L36^AE$8)) -> 0 | AF36: =IF(AF$8<N_st,(N_st-AF$8)/N_st,0)*(1-(1-(AF$8<=I36)*K36^AF$8)*(1-(AF$8<=J36)*L36^AF$8)) -> 0 | AG36: =IF(AG$8<N_st,(N_st-AG$8)/N_st,0)*(1-(1-(AG$8<=I36)*K36^AG$8)*(1-(AG$8<=J36)*L36^AG$8)) -> 0 | AH36: =IF(AH$8<N_st,(N_st-AH$8)/N_st,0)*(1-(1-(AH$8<=I36)*K36^AH$8)*(1-(AH$8<=J36)*L36^AH$8)) -> 0
A37: PIR_C | B37: PIR_C-1 | C37: 1 | D37: 1 | E37: 0 | F37: =(1/2_시험자료!$D$22)*(1-2_시험자료!$F$22) -> 0.41666667 | G37: =2_시험자료!G10 -> 15.5 | H37: =IF(E37=1,1000000000,texp1_s) -> 1200 | I37: =FLOOR(MIN(t_fs_s,H37)/G37,1) -> 58 | J37: =IF(C37=1,FLOOR(t_fs_s/tau_L_s,1),0) -> 1 | K37: =IF(D37=1,1-p_cb,1) -> 0.3 | L37: =IF(C37=1,p_L,0) -> 0.15 | M37: =SUMPRODUCT(w_ie1,1-(1-(j_row<=I37)*K37^j_row)*(1-(j_row<=J37)*L37^j_row)) -> 0.4857551 | N37: =occ_st*SUMPRODUCT(w_ie1,(j_row<=I37)*K37^j_row*(j_row<=J37)*L37^j_row*(((j_row*G37<rset_s)+(j_row*tau_L_s<rset_s))>0)+(j_row<=I37)*K37^j_row*(1-(j_row<=J37)*L37^j_row)*(j_row*G37<rset_s)+(1-(j_row<=I37)*K37^j_row)*(j_row<=J37)*L37^j_row*(j_row*tau_L_s<rset_s)) -> 2.4287755 | O37: =IF(O$8<N_st,(N_st-O$8)/N_st,0)*(1-(1-(O$8<=I37)*K37^O$8)*(1-(O$8<=J37)*L37^O$8)) -> 0.378 | P37: =IF(P$8<N_st,(N_st-P$8)/N_st,0)*(1-(1-(P$8<=I37)*K37^P$8)*(1-(P$8<=J37)*L37^P$8)) -> 0.078 | Q37: =IF(Q$8<N_st,(N_st-Q$8)/N_st,0)*(1-(1-(Q$8<=I37)*K37^Q$8)*(1-(Q$8<=J37)*L37^Q$8)) -> 0.0216 | R37: =IF(R$8<N_st,(N_st-R$8)/N_st,0)*(1-(1-(R$8<=I37)*K37^R$8)*(1-(R$8<=J37)*L37^R$8)) -> 0.00594 | S37: =IF(S$8<N_st,(N_st-S$8)/N_st,0)*(1-(1-(S$8<=I37)*K37^S$8)*(1-(S$8<=J37)*L37^S$8)) -> 0.00162 | T37: =IF(T$8<N_st,(N_st-T$8)/N_st,0)*(1-(1-(T$8<=I37)*K37^T$8)*(1-(T$8<=J37)*L37^T$8)) -> 0.0004374 | U37: =IF(U$8<N_st,(N_st-U$8)/N_st,0)*(1-(1-(U$8<=I37)*K37^U$8)*(1-(U$8<=J37)*L37^U$8)) -> 0.00011664 | V37: =IF(V$8<N_st,(N_st-V$8)/N_st,0)*(1-(1-(V$8<=I37)*K37^V$8)*(1-(V$8<=J37)*L37^V$8)) -> 3.0618e-05 | W37: =IF(W$8<N_st,(N_st-W$8)/N_st,0)*(1-(1-(W$8<=I37)*K37^W$8)*(1-(W$8<=J37)*L37^W$8)) -> 7.8732e-06 | X37: =IF(X$8<N_st,(N_st-X$8)/N_st,0)*(1-(1-(X$8<=I37)*K37^X$8)*(1-(X$8<=J37)*L37^X$8)) -> 1.9683e-06 | Y37: =IF(Y$8<N_st,(N_st-Y$8)/N_st,0)*(1-(1-(Y$8<=I37)*K37^Y$8)*(1-(Y$8<=J37)*L37^Y$8)) -> 4.72392e-07 | Z37: =IF(Z$8<N_st,(N_st-Z$8)/N_st,0)*(1-(1-(Z$8<=I37)*K37^Z$8)*(1-(Z$8<=J37)*L37^Z$8)) -> 1.062882e-07 | AA37: =IF(AA$8<N_st,(N_st-AA$8)/N_st,0)*(1-(1-(AA$8<=I37)*K37^AA$8)*(1-(AA$8<=J37)*L37^AA$8)) -> 2.125764e-08 | AB37: =IF(AB$8<N_st,(N_st-AB$8)/N_st,0)*(1-(1-(AB$8<=I37)*K37^AB$8)*(1-(AB$8<=J37)*L37^AB$8)) -> 3.188646e-09 | AC37: =IF(AC$8<N_st,(N_st-AC$8)/N_st,0)*(1-(1-(AC$8<=I37)*K37^AC$8)*(1-(AC$8<=J37)*L37^AC$8)) -> 0 | AD37: =IF(AD$8<N_st,(N_st-AD$8)/N_st,0)*(1-(1-(AD$8<=I37)*K37^AD$8)*(1-(AD$8<=J37)*L37^AD$8)) -> 0 | AE37: =IF(AE$8<N_st,(N_st-AE$8)/N_st,0)*(1-(1-(AE$8<=I37)*K37^AE$8)*(1-(AE$8<=J37)*L37^AE$8)) -> 0 | AF37: =IF(AF$8<N_st,(N_st-AF$8)/N_st,0)*(1-(1-(AF$8<=I37)*K37^AF$8)*(1-(AF$8<=J37)*L37^AF$8)) -> 0 | AG37: =IF(AG$8<N_st,(N_st-AG$8)/N_st,0)*(1-(1-(AG$8<=I37)*K37^AG$8)*(1-(AG$8<=J37)*L37^AG$8)) -> 0 | AH37: =IF(AH$8<N_st,(N_st-AH$8)/N_st,0)*(1-(1-(AH$8<=I37)*K37^AH$8)*(1-(AH$8<=J37)*L37^AH$8)) -> 0
A38: PIR_C | B38: PIR_C-1 | C38: 2 | D38: 0 | E38: 1 | F38: =(1/2_시험자료!$D$22)*2_시험자료!$F$22 -> 0.083333333 | G38: =2_시험자료!G10 -> 15.5 | H38: =IF(E38=1,1000000000,texp2_s) -> 1000000000 | I38: =FLOOR(MIN(t_fs_s,H38)/G38,1) -> 58 | J38: =IF(C38=1,FLOOR(t_fs_s/tau_L_s,1),0) -> 0 | K38: =IF(D38=1,1-p_cb,1) -> 1 | L38: =IF(C38=1,p_L,0) -> 0 | M38: =SUMPRODUCT(w_ie2,1-(1-(j_row<=I38)*K38^j_row)*(1-(j_row<=J38)*L38^j_row)) -> 14 | N38: =occ_st*SUMPRODUCT(w_ie2,(j_row<=I38)*K38^j_row*(j_row<=J38)*L38^j_row*(((j_row*G38<rset_s)+(j_row*tau_L_s<rset_s))>0)+(j_row<=I38)*K38^j_row*(1-(j_row<=J38)*L38^j_row)*(j_row*G38<rset_s)+(1-(j_row<=I38)*K38^j_row)*(j_row<=J38)*L38^j_row*(j_row*tau_L_s<rset_s)) -> 70 | O38: =IF(O$8<N_st,1,0)*(1-(1-(O$8<=I38)*K38^O$8)*(1-(O$8<=J38)*L38^O$8)) -> 1 | P38: =IF(P$8<N_st,1,0)*(1-(1-(P$8<=I38)*K38^P$8)*(1-(P$8<=J38)*L38^P$8)) -> 1 | Q38: =IF(Q$8<N_st,1,0)*(1-(1-(Q$8<=I38)*K38^Q$8)*(1-(Q$8<=J38)*L38^Q$8)) -> 1 | R38: =IF(R$8<N_st,1,0)*(1-(1-(R$8<=I38)*K38^R$8)*(1-(R$8<=J38)*L38^R$8)) -> 1 | S38: =IF(S$8<N_st,1,0)*(1-(1-(S$8<=I38)*K38^S$8)*(1-(S$8<=J38)*L38^S$8)) -> 1 | T38: =IF(T$8<N_st,1,0)*(1-(1-(T$8<=I38)*K38^T$8)*(1-(T$8<=J38)*L38^T$8)) -> 1 | U38: =IF(U$8<N_st,1,0)*(1-(1-(U$8<=I38)*K38^U$8)*(1-(U$8<=J38)*L38^U$8)) -> 1 | V38: =IF(V$8<N_st,1,0)*(1-(1-(V$8<=I38)*K38^V$8)*(1-(V$8<=J38)*L38^V$8)) -> 1 | W38: =IF(W$8<N_st,1,0)*(1-(1-(W$8<=I38)*K38^W$8)*(1-(W$8<=J38)*L38^W$8)) -> 1 | X38: =IF(X$8<N_st,1,0)*(1-(1-(X$8<=I38)*K38^X$8)*(1-(X$8<=J38)*L38^X$8)) -> 1 | Y38: =IF(Y$8<N_st,1,0)*(1-(1-(Y$8<=I38)*K38^Y$8)*(1-(Y$8<=J38)*L38^Y$8)) -> 1 | Z38: =IF(Z$8<N_st,1,0)*(1-(1-(Z$8<=I38)*K38^Z$8)*(1-(Z$8<=J38)*L38^Z$8)) -> 1 | AA38: =IF(AA$8<N_st,1,0)*(1-(1-(AA$8<=I38)*K38^AA$8)*(1-(AA$8<=J38)*L38^AA$8)) -> 1 | AB38: =IF(AB$8<N_st,1,0)*(1-(1-(AB$8<=I38)*K38^AB$8)*(1-(AB$8<=J38)*L38^AB$8)) -> 1 | AC38: =IF(AC$8<N_st,1,0)*(1-(1-(AC$8<=I38)*K38^AC$8)*(1-(AC$8<=J38)*L38^AC$8)) -> 0 | AD38: =IF(AD$8<N_st,1,0)*(1-(1-(AD$8<=I38)*K38^AD$8)*(1-(AD$8<=J38)*L38^AD$8)) -> 0 | AE38: =IF(AE$8<N_st,1,0)*(1-(1-(AE$8<=I38)*K38^AE$8)*(1-(AE$8<=J38)*L38^AE$8)) -> 0 | AF38: =IF(AF$8<N_st,1,0)*(1-(1-(AF$8<=I38)*K38^AF$8)*(1-(AF$8<=J38)*L38^AF$8)) -> 0 | AG38: =IF(AG$8<N_st,1,0)*(1-(1-(AG$8<=I38)*K38^AG$8)*(1-(AG$8<=J38)*L38^AG$8)) -> 0 | AH38: =IF(AH$8<N_st,1,0)*(1-(1-(AH$8<=I38)*K38^AH$8)*(1-(AH$8<=J38)*L38^AH$8)) -> 0
A39: PIR_C | B39: PIR_C-1 | C39: 2 | D39: 0 | E39: 0 | F39: =(1/2_시험자료!$D$22)*(1-2_시험자료!$F$22) -> 0.41666667 | G39: =2_시험자료!G10 -> 15.5 | H39: =IF(E39=1,1000000000,texp2_s) -> 750 | I39: =FLOOR(MIN(t_fs_s,H39)/G39,1) -> 48 | J39: =IF(C39=1,FLOOR(t_fs_s/tau_L_s,1),0) -> 0 | K39: =IF(D39=1,1-p_cb,1) -> 1 | L39: =IF(C39=1,p_L,0) -> 0 | M39: =SUMPRODUCT(w_ie2,1-(1-(j_row<=I39)*K39^j_row)*(1-(j_row<=J39)*L39^j_row)) -> 14 | N39: =occ_st*SUMPRODUCT(w_ie2,(j_row<=I39)*K39^j_row*(j_row<=J39)*L39^j_row*(((j_row*G39<rset_s)+(j_row*tau_L_s<rset_s))>0)+(j_row<=I39)*K39^j_row*(1-(j_row<=J39)*L39^j_row)*(j_row*G39<rset_s)+(1-(j_row<=I39)*K39^j_row)*(j_row<=J39)*L39^j_row*(j_row*tau_L_s<rset_s)) -> 70 | O39: =IF(O$8<N_st,1,0)*(1-(1-(O$8<=I39)*K39^O$8)*(1-(O$8<=J39)*L39^O$8)) -> 1 | P39: =IF(P$8<N_st,1,0)*(1-(1-(P$8<=I39)*K39^P$8)*(1-(P$8<=J39)*L39^P$8)) -> 1 | Q39: =IF(Q$8<N_st,1,0)*(1-(1-(Q$8<=I39)*K39^Q$8)*(1-(Q$8<=J39)*L39^Q$8)) -> 1 | R39: =IF(R$8<N_st,1,0)*(1-(1-(R$8<=I39)*K39^R$8)*(1-(R$8<=J39)*L39^R$8)) -> 1 | S39: =IF(S$8<N_st,1,0)*(1-(1-(S$8<=I39)*K39^S$8)*(1-(S$8<=J39)*L39^S$8)) -> 1 | T39: =IF(T$8<N_st,1,0)*(1-(1-(T$8<=I39)*K39^T$8)*(1-(T$8<=J39)*L39^T$8)) -> 1 | U39: =IF(U$8<N_st,1,0)*(1-(1-(U$8<=I39)*K39^U$8)*(1-(U$8<=J39)*L39^U$8)) -> 1 | V39: =IF(V$8<N_st,1,0)*(1-(1-(V$8<=I39)*K39^V$8)*(1-(V$8<=J39)*L39^V$8)) -> 1 | W39: =IF(W$8<N_st,1,0)*(1-(1-(W$8<=I39)*K39^W$8)*(1-(W$8<=J39)*L39^W$8)) -> 1 | X39: =IF(X$8<N_st,1,0)*(1-(1-(X$8<=I39)*K39^X$8)*(1-(X$8<=J39)*L39^X$8)) -> 1 | Y39: =IF(Y$8<N_st,1,0)*(1-(1-(Y$8<=I39)*K39^Y$8)*(1-(Y$8<=J39)*L39^Y$8)) -> 1 | Z39: =IF(Z$8<N_st,1,0)*(1-(1-(Z$8<=I39)*K39^Z$8)*(1-(Z$8<=J39)*L39^Z$8)) -> 1 | AA39: =IF(AA$8<N_st,1,0)*(1-(1-(AA$8<=I39)*K39^AA$8)*(1-(AA$8<=J39)*L39^AA$8)) -> 1 | AB39: =IF(AB$8<N_st,1,0)*(1-(1-(AB$8<=I39)*K39^AB$8)*(1-(AB$8<=J39)*L39^AB$8)) -> 1 | AC39: =IF(AC$8<N_st,1,0)*(1-(1-(AC$8<=I39)*K39^AC$8)*(1-(AC$8<=J39)*L39^AC$8)) -> 0 | AD39: =IF(AD$8<N_st,1,0)*(1-(1-(AD$8<=I39)*K39^AD$8)*(1-(AD$8<=J39)*L39^AD$8)) -> 0 | AE39: =IF(AE$8<N_st,1,0)*(1-(1-(AE$8<=I39)*K39^AE$8)*(1-(AE$8<=J39)*L39^AE$8)) -> 0 | AF39: =IF(AF$8<N_st,1,0)*(1-(1-(AF$8<=I39)*K39^AF$8)*(1-(AF$8<=J39)*L39^AF$8)) -> 0 | AG39: =IF(AG$8<N_st,1,0)*(1-(1-(AG$8<=I39)*K39^AG$8)*(1-(AG$8<=J39)*L39^AG$8)) -> 0 | AH39: =IF(AH$8<N_st,1,0)*(1-(1-(AH$8<=I39)*K39^AH$8)*(1-(AH$8<=J39)*L39^AH$8)) -> 0
A40: PIR_C | B40: PIR_C-1 | C40: 2 | D40: 1 | E40: 1 | F40: =(1/2_시험자료!$D$22)*2_시험자료!$F$22 -> 0.083333333 | G40: =2_시험자료!G10 -> 15.5 | H40: =IF(E40=1,1000000000,texp2_s) -> 1000000000 | I40: =FLOOR(MIN(t_fs_s,H40)/G40,1) -> 58 | J40: =IF(C40=1,FLOOR(t_fs_s/tau_L_s,1),0) -> 0 | K40: =IF(D40=1,1-p_cb,1) -> 0.3 | L40: =IF(C40=1,p_L,0) -> 0 | M40: =SUMPRODUCT(w_ie2,1-(1-(j_row<=I40)*K40^j_row)*(1-(j_row<=J40)*L40^j_row)) -> 0.42857141 | N40: =occ_st*SUMPRODUCT(w_ie2,(j_row<=I40)*K40^j_row*(j_row<=J40)*L40^j_row*(((j_row*G40<rset_s)+(j_row*tau_L_s<rset_s))>0)+(j_row<=I40)*K40^j_row*(1-(j_row<=J40)*L40^j_row)*(j_row*G40<rset_s)+(1-(j_row<=I40)*K40^j_row)*(j_row<=J40)*L40^j_row*(j_row*tau_L_s<rset_s)) -> 2.142857 | O40: =IF(O$8<N_st,1,0)*(1-(1-(O$8<=I40)*K40^O$8)*(1-(O$8<=J40)*L40^O$8)) -> 0.3 | P40: =IF(P$8<N_st,1,0)*(1-(1-(P$8<=I40)*K40^P$8)*(1-(P$8<=J40)*L40^P$8)) -> 0.09 | Q40: =IF(Q$8<N_st,1,0)*(1-(1-(Q$8<=I40)*K40^Q$8)*(1-(Q$8<=J40)*L40^Q$8)) -> 0.027 | R40: =IF(R$8<N_st,1,0)*(1-(1-(R$8<=I40)*K40^R$8)*(1-(R$8<=J40)*L40^R$8)) -> 0.0081 | S40: =IF(S$8<N_st,1,0)*(1-(1-(S$8<=I40)*K40^S$8)*(1-(S$8<=J40)*L40^S$8)) -> 0.00243 | T40: =IF(T$8<N_st,1,0)*(1-(1-(T$8<=I40)*K40^T$8)*(1-(T$8<=J40)*L40^T$8)) -> 0.000729 | U40: =IF(U$8<N_st,1,0)*(1-(1-(U$8<=I40)*K40^U$8)*(1-(U$8<=J40)*L40^U$8)) -> 0.0002187 | V40: =IF(V$8<N_st,1,0)*(1-(1-(V$8<=I40)*K40^V$8)*(1-(V$8<=J40)*L40^V$8)) -> 6.561e-05 | W40: =IF(W$8<N_st,1,0)*(1-(1-(W$8<=I40)*K40^W$8)*(1-(W$8<=J40)*L40^W$8)) -> 1.9683e-05 | X40: =IF(X$8<N_st,1,0)*(1-(1-(X$8<=I40)*K40^X$8)*(1-(X$8<=J40)*L40^X$8)) -> 5.9049e-06 | Y40: =IF(Y$8<N_st,1,0)*(1-(1-(Y$8<=I40)*K40^Y$8)*(1-(Y$8<=J40)*L40^Y$8)) -> 1.77147e-06 | Z40: =IF(Z$8<N_st,1,0)*(1-(1-(Z$8<=I40)*K40^Z$8)*(1-(Z$8<=J40)*L40^Z$8)) -> 5.31441e-07 | AA40: =IF(AA$8<N_st,1,0)*(1-(1-(AA$8<=I40)*K40^AA$8)*(1-(AA$8<=J40)*L40^AA$8)) -> 1.594323e-07 | AB40: =IF(AB$8<N_st,1,0)*(1-(1-(AB$8<=I40)*K40^AB$8)*(1-(AB$8<=J40)*L40^AB$8)) -> 4.782969e-08 | AC40: =IF(AC$8<N_st,1,0)*(1-(1-(AC$8<=I40)*K40^AC$8)*(1-(AC$8<=J40)*L40^AC$8)) -> 0 | AD40: =IF(AD$8<N_st,1,0)*(1-(1-(AD$8<=I40)*K40^AD$8)*(1-(AD$8<=J40)*L40^AD$8)) -> 0 | AE40: =IF(AE$8<N_st,1,0)*(1-(1-(AE$8<=I40)*K40^AE$8)*(1-(AE$8<=J40)*L40^AE$8)) -> 0 | AF40: =IF(AF$8<N_st,1,0)*(1-(1-(AF$8<=I40)*K40^AF$8)*(1-(AF$8<=J40)*L40^AF$8)) -> 0 | AG40: =IF(AG$8<N_st,1,0)*(1-(1-(AG$8<=I40)*K40^AG$8)*(1-(AG$8<=J40)*L40^AG$8)) -> 0 | AH40: =IF(AH$8<N_st,1,0)*(1-(1-(AH$8<=I40)*K40^AH$8)*(1-(AH$8<=J40)*L40^AH$8)) -> 0
A41: PIR_C | B41: PIR_C-1 | C41: 2 | D41: 1 | E41: 0 | F41: =(1/2_시험자료!$D$22)*(1-2_시험자료!$F$22) -> 0.41666667 | G41: =2_시험자료!G10 -> 15.5 | H41: =IF(E41=1,1000000000,texp2_s) -> 750 | I41: =FLOOR(MIN(t_fs_s,H41)/G41,1) -> 48 | J41: =IF(C41=1,FLOOR(t_fs_s/tau_L_s,1),0) -> 0 | K41: =IF(D41=1,1-p_cb,1) -> 0.3 | L41: =IF(C41=1,p_L,0) -> 0 | M41: =SUMPRODUCT(w_ie2,1-(1-(j_row<=I41)*K41^j_row)*(1-(j_row<=J41)*L41^j_row)) -> 0.42857141 | N41: =occ_st*SUMPRODUCT(w_ie2,(j_row<=I41)*K41^j_row*(j_row<=J41)*L41^j_row*(((j_row*G41<rset_s)+(j_row*tau_L_s<rset_s))>0)+(j_row<=I41)*K41^j_row*(1-(j_row<=J41)*L41^j_row)*(j_row*G41<rset_s)+(1-(j_row<=I41)*K41^j_row)*(j_row<=J41)*L41^j_row*(j_row*tau_L_s<rset_s)) -> 2.142857 | O41: =IF(O$8<N_st,1,0)*(1-(1-(O$8<=I41)*K41^O$8)*(1-(O$8<=J41)*L41^O$8)) -> 0.3 | P41: =IF(P$8<N_st,1,0)*(1-(1-(P$8<=I41)*K41^P$8)*(1-(P$8<=J41)*L41^P$8)) -> 0.09 | Q41: =IF(Q$8<N_st,1,0)*(1-(1-(Q$8<=I41)*K41^Q$8)*(1-(Q$8<=J41)*L41^Q$8)) -> 0.027 | R41: =IF(R$8<N_st,1,0)*(1-(1-(R$8<=I41)*K41^R$8)*(1-(R$8<=J41)*L41^R$8)) -> 0.0081 | S41: =IF(S$8<N_st,1,0)*(1-(1-(S$8<=I41)*K41^S$8)*(1-(S$8<=J41)*L41^S$8)) -> 0.00243 | T41: =IF(T$8<N_st,1,0)*(1-(1-(T$8<=I41)*K41^T$8)*(1-(T$8<=J41)*L41^T$8)) -> 0.000729 | U41: =IF(U$8<N_st,1,0)*(1-(1-(U$8<=I41)*K41^U$8)*(1-(U$8<=J41)*L41^U$8)) -> 0.0002187 | V41: =IF(V$8<N_st,1,0)*(1-(1-(V$8<=I41)*K41^V$8)*(1-(V$8<=J41)*L41^V$8)) -> 6.561e-05 | W41: =IF(W$8<N_st,1,0)*(1-(1-(W$8<=I41)*K41^W$8)*(1-(W$8<=J41)*L41^W$8)) -> 1.9683e-05 | X41: =IF(X$8<N_st,1,0)*(1-(1-(X$8<=I41)*K41^X$8)*(1-(X$8<=J41)*L41^X$8)) -> 5.9049e-06 | Y41: =IF(Y$8<N_st,1,0)*(1-(1-(Y$8<=I41)*K41^Y$8)*(1-(Y$8<=J41)*L41^Y$8)) -> 1.77147e-06 | Z41: =IF(Z$8<N_st,1,0)*(1-(1-(Z$8<=I41)*K41^Z$8)*(1-(Z$8<=J41)*L41^Z$8)) -> 5.31441e-07 | AA41: =IF(AA$8<N_st,1,0)*(1-(1-(AA$8<=I41)*K41^AA$8)*(1-(AA$8<=J41)*L41^AA$8)) -> 1.594323e-07 | AB41: =IF(AB$8<N_st,1,0)*(1-(1-(AB$8<=I41)*K41^AB$8)*(1-(AB$8<=J41)*L41^AB$8)) -> 4.782969e-08 | AC41: =IF(AC$8<N_st,1,0)*(1-(1-(AC$8<=I41)*K41^AC$8)*(1-(AC$8<=J41)*L41^AC$8)) -> 0 | AD41: =IF(AD$8<N_st,1,0)*(1-(1-(AD$8<=I41)*K41^AD$8)*(1-(AD$8<=J41)*L41^AD$8)) -> 0 | AE41: =IF(AE$8<N_st,1,0)*(1-(1-(AE$8<=I41)*K41^AE$8)*(1-(AE$8<=J41)*L41^AE$8)) -> 0 | AF41: =IF(AF$8<N_st,1,0)*(1-(1-(AF$8<=I41)*K41^AF$8)*(1-(AF$8<=J41)*L41^AF$8)) -> 0 | AG41: =IF(AG$8<N_st,1,0)*(1-(1-(AG$8<=I41)*K41^AG$8)*(1-(AG$8<=J41)*L41^AG$8)) -> 0 | AH41: =IF(AH$8<N_st,1,0)*(1-(1-(AH$8<=I41)*K41^AH$8)*(1-(AH$8<=J41)*L41^AH$8)) -> 0
A42: PIR_C | B42: PIR_C-2 | C42: 1 | D42: 0 | E42: 1 | F42: =(1/2_시험자료!$D$22)*2_시험자료!$F$22 -> 0.083333333 | G42: =2_시험자료!G11 -> 14.5 | H42: =IF(E42=1,1000000000,texp1_s) -> 1000000000 | I42: =FLOOR(MIN(t_fs_s,H42)/G42,1) -> 62 | J42: =IF(C42=1,FLOOR(t_fs_s/tau_L_s,1),0) -> 1 | K42: =IF(D42=1,1-p_cb,1) -> 1 | L42: =IF(C42=1,p_L,0) -> 0.15 | M42: =SUMPRODUCT(w_ie1,1-(1-(j_row<=I42)*K42^j_row)*(1-(j_row<=J42)*L42^j_row)) -> 7 | N42: =occ_st*SUMPRODUCT(w_ie1,(j_row<=I42)*K42^j_row*(j_row<=J42)*L42^j_row*(((j_row*G42<rset_s)+(j_row*tau_L_s<rset_s))>0)+(j_row<=I42)*K42^j_row*(1-(j_row<=J42)*L42^j_row)*(j_row*G42<rset_s)+(1-(j_row<=I42)*K42^j_row)*(j_row<=J42)*L42^j_row*(j_row*tau_L_s<rset_s)) -> 35 | O42: =IF(O$8<N_st,(N_st-O$8)/N_st,0)*(1-(1-(O$8<=I42)*K42^O$8)*(1-(O$8<=J42)*L42^O$8)) -> 0.93333333 | P42: =IF(P$8<N_st,(N_st-P$8)/N_st,0)*(1-(1-(P$8<=I42)*K42^P$8)*(1-(P$8<=J42)*L42^P$8)) -> 0.86666667 | Q42: =IF(Q$8<N_st,(N_st-Q$8)/N_st,0)*(1-(1-(Q$8<=I42)*K42^Q$8)*(1-(Q$8<=J42)*L42^Q$8)) -> 0.8 | R42: =IF(R$8<N_st,(N_st-R$8)/N_st,0)*(1-(1-(R$8<=I42)*K42^R$8)*(1-(R$8<=J42)*L42^R$8)) -> 0.73333333 | S42: =IF(S$8<N_st,(N_st-S$8)/N_st,0)*(1-(1-(S$8<=I42)*K42^S$8)*(1-(S$8<=J42)*L42^S$8)) -> 0.66666667 | T42: =IF(T$8<N_st,(N_st-T$8)/N_st,0)*(1-(1-(T$8<=I42)*K42^T$8)*(1-(T$8<=J42)*L42^T$8)) -> 0.6 | U42: =IF(U$8<N_st,(N_st-U$8)/N_st,0)*(1-(1-(U$8<=I42)*K42^U$8)*(1-(U$8<=J42)*L42^U$8)) -> 0.53333333 | V42: =IF(V$8<N_st,(N_st-V$8)/N_st,0)*(1-(1-(V$8<=I42)*K42^V$8)*(1-(V$8<=J42)*L42^V$8)) -> 0.46666667 | W42: =IF(W$8<N_st,(N_st-W$8)/N_st,0)*(1-(1-(W$8<=I42)*K42^W$8)*(1-(W$8<=J42)*L42^W$8)) -> 0.4 | X42: =IF(X$8<N_st,(N_st-X$8)/N_st,0)*(1-(1-(X$8<=I42)*K42^X$8)*(1-(X$8<=J42)*L42^X$8)) -> 0.33333333 | Y42: =IF(Y$8<N_st,(N_st-Y$8)/N_st,0)*(1-(1-(Y$8<=I42)*K42^Y$8)*(1-(Y$8<=J42)*L42^Y$8)) -> 0.26666667 | Z42: =IF(Z$8<N_st,(N_st-Z$8)/N_st,0)*(1-(1-(Z$8<=I42)*K42^Z$8)*(1-(Z$8<=J42)*L42^Z$8)) -> 0.2 | AA42: =IF(AA$8<N_st,(N_st-AA$8)/N_st,0)*(1-(1-(AA$8<=I42)*K42^AA$8)*(1-(AA$8<=J42)*L42^AA$8)) -> 0.13333333 | AB42: =IF(AB$8<N_st,(N_st-AB$8)/N_st,0)*(1-(1-(AB$8<=I42)*K42^AB$8)*(1-(AB$8<=J42)*L42^AB$8)) -> 0.066666667 | AC42: =IF(AC$8<N_st,(N_st-AC$8)/N_st,0)*(1-(1-(AC$8<=I42)*K42^AC$8)*(1-(AC$8<=J42)*L42^AC$8)) -> 0 | AD42: =IF(AD$8<N_st,(N_st-AD$8)/N_st,0)*(1-(1-(AD$8<=I42)*K42^AD$8)*(1-(AD$8<=J42)*L42^AD$8)) -> 0 | AE42: =IF(AE$8<N_st,(N_st-AE$8)/N_st,0)*(1-(1-(AE$8<=I42)*K42^AE$8)*(1-(AE$8<=J42)*L42^AE$8)) -> 0 | AF42: =IF(AF$8<N_st,(N_st-AF$8)/N_st,0)*(1-(1-(AF$8<=I42)*K42^AF$8)*(1-(AF$8<=J42)*L42^AF$8)) -> 0 | AG42: =IF(AG$8<N_st,(N_st-AG$8)/N_st,0)*(1-(1-(AG$8<=I42)*K42^AG$8)*(1-(AG$8<=J42)*L42^AG$8)) -> 0 | AH42: =IF(AH$8<N_st,(N_st-AH$8)/N_st,0)*(1-(1-(AH$8<=I42)*K42^AH$8)*(1-(AH$8<=J42)*L42^AH$8)) -> 0
A43: PIR_C | B43: PIR_C-2 | C43: 1 | D43: 0 | E43: 0 | F43: =(1/2_시험자료!$D$22)*(1-2_시험자료!$F$22) -> 0.41666667 | G43: =2_시험자료!G11 -> 14.5 | H43: =IF(E43=1,1000000000,texp1_s) -> 1200 | I43: =FLOOR(MIN(t_fs_s,H43)/G43,1) -> 62 | J43: =IF(C43=1,FLOOR(t_fs_s/tau_L_s,1),0) -> 1 | K43: =IF(D43=1,1-p_cb,1) -> 1 | L43: =IF(C43=1,p_L,0) -> 0.15 | M43: =SUMPRODUCT(w_ie1,1-(1-(j_row<=I43)*K43^j_row)*(1-(j_row<=J43)*L43^j_row)) -> 7 | N43: =occ_st*SUMPRODUCT(w_ie1,(j_row<=I43)*K43^j_row*(j_row<=J43)*L43^j_row*(((j_row*G43<rset_s)+(j_row*tau_L_s<rset_s))>0)+(j_row<=I43)*K43^j_row*(1-(j_row<=J43)*L43^j_row)*(j_row*G43<rset_s)+(1-(j_row<=I43)*K43^j_row)*(j_row<=J43)*L43^j_row*(j_row*tau_L_s<rset_s)) -> 35 | O43: =IF(O$8<N_st,(N_st-O$8)/N_st,0)*(1-(1-(O$8<=I43)*K43^O$8)*(1-(O$8<=J43)*L43^O$8)) -> 0.93333333 | P43: =IF(P$8<N_st,(N_st-P$8)/N_st,0)*(1-(1-(P$8<=I43)*K43^P$8)*(1-(P$8<=J43)*L43^P$8)) -> 0.86666667 | Q43: =IF(Q$8<N_st,(N_st-Q$8)/N_st,0)*(1-(1-(Q$8<=I43)*K43^Q$8)*(1-(Q$8<=J43)*L43^Q$8)) -> 0.8 | R43: =IF(R$8<N_st,(N_st-R$8)/N_st,0)*(1-(1-(R$8<=I43)*K43^R$8)*(1-(R$8<=J43)*L43^R$8)) -> 0.73333333 | S43: =IF(S$8<N_st,(N_st-S$8)/N_st,0)*(1-(1-(S$8<=I43)*K43^S$8)*(1-(S$8<=J43)*L43^S$8)) -> 0.66666667 | T43: =IF(T$8<N_st,(N_st-T$8)/N_st,0)*(1-(1-(T$8<=I43)*K43^T$8)*(1-(T$8<=J43)*L43^T$8)) -> 0.6 | U43: =IF(U$8<N_st,(N_st-U$8)/N_st,0)*(1-(1-(U$8<=I43)*K43^U$8)*(1-(U$8<=J43)*L43^U$8)) -> 0.53333333 | V43: =IF(V$8<N_st,(N_st-V$8)/N_st,0)*(1-(1-(V$8<=I43)*K43^V$8)*(1-(V$8<=J43)*L43^V$8)) -> 0.46666667 | W43: =IF(W$8<N_st,(N_st-W$8)/N_st,0)*(1-(1-(W$8<=I43)*K43^W$8)*(1-(W$8<=J43)*L43^W$8)) -> 0.4 | X43: =IF(X$8<N_st,(N_st-X$8)/N_st,0)*(1-(1-(X$8<=I43)*K43^X$8)*(1-(X$8<=J43)*L43^X$8)) -> 0.33333333 | Y43: =IF(Y$8<N_st,(N_st-Y$8)/N_st,0)*(1-(1-(Y$8<=I43)*K43^Y$8)*(1-(Y$8<=J43)*L43^Y$8)) -> 0.26666667 | Z43: =IF(Z$8<N_st,(N_st-Z$8)/N_st,0)*(1-(1-(Z$8<=I43)*K43^Z$8)*(1-(Z$8<=J43)*L43^Z$8)) -> 0.2 | AA43: =IF(AA$8<N_st,(N_st-AA$8)/N_st,0)*(1-(1-(AA$8<=I43)*K43^AA$8)*(1-(AA$8<=J43)*L43^AA$8)) -> 0.13333333 | AB43: =IF(AB$8<N_st,(N_st-AB$8)/N_st,0)*(1-(1-(AB$8<=I43)*K43^AB$8)*(1-(AB$8<=J43)*L43^AB$8)) -> 0.066666667 | AC43: =IF(AC$8<N_st,(N_st-AC$8)/N_st,0)*(1-(1-(AC$8<=I43)*K43^AC$8)*(1-(AC$8<=J43)*L43^AC$8)) -> 0 | AD43: =IF(AD$8<N_st,(N_st-AD$8)/N_st,0)*(1-(1-(AD$8<=I43)*K43^AD$8)*(1-(AD$8<=J43)*L43^AD$8)) -> 0 | AE43: =IF(AE$8<N_st,(N_st-AE$8)/N_st,0)*(1-(1-(AE$8<=I43)*K43^AE$8)*(1-(AE$8<=J43)*L43^AE$8)) -> 0 | AF43: =IF(AF$8<N_st,(N_st-AF$8)/N_st,0)*(1-(1-(AF$8<=I43)*K43^AF$8)*(1-(AF$8<=J43)*L43^AF$8)) -> 0 | AG43: =IF(AG$8<N_st,(N_st-AG$8)/N_st,0)*(1-(1-(AG$8<=I43)*K43^AG$8)*(1-(AG$8<=J43)*L43^AG$8)) -> 0 | AH43: =IF(AH$8<N_st,(N_st-AH$8)/N_st,0)*(1-(1-(AH$8<=I43)*K43^AH$8)*(1-(AH$8<=J43)*L43^AH$8)) -> 0
A44: PIR_C | B44: PIR_C-2 | C44: 1 | D44: 1 | E44: 1 | F44: =(1/2_시험자료!$D$22)*2_시험자료!$F$22 -> 0.083333333 | G44: =2_시험자료!G11 -> 14.5 | H44: =IF(E44=1,1000000000,texp1_s) -> 1000000000 | I44: =FLOOR(MIN(t_fs_s,H44)/G44,1) -> 62 | J44: =IF(C44=1,FLOOR(t_fs_s/tau_L_s,1),0) -> 1 | K44: =IF(D44=1,1-p_cb,1) -> 0.3 | L44: =IF(C44=1,p_L,0) -> 0.15 | M44: =SUMPRODUCT(w_ie1,1-(1-(j_row<=I44)*K44^j_row)*(1-(j_row<=J44)*L44^j_row)) -> 0.4857551 | N44: =occ_st*SUMPRODUCT(w_ie1,(j_row<=I44)*K44^j_row*(j_row<=J44)*L44^j_row*(((j_row*G44<rset_s)+(j_row*tau_L_s<rset_s))>0)+(j_row<=I44)*K44^j_row*(1-(j_row<=J44)*L44^j_row)*(j_row*G44<rset_s)+(1-(j_row<=I44)*K44^j_row)*(j_row<=J44)*L44^j_row*(j_row*tau_L_s<rset_s)) -> 2.4287755 | O44: =IF(O$8<N_st,(N_st-O$8)/N_st,0)*(1-(1-(O$8<=I44)*K44^O$8)*(1-(O$8<=J44)*L44^O$8)) -> 0.378 | P44: =IF(P$8<N_st,(N_st-P$8)/N_st,0)*(1-(1-(P$8<=I44)*K44^P$8)*(1-(P$8<=J44)*L44^P$8)) -> 0.078 | Q44: =IF(Q$8<N_st,(N_st-Q$8)/N_st,0)*(1-(1-(Q$8<=I44)*K44^Q$8)*(1-(Q$8<=J44)*L44^Q$8)) -> 0.0216 | R44: =IF(R$8<N_st,(N_st-R$8)/N_st,0)*(1-(1-(R$8<=I44)*K44^R$8)*(1-(R$8<=J44)*L44^R$8)) -> 0.00594 | S44: =IF(S$8<N_st,(N_st-S$8)/N_st,0)*(1-(1-(S$8<=I44)*K44^S$8)*(1-(S$8<=J44)*L44^S$8)) -> 0.00162 | T44: =IF(T$8<N_st,(N_st-T$8)/N_st,0)*(1-(1-(T$8<=I44)*K44^T$8)*(1-(T$8<=J44)*L44^T$8)) -> 0.0004374 | U44: =IF(U$8<N_st,(N_st-U$8)/N_st,0)*(1-(1-(U$8<=I44)*K44^U$8)*(1-(U$8<=J44)*L44^U$8)) -> 0.00011664 | V44: =IF(V$8<N_st,(N_st-V$8)/N_st,0)*(1-(1-(V$8<=I44)*K44^V$8)*(1-(V$8<=J44)*L44^V$8)) -> 3.0618e-05 | W44: =IF(W$8<N_st,(N_st-W$8)/N_st,0)*(1-(1-(W$8<=I44)*K44^W$8)*(1-(W$8<=J44)*L44^W$8)) -> 7.8732e-06 | X44: =IF(X$8<N_st,(N_st-X$8)/N_st,0)*(1-(1-(X$8<=I44)*K44^X$8)*(1-(X$8<=J44)*L44^X$8)) -> 1.9683e-06 | Y44: =IF(Y$8<N_st,(N_st-Y$8)/N_st,0)*(1-(1-(Y$8<=I44)*K44^Y$8)*(1-(Y$8<=J44)*L44^Y$8)) -> 4.72392e-07 | Z44: =IF(Z$8<N_st,(N_st-Z$8)/N_st,0)*(1-(1-(Z$8<=I44)*K44^Z$8)*(1-(Z$8<=J44)*L44^Z$8)) -> 1.062882e-07 | AA44: =IF(AA$8<N_st,(N_st-AA$8)/N_st,0)*(1-(1-(AA$8<=I44)*K44^AA$8)*(1-(AA$8<=J44)*L44^AA$8)) -> 2.125764e-08 | AB44: =IF(AB$8<N_st,(N_st-AB$8)/N_st,0)*(1-(1-(AB$8<=I44)*K44^AB$8)*(1-(AB$8<=J44)*L44^AB$8)) -> 3.188646e-09 | AC44: =IF(AC$8<N_st,(N_st-AC$8)/N_st,0)*(1-(1-(AC$8<=I44)*K44^AC$8)*(1-(AC$8<=J44)*L44^AC$8)) -> 0 | AD44: =IF(AD$8<N_st,(N_st-AD$8)/N_st,0)*(1-(1-(AD$8<=I44)*K44^AD$8)*(1-(AD$8<=J44)*L44^AD$8)) -> 0 | AE44: =IF(AE$8<N_st,(N_st-AE$8)/N_st,0)*(1-(1-(AE$8<=I44)*K44^AE$8)*(1-(AE$8<=J44)*L44^AE$8)) -> 0 | AF44: =IF(AF$8<N_st,(N_st-AF$8)/N_st,0)*(1-(1-(AF$8<=I44)*K44^AF$8)*(1-(AF$8<=J44)*L44^AF$8)) -> 0 | AG44: =IF(AG$8<N_st,(N_st-AG$8)/N_st,0)*(1-(1-(AG$8<=I44)*K44^AG$8)*(1-(AG$8<=J44)*L44^AG$8)) -> 0 | AH44: =IF(AH$8<N_st,(N_st-AH$8)/N_st,0)*(1-(1-(AH$8<=I44)*K44^AH$8)*(1-(AH$8<=J44)*L44^AH$8)) -> 0
A45: PIR_C | B45: PIR_C-2 | C45: 1 | D45: 1 | E45: 0 | F45: =(1/2_시험자료!$D$22)*(1-2_시험자료!$F$22) -> 0.41666667 | G45: =2_시험자료!G11 -> 14.5 | H45: =IF(E45=1,1000000000,texp1_s) -> 1200 | I45: =FLOOR(MIN(t_fs_s,H45)/G45,1) -> 62 | J45: =IF(C45=1,FLOOR(t_fs_s/tau_L_s,1),0) -> 1 | K45: =IF(D45=1,1-p_cb,1) -> 0.3 | L45: =IF(C45=1,p_L,0) -> 0.15 | M45: =SUMPRODUCT(w_ie1,1-(1-(j_row<=I45)*K45^j_row)*(1-(j_row<=J45)*L45^j_row)) -> 0.4857551 | N45: =occ_st*SUMPRODUCT(w_ie1,(j_row<=I45)*K45^j_row*(j_row<=J45)*L45^j_row*(((j_row*G45<rset_s)+(j_row*tau_L_s<rset_s))>0)+(j_row<=I45)*K45^j_row*(1-(j_row<=J45)*L45^j_row)*(j_row*G45<rset_s)+(1-(j_row<=I45)*K45^j_row)*(j_row<=J45)*L45^j_row*(j_row*tau_L_s<rset_s)) -> 2.4287755 | O45: =IF(O$8<N_st,(N_st-O$8)/N_st,0)*(1-(1-(O$8<=I45)*K45^O$8)*(1-(O$8<=J45)*L45^O$8)) -> 0.378 | P45: =IF(P$8<N_st,(N_st-P$8)/N_st,0)*(1-(1-(P$8<=I45)*K45^P$8)*(1-(P$8<=J45)*L45^P$8)) -> 0.078 | Q45: =IF(Q$8<N_st,(N_st-Q$8)/N_st,0)*(1-(1-(Q$8<=I45)*K45^Q$8)*(1-(Q$8<=J45)*L45^Q$8)) -> 0.0216 | R45: =IF(R$8<N_st,(N_st-R$8)/N_st,0)*(1-(1-(R$8<=I45)*K45^R$8)*(1-(R$8<=J45)*L45^R$8)) -> 0.00594 | S45: =IF(S$8<N_st,(N_st-S$8)/N_st,0)*(1-(1-(S$8<=I45)*K45^S$8)*(1-(S$8<=J45)*L45^S$8)) -> 0.00162 | T45: =IF(T$8<N_st,(N_st-T$8)/N_st,0)*(1-(1-(T$8<=I45)*K45^T$8)*(1-(T$8<=J45)*L45^T$8)) -> 0.0004374 | U45: =IF(U$8<N_st,(N_st-U$8)/N_st,0)*(1-(1-(U$8<=I45)*K45^U$8)*(1-(U$8<=J45)*L45^U$8)) -> 0.00011664 | V45: =IF(V$8<N_st,(N_st-V$8)/N_st,0)*(1-(1-(V$8<=I45)*K45^V$8)*(1-(V$8<=J45)*L45^V$8)) -> 3.0618e-05 | W45: =IF(W$8<N_st,(N_st-W$8)/N_st,0)*(1-(1-(W$8<=I45)*K45^W$8)*(1-(W$8<=J45)*L45^W$8)) -> 7.8732e-06 | X45: =IF(X$8<N_st,(N_st-X$8)/N_st,0)*(1-(1-(X$8<=I45)*K45^X$8)*(1-(X$8<=J45)*L45^X$8)) -> 1.9683e-06 | Y45: =IF(Y$8<N_st,(N_st-Y$8)/N_st,0)*(1-(1-(Y$8<=I45)*K45^Y$8)*(1-(Y$8<=J45)*L45^Y$8)) -> 4.72392e-07 | Z45: =IF(Z$8<N_st,(N_st-Z$8)/N_st,0)*(1-(1-(Z$8<=I45)*K45^Z$8)*(1-(Z$8<=J45)*L45^Z$8)) -> 1.062882e-07 | AA45: =IF(AA$8<N_st,(N_st-AA$8)/N_st,0)*(1-(1-(AA$8<=I45)*K45^AA$8)*(1-(AA$8<=J45)*L45^AA$8)) -> 2.125764e-08 | AB45: =IF(AB$8<N_st,(N_st-AB$8)/N_st,0)*(1-(1-(AB$8<=I45)*K45^AB$8)*(1-(AB$8<=J45)*L45^AB$8)) -> 3.188646e-09 | AC45: =IF(AC$8<N_st,(N_st-AC$8)/N_st,0)*(1-(1-(AC$8<=I45)*K45^AC$8)*(1-(AC$8<=J45)*L45^AC$8)) -> 0 | AD45: =IF(AD$8<N_st,(N_st-AD$8)/N_st,0)*(1-(1-(AD$8<=I45)*K45^AD$8)*(1-(AD$8<=J45)*L45^AD$8)) -> 0 | AE45: =IF(AE$8<N_st,(N_st-AE$8)/N_st,0)*(1-(1-(AE$8<=I45)*K45^AE$8)*(1-(AE$8<=J45)*L45^AE$8)) -> 0 | AF45: =IF(AF$8<N_st,(N_st-AF$8)/N_st,0)*(1-(1-(AF$8<=I45)*K45^AF$8)*(1-(AF$8<=J45)*L45^AF$8)) -> 0 | AG45: =IF(AG$8<N_st,(N_st-AG$8)/N_st,0)*(1-(1-(AG$8<=I45)*K45^AG$8)*(1-(AG$8<=J45)*L45^AG$8)) -> 0 | AH45: =IF(AH$8<N_st,(N_st-AH$8)/N_st,0)*(1-(1-(AH$8<=I45)*K45^AH$8)*(1-(AH$8<=J45)*L45^AH$8)) -> 0
A46: PIR_C | B46: PIR_C-2 | C46: 2 | D46: 0 | E46: 1 | F46: =(1/2_시험자료!$D$22)*2_시험자료!$F$22 -> 0.083333333 | G46: =2_시험자료!G11 -> 14.5 | H46: =IF(E46=1,1000000000,texp2_s) -> 1000000000 | I46: =FLOOR(MIN(t_fs_s,H46)/G46,1) -> 62 | J46: =IF(C46=1,FLOOR(t_fs_s/tau_L_s,1),0) -> 0 | K46: =IF(D46=1,1-p_cb,1) -> 1 | L46: =IF(C46=1,p_L,0) -> 0 | M46: =SUMPRODUCT(w_ie2,1-(1-(j_row<=I46)*K46^j_row)*(1-(j_row<=J46)*L46^j_row)) -> 14 | N46: =occ_st*SUMPRODUCT(w_ie2,(j_row<=I46)*K46^j_row*(j_row<=J46)*L46^j_row*(((j_row*G46<rset_s)+(j_row*tau_L_s<rset_s))>0)+(j_row<=I46)*K46^j_row*(1-(j_row<=J46)*L46^j_row)*(j_row*G46<rset_s)+(1-(j_row<=I46)*K46^j_row)*(j_row<=J46)*L46^j_row*(j_row*tau_L_s<rset_s)) -> 70 | O46: =IF(O$8<N_st,1,0)*(1-(1-(O$8<=I46)*K46^O$8)*(1-(O$8<=J46)*L46^O$8)) -> 1 | P46: =IF(P$8<N_st,1,0)*(1-(1-(P$8<=I46)*K46^P$8)*(1-(P$8<=J46)*L46^P$8)) -> 1 | Q46: =IF(Q$8<N_st,1,0)*(1-(1-(Q$8<=I46)*K46^Q$8)*(1-(Q$8<=J46)*L46^Q$8)) -> 1 | R46: =IF(R$8<N_st,1,0)*(1-(1-(R$8<=I46)*K46^R$8)*(1-(R$8<=J46)*L46^R$8)) -> 1 | S46: =IF(S$8<N_st,1,0)*(1-(1-(S$8<=I46)*K46^S$8)*(1-(S$8<=J46)*L46^S$8)) -> 1 | T46: =IF(T$8<N_st,1,0)*(1-(1-(T$8<=I46)*K46^T$8)*(1-(T$8<=J46)*L46^T$8)) -> 1 | U46: =IF(U$8<N_st,1,0)*(1-(1-(U$8<=I46)*K46^U$8)*(1-(U$8<=J46)*L46^U$8)) -> 1 | V46: =IF(V$8<N_st,1,0)*(1-(1-(V$8<=I46)*K46^V$8)*(1-(V$8<=J46)*L46^V$8)) -> 1 | W46: =IF(W$8<N_st,1,0)*(1-(1-(W$8<=I46)*K46^W$8)*(1-(W$8<=J46)*L46^W$8)) -> 1 | X46: =IF(X$8<N_st,1,0)*(1-(1-(X$8<=I46)*K46^X$8)*(1-(X$8<=J46)*L46^X$8)) -> 1 | Y46: =IF(Y$8<N_st,1,0)*(1-(1-(Y$8<=I46)*K46^Y$8)*(1-(Y$8<=J46)*L46^Y$8)) -> 1 | Z46: =IF(Z$8<N_st,1,0)*(1-(1-(Z$8<=I46)*K46^Z$8)*(1-(Z$8<=J46)*L46^Z$8)) -> 1 | AA46: =IF(AA$8<N_st,1,0)*(1-(1-(AA$8<=I46)*K46^AA$8)*(1-(AA$8<=J46)*L46^AA$8)) -> 1 | AB46: =IF(AB$8<N_st,1,0)*(1-(1-(AB$8<=I46)*K46^AB$8)*(1-(AB$8<=J46)*L46^AB$8)) -> 1 | AC46: =IF(AC$8<N_st,1,0)*(1-(1-(AC$8<=I46)*K46^AC$8)*(1-(AC$8<=J46)*L46^AC$8)) -> 0 | AD46: =IF(AD$8<N_st,1,0)*(1-(1-(AD$8<=I46)*K46^AD$8)*(1-(AD$8<=J46)*L46^AD$8)) -> 0 | AE46: =IF(AE$8<N_st,1,0)*(1-(1-(AE$8<=I46)*K46^AE$8)*(1-(AE$8<=J46)*L46^AE$8)) -> 0 | AF46: =IF(AF$8<N_st,1,0)*(1-(1-(AF$8<=I46)*K46^AF$8)*(1-(AF$8<=J46)*L46^AF$8)) -> 0 | AG46: =IF(AG$8<N_st,1,0)*(1-(1-(AG$8<=I46)*K46^AG$8)*(1-(AG$8<=J46)*L46^AG$8)) -> 0 | AH46: =IF(AH$8<N_st,1,0)*(1-(1-(AH$8<=I46)*K46^AH$8)*(1-(AH$8<=J46)*L46^AH$8)) -> 0
A47: PIR_C | B47: PIR_C-2 | C47: 2 | D47: 0 | E47: 0 | F47: =(1/2_시험자료!$D$22)*(1-2_시험자료!$F$22) -> 0.41666667 | G47: =2_시험자료!G11 -> 14.5 | H47: =IF(E47=1,1000000000,texp2_s) -> 750 | I47: =FLOOR(MIN(t_fs_s,H47)/G47,1) -> 51 | J47: =IF(C47=1,FLOOR(t_fs_s/tau_L_s,1),0) -> 0 | K47: =IF(D47=1,1-p_cb,1) -> 1 | L47: =IF(C47=1,p_L,0) -> 0 | M47: =SUMPRODUCT(w_ie2,1-(1-(j_row<=I47)*K47^j_row)*(1-(j_row<=J47)*L47^j_row)) -> 14 | N47: =occ_st*SUMPRODUCT(w_ie2,(j_row<=I47)*K47^j_row*(j_row<=J47)*L47^j_row*(((j_row*G47<rset_s)+(j_row*tau_L_s<rset_s))>0)+(j_row<=I47)*K47^j_row*(1-(j_row<=J47)*L47^j_row)*(j_row*G47<rset_s)+(1-(j_row<=I47)*K47^j_row)*(j_row<=J47)*L47^j_row*(j_row*tau_L_s<rset_s)) -> 70 | O47: =IF(O$8<N_st,1,0)*(1-(1-(O$8<=I47)*K47^O$8)*(1-(O$8<=J47)*L47^O$8)) -> 1 | P47: =IF(P$8<N_st,1,0)*(1-(1-(P$8<=I47)*K47^P$8)*(1-(P$8<=J47)*L47^P$8)) -> 1 | Q47: =IF(Q$8<N_st,1,0)*(1-(1-(Q$8<=I47)*K47^Q$8)*(1-(Q$8<=J47)*L47^Q$8)) -> 1 | R47: =IF(R$8<N_st,1,0)*(1-(1-(R$8<=I47)*K47^R$8)*(1-(R$8<=J47)*L47^R$8)) -> 1 | S47: =IF(S$8<N_st,1,0)*(1-(1-(S$8<=I47)*K47^S$8)*(1-(S$8<=J47)*L47^S$8)) -> 1 | T47: =IF(T$8<N_st,1,0)*(1-(1-(T$8<=I47)*K47^T$8)*(1-(T$8<=J47)*L47^T$8)) -> 1 | U47: =IF(U$8<N_st,1,0)*(1-(1-(U$8<=I47)*K47^U$8)*(1-(U$8<=J47)*L47^U$8)) -> 1 | V47: =IF(V$8<N_st,1,0)*(1-(1-(V$8<=I47)*K47^V$8)*(1-(V$8<=J47)*L47^V$8)) -> 1 | W47: =IF(W$8<N_st,1,0)*(1-(1-(W$8<=I47)*K47^W$8)*(1-(W$8<=J47)*L47^W$8)) -> 1 | X47: =IF(X$8<N_st,1,0)*(1-(1-(X$8<=I47)*K47^X$8)*(1-(X$8<=J47)*L47^X$8)) -> 1 | Y47: =IF(Y$8<N_st,1,0)*(1-(1-(Y$8<=I47)*K47^Y$8)*(1-(Y$8<=J47)*L47^Y$8)) -> 1 | Z47: =IF(Z$8<N_st,1,0)*(1-(1-(Z$8<=I47)*K47^Z$8)*(1-(Z$8<=J47)*L47^Z$8)) -> 1 | AA47: =IF(AA$8<N_st,1,0)*(1-(1-(AA$8<=I47)*K47^AA$8)*(1-(AA$8<=J47)*L47^AA$8)) -> 1 | AB47: =IF(AB$8<N_st,1,0)*(1-(1-(AB$8<=I47)*K47^AB$8)*(1-(AB$8<=J47)*L47^AB$8)) -> 1 | AC47: =IF(AC$8<N_st,1,0)*(1-(1-(AC$8<=I47)*K47^AC$8)*(1-(AC$8<=J47)*L47^AC$8)) -> 0 | AD47: =IF(AD$8<N_st,1,0)*(1-(1-(AD$8<=I47)*K47^AD$8)*(1-(AD$8<=J47)*L47^AD$8)) -> 0 | AE47: =IF(AE$8<N_st,1,0)*(1-(1-(AE$8<=I47)*K47^AE$8)*(1-(AE$8<=J47)*L47^AE$8)) -> 0 | AF47: =IF(AF$8<N_st,1,0)*(1-(1-(AF$8<=I47)*K47^AF$8)*(1-(AF$8<=J47)*L47^AF$8)) -> 0 | AG47: =IF(AG$8<N_st,1,0)*(1-(1-(AG$8<=I47)*K47^AG$8)*(1-(AG$8<=J47)*L47^AG$8)) -> 0 | AH47: =IF(AH$8<N_st,1,0)*(1-(1-(AH$8<=I47)*K47^AH$8)*(1-(AH$8<=J47)*L47^AH$8)) -> 0
A48: PIR_C | B48: PIR_C-2 | C48: 2 | D48: 1 | E48: 1 | F48: =(1/2_시험자료!$D$22)*2_시험자료!$F$22 -> 0.083333333 | G48: =2_시험자료!G11 -> 14.5 | H48: =IF(E48=1,1000000000,texp2_s) -> 1000000000 | I48: =FLOOR(MIN(t_fs_s,H48)/G48,1) -> 62 | J48: =IF(C48=1,FLOOR(t_fs_s/tau_L_s,1),0) -> 0 | K48: =IF(D48=1,1-p_cb,1) -> 0.3 | L48: =IF(C48=1,p_L,0) -> 0 | M48: =SUMPRODUCT(w_ie2,1-(1-(j_row<=I48)*K48^j_row)*(1-(j_row<=J48)*L48^j_row)) -> 0.42857141 | N48: =occ_st*SUMPRODUCT(w_ie2,(j_row<=I48)*K48^j_row*(j_row<=J48)*L48^j_row*(((j_row*G48<rset_s)+(j_row*tau_L_s<rset_s))>0)+(j_row<=I48)*K48^j_row*(1-(j_row<=J48)*L48^j_row)*(j_row*G48<rset_s)+(1-(j_row<=I48)*K48^j_row)*(j_row<=J48)*L48^j_row*(j_row*tau_L_s<rset_s)) -> 2.142857 | O48: =IF(O$8<N_st,1,0)*(1-(1-(O$8<=I48)*K48^O$8)*(1-(O$8<=J48)*L48^O$8)) -> 0.3 | P48: =IF(P$8<N_st,1,0)*(1-(1-(P$8<=I48)*K48^P$8)*(1-(P$8<=J48)*L48^P$8)) -> 0.09 | Q48: =IF(Q$8<N_st,1,0)*(1-(1-(Q$8<=I48)*K48^Q$8)*(1-(Q$8<=J48)*L48^Q$8)) -> 0.027 | R48: =IF(R$8<N_st,1,0)*(1-(1-(R$8<=I48)*K48^R$8)*(1-(R$8<=J48)*L48^R$8)) -> 0.0081 | S48: =IF(S$8<N_st,1,0)*(1-(1-(S$8<=I48)*K48^S$8)*(1-(S$8<=J48)*L48^S$8)) -> 0.00243 | T48: =IF(T$8<N_st,1,0)*(1-(1-(T$8<=I48)*K48^T$8)*(1-(T$8<=J48)*L48^T$8)) -> 0.000729 | U48: =IF(U$8<N_st,1,0)*(1-(1-(U$8<=I48)*K48^U$8)*(1-(U$8<=J48)*L48^U$8)) -> 0.0002187 | V48: =IF(V$8<N_st,1,0)*(1-(1-(V$8<=I48)*K48^V$8)*(1-(V$8<=J48)*L48^V$8)) -> 6.561e-05 | W48: =IF(W$8<N_st,1,0)*(1-(1-(W$8<=I48)*K48^W$8)*(1-(W$8<=J48)*L48^W$8)) -> 1.9683e-05 | X48: =IF(X$8<N_st,1,0)*(1-(1-(X$8<=I48)*K48^X$8)*(1-(X$8<=J48)*L48^X$8)) -> 5.9049e-06 | Y48: =IF(Y$8<N_st,1,0)*(1-(1-(Y$8<=I48)*K48^Y$8)*(1-(Y$8<=J48)*L48^Y$8)) -> 1.77147e-06 | Z48: =IF(Z$8<N_st,1,0)*(1-(1-(Z$8<=I48)*K48^Z$8)*(1-(Z$8<=J48)*L48^Z$8)) -> 5.31441e-07 | AA48: =IF(AA$8<N_st,1,0)*(1-(1-(AA$8<=I48)*K48^AA$8)*(1-(AA$8<=J48)*L48^AA$8)) -> 1.594323e-07 | AB48: =IF(AB$8<N_st,1,0)*(1-(1-(AB$8<=I48)*K48^AB$8)*(1-(AB$8<=J48)*L48^AB$8)) -> 4.782969e-08 | AC48: =IF(AC$8<N_st,1,0)*(1-(1-(AC$8<=I48)*K48^AC$8)*(1-(AC$8<=J48)*L48^AC$8)) -> 0 | AD48: =IF(AD$8<N_st,1,0)*(1-(1-(AD$8<=I48)*K48^AD$8)*(1-(AD$8<=J48)*L48^AD$8)) -> 0 | AE48: =IF(AE$8<N_st,1,0)*(1-(1-(AE$8<=I48)*K48^AE$8)*(1-(AE$8<=J48)*L48^AE$8)) -> 0 | AF48: =IF(AF$8<N_st,1,0)*(1-(1-(AF$8<=I48)*K48^AF$8)*(1-(AF$8<=J48)*L48^AF$8)) -> 0 | AG48: =IF(AG$8<N_st,1,0)*(1-(1-(AG$8<=I48)*K48^AG$8)*(1-(AG$8<=J48)*L48^AG$8)) -> 0 | AH48: =IF(AH$8<N_st,1,0)*(1-(1-(AH$8<=I48)*K48^AH$8)*(1-(AH$8<=J48)*L48^AH$8)) -> 0
A49: PIR_C | B49: PIR_C-2 | C49: 2 | D49: 1 | E49: 0 | F49: =(1/2_시험자료!$D$22)*(1-2_시험자료!$F$22) -> 0.41666667 | G49: =2_시험자료!G11 -> 14.5 | H49: =IF(E49=1,1000000000,texp2_s) -> 750 | I49: =FLOOR(MIN(t_fs_s,H49)/G49,1) -> 51 | J49: =IF(C49=1,FLOOR(t_fs_s/tau_L_s,1),0) -> 0 | K49: =IF(D49=1,1-p_cb,1) -> 0.3 | L49: =IF(C49=1,p_L,0) -> 0 | M49: =SUMPRODUCT(w_ie2,1-(1-(j_row<=I49)*K49^j_row)*(1-(j_row<=J49)*L49^j_row)) -> 0.42857141 | N49: =occ_st*SUMPRODUCT(w_ie2,(j_row<=I49)*K49^j_row*(j_row<=J49)*L49^j_row*(((j_row*G49<rset_s)+(j_row*tau_L_s<rset_s))>0)+(j_row<=I49)*K49^j_row*(1-(j_row<=J49)*L49^j_row)*(j_row*G49<rset_s)+(1-(j_row<=I49)*K49^j_row)*(j_row<=J49)*L49^j_row*(j_row*tau_L_s<rset_s)) -> 2.142857 | O49: =IF(O$8<N_st,1,0)*(1-(1-(O$8<=I49)*K49^O$8)*(1-(O$8<=J49)*L49^O$8)) -> 0.3 | P49: =IF(P$8<N_st,1,0)*(1-(1-(P$8<=I49)*K49^P$8)*(1-(P$8<=J49)*L49^P$8)) -> 0.09 | Q49: =IF(Q$8<N_st,1,0)*(1-(1-(Q$8<=I49)*K49^Q$8)*(1-(Q$8<=J49)*L49^Q$8)) -> 0.027 | R49: =IF(R$8<N_st,1,0)*(1-(1-(R$8<=I49)*K49^R$8)*(1-(R$8<=J49)*L49^R$8)) -> 0.0081 | S49: =IF(S$8<N_st,1,0)*(1-(1-(S$8<=I49)*K49^S$8)*(1-(S$8<=J49)*L49^S$8)) -> 0.00243 | T49: =IF(T$8<N_st,1,0)*(1-(1-(T$8<=I49)*K49^T$8)*(1-(T$8<=J49)*L49^T$8)) -> 0.000729 | U49: =IF(U$8<N_st,1,0)*(1-(1-(U$8<=I49)*K49^U$8)*(1-(U$8<=J49)*L49^U$8)) -> 0.0002187 | V49: =IF(V$8<N_st,1,0)*(1-(1-(V$8<=I49)*K49^V$8)*(1-(V$8<=J49)*L49^V$8)) -> 6.561e-05 | W49: =IF(W$8<N_st,1,0)*(1-(1-(W$8<=I49)*K49^W$8)*(1-(W$8<=J49)*L49^W$8)) -> 1.9683e-05 | X49: =IF(X$8<N_st,1,0)*(1-(1-(X$8<=I49)*K49^X$8)*(1-(X$8<=J49)*L49^X$8)) -> 5.9049e-06 | Y49: =IF(Y$8<N_st,1,0)*(1-(1-(Y$8<=I49)*K49^Y$8)*(1-(Y$8<=J49)*L49^Y$8)) -> 1.77147e-06 | Z49: =IF(Z$8<N_st,1,0)*(1-(1-(Z$8<=I49)*K49^Z$8)*(1-(Z$8<=J49)*L49^Z$8)) -> 5.31441e-07 | AA49: =IF(AA$8<N_st,1,0)*(1-(1-(AA$8<=I49)*K49^AA$8)*(1-(AA$8<=J49)*L49^AA$8)) -> 1.594323e-07 | AB49: =IF(AB$8<N_st,1,0)*(1-(1-(AB$8<=I49)*K49^AB$8)*(1-(AB$8<=J49)*L49^AB$8)) -> 4.782969e-08 | AC49: =IF(AC$8<N_st,1,0)*(1-(1-(AC$8<=I49)*K49^AC$8)*(1-(AC$8<=J49)*L49^AC$8)) -> 0 | AD49: =IF(AD$8<N_st,1,0)*(1-(1-(AD$8<=I49)*K49^AD$8)*(1-(AD$8<=J49)*L49^AD$8)) -> 0 | AE49: =IF(AE$8<N_st,1,0)*(1-(1-(AE$8<=I49)*K49^AE$8)*(1-(AE$8<=J49)*L49^AE$8)) -> 0 | AF49: =IF(AF$8<N_st,1,0)*(1-(1-(AF$8<=I49)*K49^AF$8)*(1-(AF$8<=J49)*L49^AF$8)) -> 0 | AG49: =IF(AG$8<N_st,1,0)*(1-(1-(AG$8<=I49)*K49^AG$8)*(1-(AG$8<=J49)*L49^AG$8)) -> 0 | AH49: =IF(AH$8<N_st,1,0)*(1-(1-(AH$8<=I49)*K49^AH$8)*(1-(AH$8<=J49)*L49^AH$8)) -> 0
A50: PIR_SC | B50: PIR_SC-1 | C50: 1 | D50: 0 | E50: 1 | F50: =(1/2_시험자료!$D$23)*2_시험자료!$F$23 -> 0.083333333 | G50: =2_시험자료!G12 -> 534 | H50: =IF(E50=1,1000000000,texp1_s) -> 1000000000 | I50: =FLOOR(MIN(t_fs_s,H50)/G50,1) -> 1 | J50: =IF(C50=1,FLOOR(t_fs_s/tau_L_s,1),0) -> 1 | K50: =IF(D50=1,1-p_cb,1) -> 1 | L50: =IF(C50=1,p_L,0) -> 0.15 | M50: =SUMPRODUCT(w_ie1,1-(1-(j_row<=I50)*K50^j_row)*(1-(j_row<=J50)*L50^j_row)) -> 0.93333333 | N50: =occ_st*SUMPRODUCT(w_ie1,(j_row<=I50)*K50^j_row*(j_row<=J50)*L50^j_row*(((j_row*G50<rset_s)+(j_row*tau_L_s<rset_s))>0)+(j_row<=I50)*K50^j_row*(1-(j_row<=J50)*L50^j_row)*(j_row*G50<rset_s)+(1-(j_row<=I50)*K50^j_row)*(j_row<=J50)*L50^j_row*(j_row*tau_L_s<rset_s)) -> 4.6666667 | O50: =IF(O$8<N_st,(N_st-O$8)/N_st,0)*(1-(1-(O$8<=I50)*K50^O$8)*(1-(O$8<=J50)*L50^O$8)) -> 0.93333333 | P50: =IF(P$8<N_st,(N_st-P$8)/N_st,0)*(1-(1-(P$8<=I50)*K50^P$8)*(1-(P$8<=J50)*L50^P$8)) -> 0 | Q50: =IF(Q$8<N_st,(N_st-Q$8)/N_st,0)*(1-(1-(Q$8<=I50)*K50^Q$8)*(1-(Q$8<=J50)*L50^Q$8)) -> 0 | R50: =IF(R$8<N_st,(N_st-R$8)/N_st,0)*(1-(1-(R$8<=I50)*K50^R$8)*(1-(R$8<=J50)*L50^R$8)) -> 0 | S50: =IF(S$8<N_st,(N_st-S$8)/N_st,0)*(1-(1-(S$8<=I50)*K50^S$8)*(1-(S$8<=J50)*L50^S$8)) -> 0 | T50: =IF(T$8<N_st,(N_st-T$8)/N_st,0)*(1-(1-(T$8<=I50)*K50^T$8)*(1-(T$8<=J50)*L50^T$8)) -> 0 | U50: =IF(U$8<N_st,(N_st-U$8)/N_st,0)*(1-(1-(U$8<=I50)*K50^U$8)*(1-(U$8<=J50)*L50^U$8)) -> 0 | V50: =IF(V$8<N_st,(N_st-V$8)/N_st,0)*(1-(1-(V$8<=I50)*K50^V$8)*(1-(V$8<=J50)*L50^V$8)) -> 0 | W50: =IF(W$8<N_st,(N_st-W$8)/N_st,0)*(1-(1-(W$8<=I50)*K50^W$8)*(1-(W$8<=J50)*L50^W$8)) -> 0 | X50: =IF(X$8<N_st,(N_st-X$8)/N_st,0)*(1-(1-(X$8<=I50)*K50^X$8)*(1-(X$8<=J50)*L50^X$8)) -> 0 | Y50: =IF(Y$8<N_st,(N_st-Y$8)/N_st,0)*(1-(1-(Y$8<=I50)*K50^Y$8)*(1-(Y$8<=J50)*L50^Y$8)) -> 0 | Z50: =IF(Z$8<N_st,(N_st-Z$8)/N_st,0)*(1-(1-(Z$8<=I50)*K50^Z$8)*(1-(Z$8<=J50)*L50^Z$8)) -> 0 | AA50: =IF(AA$8<N_st,(N_st-AA$8)/N_st,0)*(1-(1-(AA$8<=I50)*K50^AA$8)*(1-(AA$8<=J50)*L50^AA$8)) -> 0 | AB50: =IF(AB$8<N_st,(N_st-AB$8)/N_st,0)*(1-(1-(AB$8<=I50)*K50^AB$8)*(1-(AB$8<=J50)*L50^AB$8)) -> 0 | AC50: =IF(AC$8<N_st,(N_st-AC$8)/N_st,0)*(1-(1-(AC$8<=I50)*K50^AC$8)*(1-(AC$8<=J50)*L50^AC$8)) -> 0 | AD50: =IF(AD$8<N_st,(N_st-AD$8)/N_st,0)*(1-(1-(AD$8<=I50)*K50^AD$8)*(1-(AD$8<=J50)*L50^AD$8)) -> 0 | AE50: =IF(AE$8<N_st,(N_st-AE$8)/N_st,0)*(1-(1-(AE$8<=I50)*K50^AE$8)*(1-(AE$8<=J50)*L50^AE$8)) -> 0 | AF50: =IF(AF$8<N_st,(N_st-AF$8)/N_st,0)*(1-(1-(AF$8<=I50)*K50^AF$8)*(1-(AF$8<=J50)*L50^AF$8)) -> 0 | AG50: =IF(AG$8<N_st,(N_st-AG$8)/N_st,0)*(1-(1-(AG$8<=I50)*K50^AG$8)*(1-(AG$8<=J50)*L50^AG$8)) -> 0 | AH50: =IF(AH$8<N_st,(N_st-AH$8)/N_st,0)*(1-(1-(AH$8<=I50)*K50^AH$8)*(1-(AH$8<=J50)*L50^AH$8)) -> 0
A51: PIR_SC | B51: PIR_SC-1 | C51: 1 | D51: 0 | E51: 0 | F51: =(1/2_시험자료!$D$23)*(1-2_시험자료!$F$23) -> 0.41666667 | G51: =2_시험자료!G12 -> 534 | H51: =IF(E51=1,1000000000,texp1_s) -> 1200 | I51: =FLOOR(MIN(t_fs_s,H51)/G51,1) -> 1 | J51: =IF(C51=1,FLOOR(t_fs_s/tau_L_s,1),0) -> 1 | K51: =IF(D51=1,1-p_cb,1) -> 1 | L51: =IF(C51=1,p_L,0) -> 0.15 | M51: =SUMPRODUCT(w_ie1,1-(1-(j_row<=I51)*K51^j_row)*(1-(j_row<=J51)*L51^j_row)) -> 0.93333333 | N51: =occ_st*SUMPRODUCT(w_ie1,(j_row<=I51)*K51^j_row*(j_row<=J51)*L51^j_row*(((j_row*G51<rset_s)+(j_row*tau_L_s<rset_s))>0)+(j_row<=I51)*K51^j_row*(1-(j_row<=J51)*L51^j_row)*(j_row*G51<rset_s)+(1-(j_row<=I51)*K51^j_row)*(j_row<=J51)*L51^j_row*(j_row*tau_L_s<rset_s)) -> 4.6666667 | O51: =IF(O$8<N_st,(N_st-O$8)/N_st,0)*(1-(1-(O$8<=I51)*K51^O$8)*(1-(O$8<=J51)*L51^O$8)) -> 0.93333333 | P51: =IF(P$8<N_st,(N_st-P$8)/N_st,0)*(1-(1-(P$8<=I51)*K51^P$8)*(1-(P$8<=J51)*L51^P$8)) -> 0 | Q51: =IF(Q$8<N_st,(N_st-Q$8)/N_st,0)*(1-(1-(Q$8<=I51)*K51^Q$8)*(1-(Q$8<=J51)*L51^Q$8)) -> 0 | R51: =IF(R$8<N_st,(N_st-R$8)/N_st,0)*(1-(1-(R$8<=I51)*K51^R$8)*(1-(R$8<=J51)*L51^R$8)) -> 0 | S51: =IF(S$8<N_st,(N_st-S$8)/N_st,0)*(1-(1-(S$8<=I51)*K51^S$8)*(1-(S$8<=J51)*L51^S$8)) -> 0 | T51: =IF(T$8<N_st,(N_st-T$8)/N_st,0)*(1-(1-(T$8<=I51)*K51^T$8)*(1-(T$8<=J51)*L51^T$8)) -> 0 | U51: =IF(U$8<N_st,(N_st-U$8)/N_st,0)*(1-(1-(U$8<=I51)*K51^U$8)*(1-(U$8<=J51)*L51^U$8)) -> 0 | V51: =IF(V$8<N_st,(N_st-V$8)/N_st,0)*(1-(1-(V$8<=I51)*K51^V$8)*(1-(V$8<=J51)*L51^V$8)) -> 0 | W51: =IF(W$8<N_st,(N_st-W$8)/N_st,0)*(1-(1-(W$8<=I51)*K51^W$8)*(1-(W$8<=J51)*L51^W$8)) -> 0 | X51: =IF(X$8<N_st,(N_st-X$8)/N_st,0)*(1-(1-(X$8<=I51)*K51^X$8)*(1-(X$8<=J51)*L51^X$8)) -> 0 | Y51: =IF(Y$8<N_st,(N_st-Y$8)/N_st,0)*(1-(1-(Y$8<=I51)*K51^Y$8)*(1-(Y$8<=J51)*L51^Y$8)) -> 0 | Z51: =IF(Z$8<N_st,(N_st-Z$8)/N_st,0)*(1-(1-(Z$8<=I51)*K51^Z$8)*(1-(Z$8<=J51)*L51^Z$8)) -> 0 | AA51: =IF(AA$8<N_st,(N_st-AA$8)/N_st,0)*(1-(1-(AA$8<=I51)*K51^AA$8)*(1-(AA$8<=J51)*L51^AA$8)) -> 0 | AB51: =IF(AB$8<N_st,(N_st-AB$8)/N_st,0)*(1-(1-(AB$8<=I51)*K51^AB$8)*(1-(AB$8<=J51)*L51^AB$8)) -> 0 | AC51: =IF(AC$8<N_st,(N_st-AC$8)/N_st,0)*(1-(1-(AC$8<=I51)*K51^AC$8)*(1-(AC$8<=J51)*L51^AC$8)) -> 0 | AD51: =IF(AD$8<N_st,(N_st-AD$8)/N_st,0)*(1-(1-(AD$8<=I51)*K51^AD$8)*(1-(AD$8<=J51)*L51^AD$8)) -> 0 | AE51: =IF(AE$8<N_st,(N_st-AE$8)/N_st,0)*(1-(1-(AE$8<=I51)*K51^AE$8)*(1-(AE$8<=J51)*L51^AE$8)) -> 0 | AF51: =IF(AF$8<N_st,(N_st-AF$8)/N_st,0)*(1-(1-(AF$8<=I51)*K51^AF$8)*(1-(AF$8<=J51)*L51^AF$8)) -> 0 | AG51: =IF(AG$8<N_st,(N_st-AG$8)/N_st,0)*(1-(1-(AG$8<=I51)*K51^AG$8)*(1-(AG$8<=J51)*L51^AG$8)) -> 0 | AH51: =IF(AH$8<N_st,(N_st-AH$8)/N_st,0)*(1-(1-(AH$8<=I51)*K51^AH$8)*(1-(AH$8<=J51)*L51^AH$8)) -> 0
A52: PIR_SC | B52: PIR_SC-1 | C52: 1 | D52: 1 | E52: 1 | F52: =(1/2_시험자료!$D$23)*2_시험자료!$F$23 -> 0.083333333 | G52: =2_시험자료!G12 -> 534 | H52: =IF(E52=1,1000000000,texp1_s) -> 1000000000 | I52: =FLOOR(MIN(t_fs_s,H52)/G52,1) -> 1 | J52: =IF(C52=1,FLOOR(t_fs_s/tau_L_s,1),0) -> 1 | K52: =IF(D52=1,1-p_cb,1) -> 0.3 | L52: =IF(C52=1,p_L,0) -> 0.15 | M52: =SUMPRODUCT(w_ie1,1-(1-(j_row<=I52)*K52^j_row)*(1-(j_row<=J52)*L52^j_row)) -> 0.378 | N52: =occ_st*SUMPRODUCT(w_ie1,(j_row<=I52)*K52^j_row*(j_row<=J52)*L52^j_row*(((j_row*G52<rset_s)+(j_row*tau_L_s<rset_s))>0)+(j_row<=I52)*K52^j_row*(1-(j_row<=J52)*L52^j_row)*(j_row*G52<rset_s)+(1-(j_row<=I52)*K52^j_row)*(j_row<=J52)*L52^j_row*(j_row*tau_L_s<rset_s)) -> 1.89 | O52: =IF(O$8<N_st,(N_st-O$8)/N_st,0)*(1-(1-(O$8<=I52)*K52^O$8)*(1-(O$8<=J52)*L52^O$8)) -> 0.378 | P52: =IF(P$8<N_st,(N_st-P$8)/N_st,0)*(1-(1-(P$8<=I52)*K52^P$8)*(1-(P$8<=J52)*L52^P$8)) -> 0 | Q52: =IF(Q$8<N_st,(N_st-Q$8)/N_st,0)*(1-(1-(Q$8<=I52)*K52^Q$8)*(1-(Q$8<=J52)*L52^Q$8)) -> 0 | R52: =IF(R$8<N_st,(N_st-R$8)/N_st,0)*(1-(1-(R$8<=I52)*K52^R$8)*(1-(R$8<=J52)*L52^R$8)) -> 0 | S52: =IF(S$8<N_st,(N_st-S$8)/N_st,0)*(1-(1-(S$8<=I52)*K52^S$8)*(1-(S$8<=J52)*L52^S$8)) -> 0 | T52: =IF(T$8<N_st,(N_st-T$8)/N_st,0)*(1-(1-(T$8<=I52)*K52^T$8)*(1-(T$8<=J52)*L52^T$8)) -> 0 | U52: =IF(U$8<N_st,(N_st-U$8)/N_st,0)*(1-(1-(U$8<=I52)*K52^U$8)*(1-(U$8<=J52)*L52^U$8)) -> 0 | V52: =IF(V$8<N_st,(N_st-V$8)/N_st,0)*(1-(1-(V$8<=I52)*K52^V$8)*(1-(V$8<=J52)*L52^V$8)) -> 0 | W52: =IF(W$8<N_st,(N_st-W$8)/N_st,0)*(1-(1-(W$8<=I52)*K52^W$8)*(1-(W$8<=J52)*L52^W$8)) -> 0 | X52: =IF(X$8<N_st,(N_st-X$8)/N_st,0)*(1-(1-(X$8<=I52)*K52^X$8)*(1-(X$8<=J52)*L52^X$8)) -> 0 | Y52: =IF(Y$8<N_st,(N_st-Y$8)/N_st,0)*(1-(1-(Y$8<=I52)*K52^Y$8)*(1-(Y$8<=J52)*L52^Y$8)) -> 0 | Z52: =IF(Z$8<N_st,(N_st-Z$8)/N_st,0)*(1-(1-(Z$8<=I52)*K52^Z$8)*(1-(Z$8<=J52)*L52^Z$8)) -> 0 | AA52: =IF(AA$8<N_st,(N_st-AA$8)/N_st,0)*(1-(1-(AA$8<=I52)*K52^AA$8)*(1-(AA$8<=J52)*L52^AA$8)) -> 0 | AB52: =IF(AB$8<N_st,(N_st-AB$8)/N_st,0)*(1-(1-(AB$8<=I52)*K52^AB$8)*(1-(AB$8<=J52)*L52^AB$8)) -> 0 | AC52: =IF(AC$8<N_st,(N_st-AC$8)/N_st,0)*(1-(1-(AC$8<=I52)*K52^AC$8)*(1-(AC$8<=J52)*L52^AC$8)) -> 0 | AD52: =IF(AD$8<N_st,(N_st-AD$8)/N_st,0)*(1-(1-(AD$8<=I52)*K52^AD$8)*(1-(AD$8<=J52)*L52^AD$8)) -> 0 | AE52: =IF(AE$8<N_st,(N_st-AE$8)/N_st,0)*(1-(1-(AE$8<=I52)*K52^AE$8)*(1-(AE$8<=J52)*L52^AE$8)) -> 0 | AF52: =IF(AF$8<N_st,(N_st-AF$8)/N_st,0)*(1-(1-(AF$8<=I52)*K52^AF$8)*(1-(AF$8<=J52)*L52^AF$8)) -> 0 | AG52: =IF(AG$8<N_st,(N_st-AG$8)/N_st,0)*(1-(1-(AG$8<=I52)*K52^AG$8)*(1-(AG$8<=J52)*L52^AG$8)) -> 0 | AH52: =IF(AH$8<N_st,(N_st-AH$8)/N_st,0)*(1-(1-(AH$8<=I52)*K52^AH$8)*(1-(AH$8<=J52)*L52^AH$8)) -> 0
A53: PIR_SC | B53: PIR_SC-1 | C53: 1 | D53: 1 | E53: 0 | F53: =(1/2_시험자료!$D$23)*(1-2_시험자료!$F$23) -> 0.41666667 | G53: =2_시험자료!G12 -> 534 | H53: =IF(E53=1,1000000000,texp1_s) -> 1200 | I53: =FLOOR(MIN(t_fs_s,H53)/G53,1) -> 1 | J53: =IF(C53=1,FLOOR(t_fs_s/tau_L_s,1),0) -> 1 | K53: =IF(D53=1,1-p_cb,1) -> 0.3 | L53: =IF(C53=1,p_L,0) -> 0.15 | M53: =SUMPRODUCT(w_ie1,1-(1-(j_row<=I53)*K53^j_row)*(1-(j_row<=J53)*L53^j_row)) -> 0.378 | N53: =occ_st*SUMPRODUCT(w_ie1,(j_row<=I53)*K53^j_row*(j_row<=J53)*L53^j_row*(((j_row*G53<rset_s)+(j_row*tau_L_s<rset_s))>0)+(j_row<=I53)*K53^j_row*(1-(j_row<=J53)*L53^j_row)*(j_row*G53<rset_s)+(1-(j_row<=I53)*K53^j_row)*(j_row<=J53)*L53^j_row*(j_row*tau_L_s<rset_s)) -> 1.89 | O53: =IF(O$8<N_st,(N_st-O$8)/N_st,0)*(1-(1-(O$8<=I53)*K53^O$8)*(1-(O$8<=J53)*L53^O$8)) -> 0.378 | P53: =IF(P$8<N_st,(N_st-P$8)/N_st,0)*(1-(1-(P$8<=I53)*K53^P$8)*(1-(P$8<=J53)*L53^P$8)) -> 0 | Q53: =IF(Q$8<N_st,(N_st-Q$8)/N_st,0)*(1-(1-(Q$8<=I53)*K53^Q$8)*(1-(Q$8<=J53)*L53^Q$8)) -> 0 | R53: =IF(R$8<N_st,(N_st-R$8)/N_st,0)*(1-(1-(R$8<=I53)*K53^R$8)*(1-(R$8<=J53)*L53^R$8)) -> 0 | S53: =IF(S$8<N_st,(N_st-S$8)/N_st,0)*(1-(1-(S$8<=I53)*K53^S$8)*(1-(S$8<=J53)*L53^S$8)) -> 0 | T53: =IF(T$8<N_st,(N_st-T$8)/N_st,0)*(1-(1-(T$8<=I53)*K53^T$8)*(1-(T$8<=J53)*L53^T$8)) -> 0 | U53: =IF(U$8<N_st,(N_st-U$8)/N_st,0)*(1-(1-(U$8<=I53)*K53^U$8)*(1-(U$8<=J53)*L53^U$8)) -> 0 | V53: =IF(V$8<N_st,(N_st-V$8)/N_st,0)*(1-(1-(V$8<=I53)*K53^V$8)*(1-(V$8<=J53)*L53^V$8)) -> 0 | W53: =IF(W$8<N_st,(N_st-W$8)/N_st,0)*(1-(1-(W$8<=I53)*K53^W$8)*(1-(W$8<=J53)*L53^W$8)) -> 0 | X53: =IF(X$8<N_st,(N_st-X$8)/N_st,0)*(1-(1-(X$8<=I53)*K53^X$8)*(1-(X$8<=J53)*L53^X$8)) -> 0 | Y53: =IF(Y$8<N_st,(N_st-Y$8)/N_st,0)*(1-(1-(Y$8<=I53)*K53^Y$8)*(1-(Y$8<=J53)*L53^Y$8)) -> 0 | Z53: =IF(Z$8<N_st,(N_st-Z$8)/N_st,0)*(1-(1-(Z$8<=I53)*K53^Z$8)*(1-(Z$8<=J53)*L53^Z$8)) -> 0 | AA53: =IF(AA$8<N_st,(N_st-AA$8)/N_st,0)*(1-(1-(AA$8<=I53)*K53^AA$8)*(1-(AA$8<=J53)*L53^AA$8)) -> 0 | AB53: =IF(AB$8<N_st,(N_st-AB$8)/N_st,0)*(1-(1-(AB$8<=I53)*K53^AB$8)*(1-(AB$8<=J53)*L53^AB$8)) -> 0 | AC53: =IF(AC$8<N_st,(N_st-AC$8)/N_st,0)*(1-(1-(AC$8<=I53)*K53^AC$8)*(1-(AC$8<=J53)*L53^AC$8)) -> 0 | AD53: =IF(AD$8<N_st,(N_st-AD$8)/N_st,0)*(1-(1-(AD$8<=I53)*K53^AD$8)*(1-(AD$8<=J53)*L53^AD$8)) -> 0 | AE53: =IF(AE$8<N_st,(N_st-AE$8)/N_st,0)*(1-(1-(AE$8<=I53)*K53^AE$8)*(1-(AE$8<=J53)*L53^AE$8)) -> 0 | AF53: =IF(AF$8<N_st,(N_st-AF$8)/N_st,0)*(1-(1-(AF$8<=I53)*K53^AF$8)*(1-(AF$8<=J53)*L53^AF$8)) -> 0 | AG53: =IF(AG$8<N_st,(N_st-AG$8)/N_st,0)*(1-(1-(AG$8<=I53)*K53^AG$8)*(1-(AG$8<=J53)*L53^AG$8)) -> 0 | AH53: =IF(AH$8<N_st,(N_st-AH$8)/N_st,0)*(1-(1-(AH$8<=I53)*K53^AH$8)*(1-(AH$8<=J53)*L53^AH$8)) -> 0
A54: PIR_SC | B54: PIR_SC-1 | C54: 2 | D54: 0 | E54: 1 | F54: =(1/2_시험자료!$D$23)*2_시험자료!$F$23 -> 0.083333333 | G54: =2_시험자료!G12 -> 534 | H54: =IF(E54=1,1000000000,texp2_s) -> 1000000000 | I54: =FLOOR(MIN(t_fs_s,H54)/G54,1) -> 1 | J54: =IF(C54=1,FLOOR(t_fs_s/tau_L_s,1),0) -> 0 | K54: =IF(D54=1,1-p_cb,1) -> 1 | L54: =IF(C54=1,p_L,0) -> 0 | M54: =SUMPRODUCT(w_ie2,1-(1-(j_row<=I54)*K54^j_row)*(1-(j_row<=J54)*L54^j_row)) -> 1 | N54: =occ_st*SUMPRODUCT(w_ie2,(j_row<=I54)*K54^j_row*(j_row<=J54)*L54^j_row*(((j_row*G54<rset_s)+(j_row*tau_L_s<rset_s))>0)+(j_row<=I54)*K54^j_row*(1-(j_row<=J54)*L54^j_row)*(j_row*G54<rset_s)+(1-(j_row<=I54)*K54^j_row)*(j_row<=J54)*L54^j_row*(j_row*tau_L_s<rset_s)) -> 5 | O54: =IF(O$8<N_st,1,0)*(1-(1-(O$8<=I54)*K54^O$8)*(1-(O$8<=J54)*L54^O$8)) -> 1 | P54: =IF(P$8<N_st,1,0)*(1-(1-(P$8<=I54)*K54^P$8)*(1-(P$8<=J54)*L54^P$8)) -> 0 | Q54: =IF(Q$8<N_st,1,0)*(1-(1-(Q$8<=I54)*K54^Q$8)*(1-(Q$8<=J54)*L54^Q$8)) -> 0 | R54: =IF(R$8<N_st,1,0)*(1-(1-(R$8<=I54)*K54^R$8)*(1-(R$8<=J54)*L54^R$8)) -> 0 | S54: =IF(S$8<N_st,1,0)*(1-(1-(S$8<=I54)*K54^S$8)*(1-(S$8<=J54)*L54^S$8)) -> 0 | T54: =IF(T$8<N_st,1,0)*(1-(1-(T$8<=I54)*K54^T$8)*(1-(T$8<=J54)*L54^T$8)) -> 0 | U54: =IF(U$8<N_st,1,0)*(1-(1-(U$8<=I54)*K54^U$8)*(1-(U$8<=J54)*L54^U$8)) -> 0 | V54: =IF(V$8<N_st,1,0)*(1-(1-(V$8<=I54)*K54^V$8)*(1-(V$8<=J54)*L54^V$8)) -> 0 | W54: =IF(W$8<N_st,1,0)*(1-(1-(W$8<=I54)*K54^W$8)*(1-(W$8<=J54)*L54^W$8)) -> 0 | X54: =IF(X$8<N_st,1,0)*(1-(1-(X$8<=I54)*K54^X$8)*(1-(X$8<=J54)*L54^X$8)) -> 0 | Y54: =IF(Y$8<N_st,1,0)*(1-(1-(Y$8<=I54)*K54^Y$8)*(1-(Y$8<=J54)*L54^Y$8)) -> 0 | Z54: =IF(Z$8<N_st,1,0)*(1-(1-(Z$8<=I54)*K54^Z$8)*(1-(Z$8<=J54)*L54^Z$8)) -> 0 | AA54: =IF(AA$8<N_st,1,0)*(1-(1-(AA$8<=I54)*K54^AA$8)*(1-(AA$8<=J54)*L54^AA$8)) -> 0 | AB54: =IF(AB$8<N_st,1,0)*(1-(1-(AB$8<=I54)*K54^AB$8)*(1-(AB$8<=J54)*L54^AB$8)) -> 0 | AC54: =IF(AC$8<N_st,1,0)*(1-(1-(AC$8<=I54)*K54^AC$8)*(1-(AC$8<=J54)*L54^AC$8)) -> 0 | AD54: =IF(AD$8<N_st,1,0)*(1-(1-(AD$8<=I54)*K54^AD$8)*(1-(AD$8<=J54)*L54^AD$8)) -> 0 | AE54: =IF(AE$8<N_st,1,0)*(1-(1-(AE$8<=I54)*K54^AE$8)*(1-(AE$8<=J54)*L54^AE$8)) -> 0 | AF54: =IF(AF$8<N_st,1,0)*(1-(1-(AF$8<=I54)*K54^AF$8)*(1-(AF$8<=J54)*L54^AF$8)) -> 0 | AG54: =IF(AG$8<N_st,1,0)*(1-(1-(AG$8<=I54)*K54^AG$8)*(1-(AG$8<=J54)*L54^AG$8)) -> 0 | AH54: =IF(AH$8<N_st,1,0)*(1-(1-(AH$8<=I54)*K54^AH$8)*(1-(AH$8<=J54)*L54^AH$8)) -> 0
A55: PIR_SC | B55: PIR_SC-1 | C55: 2 | D55: 0 | E55: 0 | F55: =(1/2_시험자료!$D$23)*(1-2_시험자료!$F$23) -> 0.41666667 | G55: =2_시험자료!G12 -> 534 | H55: =IF(E55=1,1000000000,texp2_s) -> 750 | I55: =FLOOR(MIN(t_fs_s,H55)/G55,1) -> 1 | J55: =IF(C55=1,FLOOR(t_fs_s/tau_L_s,1),0) -> 0 | K55: =IF(D55=1,1-p_cb,1) -> 1 | L55: =IF(C55=1,p_L,0) -> 0 | M55: =SUMPRODUCT(w_ie2,1-(1-(j_row<=I55)*K55^j_row)*(1-(j_row<=J55)*L55^j_row)) -> 1 | N55: =occ_st*SUMPRODUCT(w_ie2,(j_row<=I55)*K55^j_row*(j_row<=J55)*L55^j_row*(((j_row*G55<rset_s)+(j_row*tau_L_s<rset_s))>0)+(j_row<=I55)*K55^j_row*(1-(j_row<=J55)*L55^j_row)*(j_row*G55<rset_s)+(1-(j_row<=I55)*K55^j_row)*(j_row<=J55)*L55^j_row*(j_row*tau_L_s<rset_s)) -> 5 | O55: =IF(O$8<N_st,1,0)*(1-(1-(O$8<=I55)*K55^O$8)*(1-(O$8<=J55)*L55^O$8)) -> 1 | P55: =IF(P$8<N_st,1,0)*(1-(1-(P$8<=I55)*K55^P$8)*(1-(P$8<=J55)*L55^P$8)) -> 0 | Q55: =IF(Q$8<N_st,1,0)*(1-(1-(Q$8<=I55)*K55^Q$8)*(1-(Q$8<=J55)*L55^Q$8)) -> 0 | R55: =IF(R$8<N_st,1,0)*(1-(1-(R$8<=I55)*K55^R$8)*(1-(R$8<=J55)*L55^R$8)) -> 0 | S55: =IF(S$8<N_st,1,0)*(1-(1-(S$8<=I55)*K55^S$8)*(1-(S$8<=J55)*L55^S$8)) -> 0 | T55: =IF(T$8<N_st,1,0)*(1-(1-(T$8<=I55)*K55^T$8)*(1-(T$8<=J55)*L55^T$8)) -> 0 | U55: =IF(U$8<N_st,1,0)*(1-(1-(U$8<=I55)*K55^U$8)*(1-(U$8<=J55)*L55^U$8)) -> 0 | V55: =IF(V$8<N_st,1,0)*(1-(1-(V$8<=I55)*K55^V$8)*(1-(V$8<=J55)*L55^V$8)) -> 0 | W55: =IF(W$8<N_st,1,0)*(1-(1-(W$8<=I55)*K55^W$8)*(1-(W$8<=J55)*L55^W$8)) -> 0 | X55: =IF(X$8<N_st,1,0)*(1-(1-(X$8<=I55)*K55^X$8)*(1-(X$8<=J55)*L55^X$8)) -> 0 | Y55: =IF(Y$8<N_st,1,0)*(1-(1-(Y$8<=I55)*K55^Y$8)*(1-(Y$8<=J55)*L55^Y$8)) -> 0 | Z55: =IF(Z$8<N_st,1,0)*(1-(1-(Z$8<=I55)*K55^Z$8)*(1-(Z$8<=J55)*L55^Z$8)) -> 0 | AA55: =IF(AA$8<N_st,1,0)*(1-(1-(AA$8<=I55)*K55^AA$8)*(1-(AA$8<=J55)*L55^AA$8)) -> 0 | AB55: =IF(AB$8<N_st,1,0)*(1-(1-(AB$8<=I55)*K55^AB$8)*(1-(AB$8<=J55)*L55^AB$8)) -> 0 | AC55: =IF(AC$8<N_st,1,0)*(1-(1-(AC$8<=I55)*K55^AC$8)*(1-(AC$8<=J55)*L55^AC$8)) -> 0 | AD55: =IF(AD$8<N_st,1,0)*(1-(1-(AD$8<=I55)*K55^AD$8)*(1-(AD$8<=J55)*L55^AD$8)) -> 0 | AE55: =IF(AE$8<N_st,1,0)*(1-(1-(AE$8<=I55)*K55^AE$8)*(1-(AE$8<=J55)*L55^AE$8)) -> 0 | AF55: =IF(AF$8<N_st,1,0)*(1-(1-(AF$8<=I55)*K55^AF$8)*(1-(AF$8<=J55)*L55^AF$8)) -> 0 | AG55: =IF(AG$8<N_st,1,0)*(1-(1-(AG$8<=I55)*K55^AG$8)*(1-(AG$8<=J55)*L55^AG$8)) -> 0 | AH55: =IF(AH$8<N_st,1,0)*(1-(1-(AH$8<=I55)*K55^AH$8)*(1-(AH$8<=J55)*L55^AH$8)) -> 0
A56: PIR_SC | B56: PIR_SC-1 | C56: 2 | D56: 1 | E56: 1 | F56: =(1/2_시험자료!$D$23)*2_시험자료!$F$23 -> 0.083333333 | G56: =2_시험자료!G12 -> 534 | H56: =IF(E56=1,1000000000,texp2_s) -> 1000000000 | I56: =FLOOR(MIN(t_fs_s,H56)/G56,1) -> 1 | J56: =IF(C56=1,FLOOR(t_fs_s/tau_L_s,1),0) -> 0 | K56: =IF(D56=1,1-p_cb,1) -> 0.3 | L56: =IF(C56=1,p_L,0) -> 0 | M56: =SUMPRODUCT(w_ie2,1-(1-(j_row<=I56)*K56^j_row)*(1-(j_row<=J56)*L56^j_row)) -> 0.3 | N56: =occ_st*SUMPRODUCT(w_ie2,(j_row<=I56)*K56^j_row*(j_row<=J56)*L56^j_row*(((j_row*G56<rset_s)+(j_row*tau_L_s<rset_s))>0)+(j_row<=I56)*K56^j_row*(1-(j_row<=J56)*L56^j_row)*(j_row*G56<rset_s)+(1-(j_row<=I56)*K56^j_row)*(j_row<=J56)*L56^j_row*(j_row*tau_L_s<rset_s)) -> 1.5 | O56: =IF(O$8<N_st,1,0)*(1-(1-(O$8<=I56)*K56^O$8)*(1-(O$8<=J56)*L56^O$8)) -> 0.3 | P56: =IF(P$8<N_st,1,0)*(1-(1-(P$8<=I56)*K56^P$8)*(1-(P$8<=J56)*L56^P$8)) -> 0 | Q56: =IF(Q$8<N_st,1,0)*(1-(1-(Q$8<=I56)*K56^Q$8)*(1-(Q$8<=J56)*L56^Q$8)) -> 0 | R56: =IF(R$8<N_st,1,0)*(1-(1-(R$8<=I56)*K56^R$8)*(1-(R$8<=J56)*L56^R$8)) -> 0 | S56: =IF(S$8<N_st,1,0)*(1-(1-(S$8<=I56)*K56^S$8)*(1-(S$8<=J56)*L56^S$8)) -> 0 | T56: =IF(T$8<N_st,1,0)*(1-(1-(T$8<=I56)*K56^T$8)*(1-(T$8<=J56)*L56^T$8)) -> 0 | U56: =IF(U$8<N_st,1,0)*(1-(1-(U$8<=I56)*K56^U$8)*(1-(U$8<=J56)*L56^U$8)) -> 0 | V56: =IF(V$8<N_st,1,0)*(1-(1-(V$8<=I56)*K56^V$8)*(1-(V$8<=J56)*L56^V$8)) -> 0 | W56: =IF(W$8<N_st,1,0)*(1-(1-(W$8<=I56)*K56^W$8)*(1-(W$8<=J56)*L56^W$8)) -> 0 | X56: =IF(X$8<N_st,1,0)*(1-(1-(X$8<=I56)*K56^X$8)*(1-(X$8<=J56)*L56^X$8)) -> 0 | Y56: =IF(Y$8<N_st,1,0)*(1-(1-(Y$8<=I56)*K56^Y$8)*(1-(Y$8<=J56)*L56^Y$8)) -> 0 | Z56: =IF(Z$8<N_st,1,0)*(1-(1-(Z$8<=I56)*K56^Z$8)*(1-(Z$8<=J56)*L56^Z$8)) -> 0 | AA56: =IF(AA$8<N_st,1,0)*(1-(1-(AA$8<=I56)*K56^AA$8)*(1-(AA$8<=J56)*L56^AA$8)) -> 0 | AB56: =IF(AB$8<N_st,1,0)*(1-(1-(AB$8<=I56)*K56^AB$8)*(1-(AB$8<=J56)*L56^AB$8)) -> 0 | AC56: =IF(AC$8<N_st,1,0)*(1-(1-(AC$8<=I56)*K56^AC$8)*(1-(AC$8<=J56)*L56^AC$8)) -> 0 | AD56: =IF(AD$8<N_st,1,0)*(1-(1-(AD$8<=I56)*K56^AD$8)*(1-(AD$8<=J56)*L56^AD$8)) -> 0 | AE56: =IF(AE$8<N_st,1,0)*(1-(1-(AE$8<=I56)*K56^AE$8)*(1-(AE$8<=J56)*L56^AE$8)) -> 0 | AF56: =IF(AF$8<N_st,1,0)*(1-(1-(AF$8<=I56)*K56^AF$8)*(1-(AF$8<=J56)*L56^AF$8)) -> 0 | AG56: =IF(AG$8<N_st,1,0)*(1-(1-(AG$8<=I56)*K56^AG$8)*(1-(AG$8<=J56)*L56^AG$8)) -> 0 | AH56: =IF(AH$8<N_st,1,0)*(1-(1-(AH$8<=I56)*K56^AH$8)*(1-(AH$8<=J56)*L56^AH$8)) -> 0
A57: PIR_SC | B57: PIR_SC-1 | C57: 2 | D57: 1 | E57: 0 | F57: =(1/2_시험자료!$D$23)*(1-2_시험자료!$F$23) -> 0.41666667 | G57: =2_시험자료!G12 -> 534 | H57: =IF(E57=1,1000000000,texp2_s) -> 750 | I57: =FLOOR(MIN(t_fs_s,H57)/G57,1) -> 1 | J57: =IF(C57=1,FLOOR(t_fs_s/tau_L_s,1),0) -> 0 | K57: =IF(D57=1,1-p_cb,1) -> 0.3 | L57: =IF(C57=1,p_L,0) -> 0 | M57: =SUMPRODUCT(w_ie2,1-(1-(j_row<=I57)*K57^j_row)*(1-(j_row<=J57)*L57^j_row)) -> 0.3 | N57: =occ_st*SUMPRODUCT(w_ie2,(j_row<=I57)*K57^j_row*(j_row<=J57)*L57^j_row*(((j_row*G57<rset_s)+(j_row*tau_L_s<rset_s))>0)+(j_row<=I57)*K57^j_row*(1-(j_row<=J57)*L57^j_row)*(j_row*G57<rset_s)+(1-(j_row<=I57)*K57^j_row)*(j_row<=J57)*L57^j_row*(j_row*tau_L_s<rset_s)) -> 1.5 | O57: =IF(O$8<N_st,1,0)*(1-(1-(O$8<=I57)*K57^O$8)*(1-(O$8<=J57)*L57^O$8)) -> 0.3 | P57: =IF(P$8<N_st,1,0)*(1-(1-(P$8<=I57)*K57^P$8)*(1-(P$8<=J57)*L57^P$8)) -> 0 | Q57: =IF(Q$8<N_st,1,0)*(1-(1-(Q$8<=I57)*K57^Q$8)*(1-(Q$8<=J57)*L57^Q$8)) -> 0 | R57: =IF(R$8<N_st,1,0)*(1-(1-(R$8<=I57)*K57^R$8)*(1-(R$8<=J57)*L57^R$8)) -> 0 | S57: =IF(S$8<N_st,1,0)*(1-(1-(S$8<=I57)*K57^S$8)*(1-(S$8<=J57)*L57^S$8)) -> 0 | T57: =IF(T$8<N_st,1,0)*(1-(1-(T$8<=I57)*K57^T$8)*(1-(T$8<=J57)*L57^T$8)) -> 0 | U57: =IF(U$8<N_st,1,0)*(1-(1-(U$8<=I57)*K57^U$8)*(1-(U$8<=J57)*L57^U$8)) -> 0 | V57: =IF(V$8<N_st,1,0)*(1-(1-(V$8<=I57)*K57^V$8)*(1-(V$8<=J57)*L57^V$8)) -> 0 | W57: =IF(W$8<N_st,1,0)*(1-(1-(W$8<=I57)*K57^W$8)*(1-(W$8<=J57)*L57^W$8)) -> 0 | X57: =IF(X$8<N_st,1,0)*(1-(1-(X$8<=I57)*K57^X$8)*(1-(X$8<=J57)*L57^X$8)) -> 0 | Y57: =IF(Y$8<N_st,1,0)*(1-(1-(Y$8<=I57)*K57^Y$8)*(1-(Y$8<=J57)*L57^Y$8)) -> 0 | Z57: =IF(Z$8<N_st,1,0)*(1-(1-(Z$8<=I57)*K57^Z$8)*(1-(Z$8<=J57)*L57^Z$8)) -> 0 | AA57: =IF(AA$8<N_st,1,0)*(1-(1-(AA$8<=I57)*K57^AA$8)*(1-(AA$8<=J57)*L57^AA$8)) -> 0 | AB57: =IF(AB$8<N_st,1,0)*(1-(1-(AB$8<=I57)*K57^AB$8)*(1-(AB$8<=J57)*L57^AB$8)) -> 0 | AC57: =IF(AC$8<N_st,1,0)*(1-(1-(AC$8<=I57)*K57^AC$8)*(1-(AC$8<=J57)*L57^AC$8)) -> 0 | AD57: =IF(AD$8<N_st,1,0)*(1-(1-(AD$8<=I57)*K57^AD$8)*(1-(AD$8<=J57)*L57^AD$8)) -> 0 | AE57: =IF(AE$8<N_st,1,0)*(1-(1-(AE$8<=I57)*K57^AE$8)*(1-(AE$8<=J57)*L57^AE$8)) -> 0 | AF57: =IF(AF$8<N_st,1,0)*(1-(1-(AF$8<=I57)*K57^AF$8)*(1-(AF$8<=J57)*L57^AF$8)) -> 0 | AG57: =IF(AG$8<N_st,1,0)*(1-(1-(AG$8<=I57)*K57^AG$8)*(1-(AG$8<=J57)*L57^AG$8)) -> 0 | AH57: =IF(AH$8<N_st,1,0)*(1-(1-(AH$8<=I57)*K57^AH$8)*(1-(AH$8<=J57)*L57^AH$8)) -> 0
A58: PIR_SC | B58: PIR_SC-2 | C58: 1 | D58: 0 | E58: 1 | F58: =(1/2_시험자료!$D$23)*2_시험자료!$F$23 -> 0.083333333 | G58: =2_시험자료!G13 -> 545.5 | H58: =IF(E58=1,1000000000,texp1_s) -> 1000000000 | I58: =FLOOR(MIN(t_fs_s,H58)/G58,1) -> 1 | J58: =IF(C58=1,FLOOR(t_fs_s/tau_L_s,1),0) -> 1 | K58: =IF(D58=1,1-p_cb,1) -> 1 | L58: =IF(C58=1,p_L,0) -> 0.15 | M58: =SUMPRODUCT(w_ie1,1-(1-(j_row<=I58)*K58^j_row)*(1-(j_row<=J58)*L58^j_row)) -> 0.93333333 | N58: =occ_st*SUMPRODUCT(w_ie1,(j_row<=I58)*K58^j_row*(j_row<=J58)*L58^j_row*(((j_row*G58<rset_s)+(j_row*tau_L_s<rset_s))>0)+(j_row<=I58)*K58^j_row*(1-(j_row<=J58)*L58^j_row)*(j_row*G58<rset_s)+(1-(j_row<=I58)*K58^j_row)*(j_row<=J58)*L58^j_row*(j_row*tau_L_s<rset_s)) -> 4.6666667 | O58: =IF(O$8<N_st,(N_st-O$8)/N_st,0)*(1-(1-(O$8<=I58)*K58^O$8)*(1-(O$8<=J58)*L58^O$8)) -> 0.93333333 | P58: =IF(P$8<N_st,(N_st-P$8)/N_st,0)*(1-(1-(P$8<=I58)*K58^P$8)*(1-(P$8<=J58)*L58^P$8)) -> 0 | Q58: =IF(Q$8<N_st,(N_st-Q$8)/N_st,0)*(1-(1-(Q$8<=I58)*K58^Q$8)*(1-(Q$8<=J58)*L58^Q$8)) -> 0 | R58: =IF(R$8<N_st,(N_st-R$8)/N_st,0)*(1-(1-(R$8<=I58)*K58^R$8)*(1-(R$8<=J58)*L58^R$8)) -> 0 | S58: =IF(S$8<N_st,(N_st-S$8)/N_st,0)*(1-(1-(S$8<=I58)*K58^S$8)*(1-(S$8<=J58)*L58^S$8)) -> 0 | T58: =IF(T$8<N_st,(N_st-T$8)/N_st,0)*(1-(1-(T$8<=I58)*K58^T$8)*(1-(T$8<=J58)*L58^T$8)) -> 0 | U58: =IF(U$8<N_st,(N_st-U$8)/N_st,0)*(1-(1-(U$8<=I58)*K58^U$8)*(1-(U$8<=J58)*L58^U$8)) -> 0 | V58: =IF(V$8<N_st,(N_st-V$8)/N_st,0)*(1-(1-(V$8<=I58)*K58^V$8)*(1-(V$8<=J58)*L58^V$8)) -> 0 | W58: =IF(W$8<N_st,(N_st-W$8)/N_st,0)*(1-(1-(W$8<=I58)*K58^W$8)*(1-(W$8<=J58)*L58^W$8)) -> 0 | X58: =IF(X$8<N_st,(N_st-X$8)/N_st,0)*(1-(1-(X$8<=I58)*K58^X$8)*(1-(X$8<=J58)*L58^X$8)) -> 0 | Y58: =IF(Y$8<N_st,(N_st-Y$8)/N_st,0)*(1-(1-(Y$8<=I58)*K58^Y$8)*(1-(Y$8<=J58)*L58^Y$8)) -> 0 | Z58: =IF(Z$8<N_st,(N_st-Z$8)/N_st,0)*(1-(1-(Z$8<=I58)*K58^Z$8)*(1-(Z$8<=J58)*L58^Z$8)) -> 0 | AA58: =IF(AA$8<N_st,(N_st-AA$8)/N_st,0)*(1-(1-(AA$8<=I58)*K58^AA$8)*(1-(AA$8<=J58)*L58^AA$8)) -> 0 | AB58: =IF(AB$8<N_st,(N_st-AB$8)/N_st,0)*(1-(1-(AB$8<=I58)*K58^AB$8)*(1-(AB$8<=J58)*L58^AB$8)) -> 0 | AC58: =IF(AC$8<N_st,(N_st-AC$8)/N_st,0)*(1-(1-(AC$8<=I58)*K58^AC$8)*(1-(AC$8<=J58)*L58^AC$8)) -> 0 | AD58: =IF(AD$8<N_st,(N_st-AD$8)/N_st,0)*(1-(1-(AD$8<=I58)*K58^AD$8)*(1-(AD$8<=J58)*L58^AD$8)) -> 0 | AE58: =IF(AE$8<N_st,(N_st-AE$8)/N_st,0)*(1-(1-(AE$8<=I58)*K58^AE$8)*(1-(AE$8<=J58)*L58^AE$8)) -> 0 | AF58: =IF(AF$8<N_st,(N_st-AF$8)/N_st,0)*(1-(1-(AF$8<=I58)*K58^AF$8)*(1-(AF$8<=J58)*L58^AF$8)) -> 0 | AG58: =IF(AG$8<N_st,(N_st-AG$8)/N_st,0)*(1-(1-(AG$8<=I58)*K58^AG$8)*(1-(AG$8<=J58)*L58^AG$8)) -> 0 | AH58: =IF(AH$8<N_st,(N_st-AH$8)/N_st,0)*(1-(1-(AH$8<=I58)*K58^AH$8)*(1-(AH$8<=J58)*L58^AH$8)) -> 0
A59: PIR_SC | B59: PIR_SC-2 | C59: 1 | D59: 0 | E59: 0 | F59: =(1/2_시험자료!$D$23)*(1-2_시험자료!$F$23) -> 0.41666667 | G59: =2_시험자료!G13 -> 545.5 | H59: =IF(E59=1,1000000000,texp1_s) -> 1200 | I59: =FLOOR(MIN(t_fs_s,H59)/G59,1) -> 1 | J59: =IF(C59=1,FLOOR(t_fs_s/tau_L_s,1),0) -> 1 | K59: =IF(D59=1,1-p_cb,1) -> 1 | L59: =IF(C59=1,p_L,0) -> 0.15 | M59: =SUMPRODUCT(w_ie1,1-(1-(j_row<=I59)*K59^j_row)*(1-(j_row<=J59)*L59^j_row)) -> 0.93333333 | N59: =occ_st*SUMPRODUCT(w_ie1,(j_row<=I59)*K59^j_row*(j_row<=J59)*L59^j_row*(((j_row*G59<rset_s)+(j_row*tau_L_s<rset_s))>0)+(j_row<=I59)*K59^j_row*(1-(j_row<=J59)*L59^j_row)*(j_row*G59<rset_s)+(1-(j_row<=I59)*K59^j_row)*(j_row<=J59)*L59^j_row*(j_row*tau_L_s<rset_s)) -> 4.6666667 | O59: =IF(O$8<N_st,(N_st-O$8)/N_st,0)*(1-(1-(O$8<=I59)*K59^O$8)*(1-(O$8<=J59)*L59^O$8)) -> 0.93333333 | P59: =IF(P$8<N_st,(N_st-P$8)/N_st,0)*(1-(1-(P$8<=I59)*K59^P$8)*(1-(P$8<=J59)*L59^P$8)) -> 0 | Q59: =IF(Q$8<N_st,(N_st-Q$8)/N_st,0)*(1-(1-(Q$8<=I59)*K59^Q$8)*(1-(Q$8<=J59)*L59^Q$8)) -> 0 | R59: =IF(R$8<N_st,(N_st-R$8)/N_st,0)*(1-(1-(R$8<=I59)*K59^R$8)*(1-(R$8<=J59)*L59^R$8)) -> 0 | S59: =IF(S$8<N_st,(N_st-S$8)/N_st,0)*(1-(1-(S$8<=I59)*K59^S$8)*(1-(S$8<=J59)*L59^S$8)) -> 0 | T59: =IF(T$8<N_st,(N_st-T$8)/N_st,0)*(1-(1-(T$8<=I59)*K59^T$8)*(1-(T$8<=J59)*L59^T$8)) -> 0 | U59: =IF(U$8<N_st,(N_st-U$8)/N_st,0)*(1-(1-(U$8<=I59)*K59^U$8)*(1-(U$8<=J59)*L59^U$8)) -> 0 | V59: =IF(V$8<N_st,(N_st-V$8)/N_st,0)*(1-(1-(V$8<=I59)*K59^V$8)*(1-(V$8<=J59)*L59^V$8)) -> 0 | W59: =IF(W$8<N_st,(N_st-W$8)/N_st,0)*(1-(1-(W$8<=I59)*K59^W$8)*(1-(W$8<=J59)*L59^W$8)) -> 0 | X59: =IF(X$8<N_st,(N_st-X$8)/N_st,0)*(1-(1-(X$8<=I59)*K59^X$8)*(1-(X$8<=J59)*L59^X$8)) -> 0 | Y59: =IF(Y$8<N_st,(N_st-Y$8)/N_st,0)*(1-(1-(Y$8<=I59)*K59^Y$8)*(1-(Y$8<=J59)*L59^Y$8)) -> 0 | Z59: =IF(Z$8<N_st,(N_st-Z$8)/N_st,0)*(1-(1-(Z$8<=I59)*K59^Z$8)*(1-(Z$8<=J59)*L59^Z$8)) -> 0 | AA59: =IF(AA$8<N_st,(N_st-AA$8)/N_st,0)*(1-(1-(AA$8<=I59)*K59^AA$8)*(1-(AA$8<=J59)*L59^AA$8)) -> 0 | AB59: =IF(AB$8<N_st,(N_st-AB$8)/N_st,0)*(1-(1-(AB$8<=I59)*K59^AB$8)*(1-(AB$8<=J59)*L59^AB$8)) -> 0 | AC59: =IF(AC$8<N_st,(N_st-AC$8)/N_st,0)*(1-(1-(AC$8<=I59)*K59^AC$8)*(1-(AC$8<=J59)*L59^AC$8)) -> 0 | AD59: =IF(AD$8<N_st,(N_st-AD$8)/N_st,0)*(1-(1-(AD$8<=I59)*K59^AD$8)*(1-(AD$8<=J59)*L59^AD$8)) -> 0 | AE59: =IF(AE$8<N_st,(N_st-AE$8)/N_st,0)*(1-(1-(AE$8<=I59)*K59^AE$8)*(1-(AE$8<=J59)*L59^AE$8)) -> 0 | AF59: =IF(AF$8<N_st,(N_st-AF$8)/N_st,0)*(1-(1-(AF$8<=I59)*K59^AF$8)*(1-(AF$8<=J59)*L59^AF$8)) -> 0 | AG59: =IF(AG$8<N_st,(N_st-AG$8)/N_st,0)*(1-(1-(AG$8<=I59)*K59^AG$8)*(1-(AG$8<=J59)*L59^AG$8)) -> 0 | AH59: =IF(AH$8<N_st,(N_st-AH$8)/N_st,0)*(1-(1-(AH$8<=I59)*K59^AH$8)*(1-(AH$8<=J59)*L59^AH$8)) -> 0
A60: PIR_SC | B60: PIR_SC-2 | C60: 1 | D60: 1 | E60: 1 | F60: =(1/2_시험자료!$D$23)*2_시험자료!$F$23 -> 0.083333333 | G60: =2_시험자료!G13 -> 545.5 | H60: =IF(E60=1,1000000000,texp1_s) -> 1000000000 | I60: =FLOOR(MIN(t_fs_s,H60)/G60,1) -> 1 | J60: =IF(C60=1,FLOOR(t_fs_s/tau_L_s,1),0) -> 1 | K60: =IF(D60=1,1-p_cb,1) -> 0.3 | L60: =IF(C60=1,p_L,0) -> 0.15 | M60: =SUMPRODUCT(w_ie1,1-(1-(j_row<=I60)*K60^j_row)*(1-(j_row<=J60)*L60^j_row)) -> 0.378 | N60: =occ_st*SUMPRODUCT(w_ie1,(j_row<=I60)*K60^j_row*(j_row<=J60)*L60^j_row*(((j_row*G60<rset_s)+(j_row*tau_L_s<rset_s))>0)+(j_row<=I60)*K60^j_row*(1-(j_row<=J60)*L60^j_row)*(j_row*G60<rset_s)+(1-(j_row<=I60)*K60^j_row)*(j_row<=J60)*L60^j_row*(j_row*tau_L_s<rset_s)) -> 1.89 | O60: =IF(O$8<N_st,(N_st-O$8)/N_st,0)*(1-(1-(O$8<=I60)*K60^O$8)*(1-(O$8<=J60)*L60^O$8)) -> 0.378 | P60: =IF(P$8<N_st,(N_st-P$8)/N_st,0)*(1-(1-(P$8<=I60)*K60^P$8)*(1-(P$8<=J60)*L60^P$8)) -> 0 | Q60: =IF(Q$8<N_st,(N_st-Q$8)/N_st,0)*(1-(1-(Q$8<=I60)*K60^Q$8)*(1-(Q$8<=J60)*L60^Q$8)) -> 0 | R60: =IF(R$8<N_st,(N_st-R$8)/N_st,0)*(1-(1-(R$8<=I60)*K60^R$8)*(1-(R$8<=J60)*L60^R$8)) -> 0 | S60: =IF(S$8<N_st,(N_st-S$8)/N_st,0)*(1-(1-(S$8<=I60)*K60^S$8)*(1-(S$8<=J60)*L60^S$8)) -> 0 | T60: =IF(T$8<N_st,(N_st-T$8)/N_st,0)*(1-(1-(T$8<=I60)*K60^T$8)*(1-(T$8<=J60)*L60^T$8)) -> 0 | U60: =IF(U$8<N_st,(N_st-U$8)/N_st,0)*(1-(1-(U$8<=I60)*K60^U$8)*(1-(U$8<=J60)*L60^U$8)) -> 0 | V60: =IF(V$8<N_st,(N_st-V$8)/N_st,0)*(1-(1-(V$8<=I60)*K60^V$8)*(1-(V$8<=J60)*L60^V$8)) -> 0 | W60: =IF(W$8<N_st,(N_st-W$8)/N_st,0)*(1-(1-(W$8<=I60)*K60^W$8)*(1-(W$8<=J60)*L60^W$8)) -> 0 | X60: =IF(X$8<N_st,(N_st-X$8)/N_st,0)*(1-(1-(X$8<=I60)*K60^X$8)*(1-(X$8<=J60)*L60^X$8)) -> 0 | Y60: =IF(Y$8<N_st,(N_st-Y$8)/N_st,0)*(1-(1-(Y$8<=I60)*K60^Y$8)*(1-(Y$8<=J60)*L60^Y$8)) -> 0 | Z60: =IF(Z$8<N_st,(N_st-Z$8)/N_st,0)*(1-(1-(Z$8<=I60)*K60^Z$8)*(1-(Z$8<=J60)*L60^Z$8)) -> 0 | AA60: =IF(AA$8<N_st,(N_st-AA$8)/N_st,0)*(1-(1-(AA$8<=I60)*K60^AA$8)*(1-(AA$8<=J60)*L60^AA$8)) -> 0 | AB60: =IF(AB$8<N_st,(N_st-AB$8)/N_st,0)*(1-(1-(AB$8<=I60)*K60^AB$8)*(1-(AB$8<=J60)*L60^AB$8)) -> 0 | AC60: =IF(AC$8<N_st,(N_st-AC$8)/N_st,0)*(1-(1-(AC$8<=I60)*K60^AC$8)*(1-(AC$8<=J60)*L60^AC$8)) -> 0 | AD60: =IF(AD$8<N_st,(N_st-AD$8)/N_st,0)*(1-(1-(AD$8<=I60)*K60^AD$8)*(1-(AD$8<=J60)*L60^AD$8)) -> 0 | AE60: =IF(AE$8<N_st,(N_st-AE$8)/N_st,0)*(1-(1-(AE$8<=I60)*K60^AE$8)*(1-(AE$8<=J60)*L60^AE$8)) -> 0 | AF60: =IF(AF$8<N_st,(N_st-AF$8)/N_st,0)*(1-(1-(AF$8<=I60)*K60^AF$8)*(1-(AF$8<=J60)*L60^AF$8)) -> 0 | AG60: =IF(AG$8<N_st,(N_st-AG$8)/N_st,0)*(1-(1-(AG$8<=I60)*K60^AG$8)*(1-(AG$8<=J60)*L60^AG$8)) -> 0 | AH60: =IF(AH$8<N_st,(N_st-AH$8)/N_st,0)*(1-(1-(AH$8<=I60)*K60^AH$8)*(1-(AH$8<=J60)*L60^AH$8)) -> 0
A61: PIR_SC | B61: PIR_SC-2 | C61: 1 | D61: 1 | E61: 0 | F61: =(1/2_시험자료!$D$23)*(1-2_시험자료!$F$23) -> 0.41666667 | G61: =2_시험자료!G13 -> 545.5 | H61: =IF(E61=1,1000000000,texp1_s) -> 1200 | I61: =FLOOR(MIN(t_fs_s,H61)/G61,1) -> 1 | J61: =IF(C61=1,FLOOR(t_fs_s/tau_L_s,1),0) -> 1 | K61: =IF(D61=1,1-p_cb,1) -> 0.3 | L61: =IF(C61=1,p_L,0) -> 0.15 | M61: =SUMPRODUCT(w_ie1,1-(1-(j_row<=I61)*K61^j_row)*(1-(j_row<=J61)*L61^j_row)) -> 0.378 | N61: =occ_st*SUMPRODUCT(w_ie1,(j_row<=I61)*K61^j_row*(j_row<=J61)*L61^j_row*(((j_row*G61<rset_s)+(j_row*tau_L_s<rset_s))>0)+(j_row<=I61)*K61^j_row*(1-(j_row<=J61)*L61^j_row)*(j_row*G61<rset_s)+(1-(j_row<=I61)*K61^j_row)*(j_row<=J61)*L61^j_row*(j_row*tau_L_s<rset_s)) -> 1.89 | O61: =IF(O$8<N_st,(N_st-O$8)/N_st,0)*(1-(1-(O$8<=I61)*K61^O$8)*(1-(O$8<=J61)*L61^O$8)) -> 0.378 | P61: =IF(P$8<N_st,(N_st-P$8)/N_st,0)*(1-(1-(P$8<=I61)*K61^P$8)*(1-(P$8<=J61)*L61^P$8)) -> 0 | Q61: =IF(Q$8<N_st,(N_st-Q$8)/N_st,0)*(1-(1-(Q$8<=I61)*K61^Q$8)*(1-(Q$8<=J61)*L61^Q$8)) -> 0 | R61: =IF(R$8<N_st,(N_st-R$8)/N_st,0)*(1-(1-(R$8<=I61)*K61^R$8)*(1-(R$8<=J61)*L61^R$8)) -> 0 | S61: =IF(S$8<N_st,(N_st-S$8)/N_st,0)*(1-(1-(S$8<=I61)*K61^S$8)*(1-(S$8<=J61)*L61^S$8)) -> 0 | T61: =IF(T$8<N_st,(N_st-T$8)/N_st,0)*(1-(1-(T$8<=I61)*K61^T$8)*(1-(T$8<=J61)*L61^T$8)) -> 0 | U61: =IF(U$8<N_st,(N_st-U$8)/N_st,0)*(1-(1-(U$8<=I61)*K61^U$8)*(1-(U$8<=J61)*L61^U$8)) -> 0 | V61: =IF(V$8<N_st,(N_st-V$8)/N_st,0)*(1-(1-(V$8<=I61)*K61^V$8)*(1-(V$8<=J61)*L61^V$8)) -> 0 | W61: =IF(W$8<N_st,(N_st-W$8)/N_st,0)*(1-(1-(W$8<=I61)*K61^W$8)*(1-(W$8<=J61)*L61^W$8)) -> 0 | X61: =IF(X$8<N_st,(N_st-X$8)/N_st,0)*(1-(1-(X$8<=I61)*K61^X$8)*(1-(X$8<=J61)*L61^X$8)) -> 0 | Y61: =IF(Y$8<N_st,(N_st-Y$8)/N_st,0)*(1-(1-(Y$8<=I61)*K61^Y$8)*(1-(Y$8<=J61)*L61^Y$8)) -> 0 | Z61: =IF(Z$8<N_st,(N_st-Z$8)/N_st,0)*(1-(1-(Z$8<=I61)*K61^Z$8)*(1-(Z$8<=J61)*L61^Z$8)) -> 0 | AA61: =IF(AA$8<N_st,(N_st-AA$8)/N_st,0)*(1-(1-(AA$8<=I61)*K61^AA$8)*(1-(AA$8<=J61)*L61^AA$8)) -> 0 | AB61: =IF(AB$8<N_st,(N_st-AB$8)/N_st,0)*(1-(1-(AB$8<=I61)*K61^AB$8)*(1-(AB$8<=J61)*L61^AB$8)) -> 0 | AC61: =IF(AC$8<N_st,(N_st-AC$8)/N_st,0)*(1-(1-(AC$8<=I61)*K61^AC$8)*(1-(AC$8<=J61)*L61^AC$8)) -> 0 | AD61: =IF(AD$8<N_st,(N_st-AD$8)/N_st,0)*(1-(1-(AD$8<=I61)*K61^AD$8)*(1-(AD$8<=J61)*L61^AD$8)) -> 0 | AE61: =IF(AE$8<N_st,(N_st-AE$8)/N_st,0)*(1-(1-(AE$8<=I61)*K61^AE$8)*(1-(AE$8<=J61)*L61^AE$8)) -> 0 | AF61: =IF(AF$8<N_st,(N_st-AF$8)/N_st,0)*(1-(1-(AF$8<=I61)*K61^AF$8)*(1-(AF$8<=J61)*L61^AF$8)) -> 0 | AG61: =IF(AG$8<N_st,(N_st-AG$8)/N_st,0)*(1-(1-(AG$8<=I61)*K61^AG$8)*(1-(AG$8<=J61)*L61^AG$8)) -> 0 | AH61: =IF(AH$8<N_st,(N_st-AH$8)/N_st,0)*(1-(1-(AH$8<=I61)*K61^AH$8)*(1-(AH$8<=J61)*L61^AH$8)) -> 0
A62: PIR_SC | B62: PIR_SC-2 | C62: 2 | D62: 0 | E62: 1 | F62: =(1/2_시험자료!$D$23)*2_시험자료!$F$23 -> 0.083333333 | G62: =2_시험자료!G13 -> 545.5 | H62: =IF(E62=1,1000000000,texp2_s) -> 1000000000 | I62: =FLOOR(MIN(t_fs_s,H62)/G62,1) -> 1 | J62: =IF(C62=1,FLOOR(t_fs_s/tau_L_s,1),0) -> 0 | K62: =IF(D62=1,1-p_cb,1) -> 1 | L62: =IF(C62=1,p_L,0) -> 0 | M62: =SUMPRODUCT(w_ie2,1-(1-(j_row<=I62)*K62^j_row)*(1-(j_row<=J62)*L62^j_row)) -> 1 | N62: =occ_st*SUMPRODUCT(w_ie2,(j_row<=I62)*K62^j_row*(j_row<=J62)*L62^j_row*(((j_row*G62<rset_s)+(j_row*tau_L_s<rset_s))>0)+(j_row<=I62)*K62^j_row*(1-(j_row<=J62)*L62^j_row)*(j_row*G62<rset_s)+(1-(j_row<=I62)*K62^j_row)*(j_row<=J62)*L62^j_row*(j_row*tau_L_s<rset_s)) -> 5 | O62: =IF(O$8<N_st,1,0)*(1-(1-(O$8<=I62)*K62^O$8)*(1-(O$8<=J62)*L62^O$8)) -> 1 | P62: =IF(P$8<N_st,1,0)*(1-(1-(P$8<=I62)*K62^P$8)*(1-(P$8<=J62)*L62^P$8)) -> 0 | Q62: =IF(Q$8<N_st,1,0)*(1-(1-(Q$8<=I62)*K62^Q$8)*(1-(Q$8<=J62)*L62^Q$8)) -> 0 | R62: =IF(R$8<N_st,1,0)*(1-(1-(R$8<=I62)*K62^R$8)*(1-(R$8<=J62)*L62^R$8)) -> 0 | S62: =IF(S$8<N_st,1,0)*(1-(1-(S$8<=I62)*K62^S$8)*(1-(S$8<=J62)*L62^S$8)) -> 0 | T62: =IF(T$8<N_st,1,0)*(1-(1-(T$8<=I62)*K62^T$8)*(1-(T$8<=J62)*L62^T$8)) -> 0 | U62: =IF(U$8<N_st,1,0)*(1-(1-(U$8<=I62)*K62^U$8)*(1-(U$8<=J62)*L62^U$8)) -> 0 | V62: =IF(V$8<N_st,1,0)*(1-(1-(V$8<=I62)*K62^V$8)*(1-(V$8<=J62)*L62^V$8)) -> 0 | W62: =IF(W$8<N_st,1,0)*(1-(1-(W$8<=I62)*K62^W$8)*(1-(W$8<=J62)*L62^W$8)) -> 0 | X62: =IF(X$8<N_st,1,0)*(1-(1-(X$8<=I62)*K62^X$8)*(1-(X$8<=J62)*L62^X$8)) -> 0 | Y62: =IF(Y$8<N_st,1,0)*(1-(1-(Y$8<=I62)*K62^Y$8)*(1-(Y$8<=J62)*L62^Y$8)) -> 0 | Z62: =IF(Z$8<N_st,1,0)*(1-(1-(Z$8<=I62)*K62^Z$8)*(1-(Z$8<=J62)*L62^Z$8)) -> 0 | AA62: =IF(AA$8<N_st,1,0)*(1-(1-(AA$8<=I62)*K62^AA$8)*(1-(AA$8<=J62)*L62^AA$8)) -> 0 | AB62: =IF(AB$8<N_st,1,0)*(1-(1-(AB$8<=I62)*K62^AB$8)*(1-(AB$8<=J62)*L62^AB$8)) -> 0 | AC62: =IF(AC$8<N_st,1,0)*(1-(1-(AC$8<=I62)*K62^AC$8)*(1-(AC$8<=J62)*L62^AC$8)) -> 0 | AD62: =IF(AD$8<N_st,1,0)*(1-(1-(AD$8<=I62)*K62^AD$8)*(1-(AD$8<=J62)*L62^AD$8)) -> 0 | AE62: =IF(AE$8<N_st,1,0)*(1-(1-(AE$8<=I62)*K62^AE$8)*(1-(AE$8<=J62)*L62^AE$8)) -> 0 | AF62: =IF(AF$8<N_st,1,0)*(1-(1-(AF$8<=I62)*K62^AF$8)*(1-(AF$8<=J62)*L62^AF$8)) -> 0 | AG62: =IF(AG$8<N_st,1,0)*(1-(1-(AG$8<=I62)*K62^AG$8)*(1-(AG$8<=J62)*L62^AG$8)) -> 0 | AH62: =IF(AH$8<N_st,1,0)*(1-(1-(AH$8<=I62)*K62^AH$8)*(1-(AH$8<=J62)*L62^AH$8)) -> 0
A63: PIR_SC | B63: PIR_SC-2 | C63: 2 | D63: 0 | E63: 0 | F63: =(1/2_시험자료!$D$23)*(1-2_시험자료!$F$23) -> 0.41666667 | G63: =2_시험자료!G13 -> 545.5 | H63: =IF(E63=1,1000000000,texp2_s) -> 750 | I63: =FLOOR(MIN(t_fs_s,H63)/G63,1) -> 1 | J63: =IF(C63=1,FLOOR(t_fs_s/tau_L_s,1),0) -> 0 | K63: =IF(D63=1,1-p_cb,1) -> 1 | L63: =IF(C63=1,p_L,0) -> 0 | M63: =SUMPRODUCT(w_ie2,1-(1-(j_row<=I63)*K63^j_row)*(1-(j_row<=J63)*L63^j_row)) -> 1 | N63: =occ_st*SUMPRODUCT(w_ie2,(j_row<=I63)*K63^j_row*(j_row<=J63)*L63^j_row*(((j_row*G63<rset_s)+(j_row*tau_L_s<rset_s))>0)+(j_row<=I63)*K63^j_row*(1-(j_row<=J63)*L63^j_row)*(j_row*G63<rset_s)+(1-(j_row<=I63)*K63^j_row)*(j_row<=J63)*L63^j_row*(j_row*tau_L_s<rset_s)) -> 5 | O63: =IF(O$8<N_st,1,0)*(1-(1-(O$8<=I63)*K63^O$8)*(1-(O$8<=J63)*L63^O$8)) -> 1 | P63: =IF(P$8<N_st,1,0)*(1-(1-(P$8<=I63)*K63^P$8)*(1-(P$8<=J63)*L63^P$8)) -> 0 | Q63: =IF(Q$8<N_st,1,0)*(1-(1-(Q$8<=I63)*K63^Q$8)*(1-(Q$8<=J63)*L63^Q$8)) -> 0 | R63: =IF(R$8<N_st,1,0)*(1-(1-(R$8<=I63)*K63^R$8)*(1-(R$8<=J63)*L63^R$8)) -> 0 | S63: =IF(S$8<N_st,1,0)*(1-(1-(S$8<=I63)*K63^S$8)*(1-(S$8<=J63)*L63^S$8)) -> 0 | T63: =IF(T$8<N_st,1,0)*(1-(1-(T$8<=I63)*K63^T$8)*(1-(T$8<=J63)*L63^T$8)) -> 0 | U63: =IF(U$8<N_st,1,0)*(1-(1-(U$8<=I63)*K63^U$8)*(1-(U$8<=J63)*L63^U$8)) -> 0 | V63: =IF(V$8<N_st,1,0)*(1-(1-(V$8<=I63)*K63^V$8)*(1-(V$8<=J63)*L63^V$8)) -> 0 | W63: =IF(W$8<N_st,1,0)*(1-(1-(W$8<=I63)*K63^W$8)*(1-(W$8<=J63)*L63^W$8)) -> 0 | X63: =IF(X$8<N_st,1,0)*(1-(1-(X$8<=I63)*K63^X$8)*(1-(X$8<=J63)*L63^X$8)) -> 0 | Y63: =IF(Y$8<N_st,1,0)*(1-(1-(Y$8<=I63)*K63^Y$8)*(1-(Y$8<=J63)*L63^Y$8)) -> 0 | Z63: =IF(Z$8<N_st,1,0)*(1-(1-(Z$8<=I63)*K63^Z$8)*(1-(Z$8<=J63)*L63^Z$8)) -> 0 | AA63: =IF(AA$8<N_st,1,0)*(1-(1-(AA$8<=I63)*K63^AA$8)*(1-(AA$8<=J63)*L63^AA$8)) -> 0 | AB63: =IF(AB$8<N_st,1,0)*(1-(1-(AB$8<=I63)*K63^AB$8)*(1-(AB$8<=J63)*L63^AB$8)) -> 0 | AC63: =IF(AC$8<N_st,1,0)*(1-(1-(AC$8<=I63)*K63^AC$8)*(1-(AC$8<=J63)*L63^AC$8)) -> 0 | AD63: =IF(AD$8<N_st,1,0)*(1-(1-(AD$8<=I63)*K63^AD$8)*(1-(AD$8<=J63)*L63^AD$8)) -> 0 | AE63: =IF(AE$8<N_st,1,0)*(1-(1-(AE$8<=I63)*K63^AE$8)*(1-(AE$8<=J63)*L63^AE$8)) -> 0 | AF63: =IF(AF$8<N_st,1,0)*(1-(1-(AF$8<=I63)*K63^AF$8)*(1-(AF$8<=J63)*L63^AF$8)) -> 0 | AG63: =IF(AG$8<N_st,1,0)*(1-(1-(AG$8<=I63)*K63^AG$8)*(1-(AG$8<=J63)*L63^AG$8)) -> 0 | AH63: =IF(AH$8<N_st,1,0)*(1-(1-(AH$8<=I63)*K63^AH$8)*(1-(AH$8<=J63)*L63^AH$8)) -> 0
A64: PIR_SC | B64: PIR_SC-2 | C64: 2 | D64: 1 | E64: 1 | F64: =(1/2_시험자료!$D$23)*2_시험자료!$F$23 -> 0.083333333 | G64: =2_시험자료!G13 -> 545.5 | H64: =IF(E64=1,1000000000,texp2_s) -> 1000000000 | I64: =FLOOR(MIN(t_fs_s,H64)/G64,1) -> 1 | J64: =IF(C64=1,FLOOR(t_fs_s/tau_L_s,1),0) -> 0 | K64: =IF(D64=1,1-p_cb,1) -> 0.3 | L64: =IF(C64=1,p_L,0) -> 0 | M64: =SUMPRODUCT(w_ie2,1-(1-(j_row<=I64)*K64^j_row)*(1-(j_row<=J64)*L64^j_row)) -> 0.3 | N64: =occ_st*SUMPRODUCT(w_ie2,(j_row<=I64)*K64^j_row*(j_row<=J64)*L64^j_row*(((j_row*G64<rset_s)+(j_row*tau_L_s<rset_s))>0)+(j_row<=I64)*K64^j_row*(1-(j_row<=J64)*L64^j_row)*(j_row*G64<rset_s)+(1-(j_row<=I64)*K64^j_row)*(j_row<=J64)*L64^j_row*(j_row*tau_L_s<rset_s)) -> 1.5 | O64: =IF(O$8<N_st,1,0)*(1-(1-(O$8<=I64)*K64^O$8)*(1-(O$8<=J64)*L64^O$8)) -> 0.3 | P64: =IF(P$8<N_st,1,0)*(1-(1-(P$8<=I64)*K64^P$8)*(1-(P$8<=J64)*L64^P$8)) -> 0 | Q64: =IF(Q$8<N_st,1,0)*(1-(1-(Q$8<=I64)*K64^Q$8)*(1-(Q$8<=J64)*L64^Q$8)) -> 0 | R64: =IF(R$8<N_st,1,0)*(1-(1-(R$8<=I64)*K64^R$8)*(1-(R$8<=J64)*L64^R$8)) -> 0 | S64: =IF(S$8<N_st,1,0)*(1-(1-(S$8<=I64)*K64^S$8)*(1-(S$8<=J64)*L64^S$8)) -> 0 | T64: =IF(T$8<N_st,1,0)*(1-(1-(T$8<=I64)*K64^T$8)*(1-(T$8<=J64)*L64^T$8)) -> 0 | U64: =IF(U$8<N_st,1,0)*(1-(1-(U$8<=I64)*K64^U$8)*(1-(U$8<=J64)*L64^U$8)) -> 0 | V64: =IF(V$8<N_st,1,0)*(1-(1-(V$8<=I64)*K64^V$8)*(1-(V$8<=J64)*L64^V$8)) -> 0 | W64: =IF(W$8<N_st,1,0)*(1-(1-(W$8<=I64)*K64^W$8)*(1-(W$8<=J64)*L64^W$8)) -> 0 | X64: =IF(X$8<N_st,1,0)*(1-(1-(X$8<=I64)*K64^X$8)*(1-(X$8<=J64)*L64^X$8)) -> 0 | Y64: =IF(Y$8<N_st,1,0)*(1-(1-(Y$8<=I64)*K64^Y$8)*(1-(Y$8<=J64)*L64^Y$8)) -> 0 | Z64: =IF(Z$8<N_st,1,0)*(1-(1-(Z$8<=I64)*K64^Z$8)*(1-(Z$8<=J64)*L64^Z$8)) -> 0 | AA64: =IF(AA$8<N_st,1,0)*(1-(1-(AA$8<=I64)*K64^AA$8)*(1-(AA$8<=J64)*L64^AA$8)) -> 0 | AB64: =IF(AB$8<N_st,1,0)*(1-(1-(AB$8<=I64)*K64^AB$8)*(1-(AB$8<=J64)*L64^AB$8)) -> 0 | AC64: =IF(AC$8<N_st,1,0)*(1-(1-(AC$8<=I64)*K64^AC$8)*(1-(AC$8<=J64)*L64^AC$8)) -> 0 | AD64: =IF(AD$8<N_st,1,0)*(1-(1-(AD$8<=I64)*K64^AD$8)*(1-(AD$8<=J64)*L64^AD$8)) -> 0 | AE64: =IF(AE$8<N_st,1,0)*(1-(1-(AE$8<=I64)*K64^AE$8)*(1-(AE$8<=J64)*L64^AE$8)) -> 0 | AF64: =IF(AF$8<N_st,1,0)*(1-(1-(AF$8<=I64)*K64^AF$8)*(1-(AF$8<=J64)*L64^AF$8)) -> 0 | AG64: =IF(AG$8<N_st,1,0)*(1-(1-(AG$8<=I64)*K64^AG$8)*(1-(AG$8<=J64)*L64^AG$8)) -> 0 | AH64: =IF(AH$8<N_st,1,0)*(1-(1-(AH$8<=I64)*K64^AH$8)*(1-(AH$8<=J64)*L64^AH$8)) -> 0
A65: PIR_SC | B65: PIR_SC-2 | C65: 2 | D65: 1 | E65: 0 | F65: =(1/2_시험자료!$D$23)*(1-2_시험자료!$F$23) -> 0.41666667 | G65: =2_시험자료!G13 -> 545.5 | H65: =IF(E65=1,1000000000,texp2_s) -> 750 | I65: =FLOOR(MIN(t_fs_s,H65)/G65,1) -> 1 | J65: =IF(C65=1,FLOOR(t_fs_s/tau_L_s,1),0) -> 0 | K65: =IF(D65=1,1-p_cb,1) -> 0.3 | L65: =IF(C65=1,p_L,0) -> 0 | M65: =SUMPRODUCT(w_ie2,1-(1-(j_row<=I65)*K65^j_row)*(1-(j_row<=J65)*L65^j_row)) -> 0.3 | N65: =occ_st*SUMPRODUCT(w_ie2,(j_row<=I65)*K65^j_row*(j_row<=J65)*L65^j_row*(((j_row*G65<rset_s)+(j_row*tau_L_s<rset_s))>0)+(j_row<=I65)*K65^j_row*(1-(j_row<=J65)*L65^j_row)*(j_row*G65<rset_s)+(1-(j_row<=I65)*K65^j_row)*(j_row<=J65)*L65^j_row*(j_row*tau_L_s<rset_s)) -> 1.5 | O65: =IF(O$8<N_st,1,0)*(1-(1-(O$8<=I65)*K65^O$8)*(1-(O$8<=J65)*L65^O$8)) -> 0.3 | P65: =IF(P$8<N_st,1,0)*(1-(1-(P$8<=I65)*K65^P$8)*(1-(P$8<=J65)*L65^P$8)) -> 0 | Q65: =IF(Q$8<N_st,1,0)*(1-(1-(Q$8<=I65)*K65^Q$8)*(1-(Q$8<=J65)*L65^Q$8)) -> 0 | R65: =IF(R$8<N_st,1,0)*(1-(1-(R$8<=I65)*K65^R$8)*(1-(R$8<=J65)*L65^R$8)) -> 0 | S65: =IF(S$8<N_st,1,0)*(1-(1-(S$8<=I65)*K65^S$8)*(1-(S$8<=J65)*L65^S$8)) -> 0 | T65: =IF(T$8<N_st,1,0)*(1-(1-(T$8<=I65)*K65^T$8)*(1-(T$8<=J65)*L65^T$8)) -> 0 | U65: =IF(U$8<N_st,1,0)*(1-(1-(U$8<=I65)*K65^U$8)*(1-(U$8<=J65)*L65^U$8)) -> 0 | V65: =IF(V$8<N_st,1,0)*(1-(1-(V$8<=I65)*K65^V$8)*(1-(V$8<=J65)*L65^V$8)) -> 0 | W65: =IF(W$8<N_st,1,0)*(1-(1-(W$8<=I65)*K65^W$8)*(1-(W$8<=J65)*L65^W$8)) -> 0 | X65: =IF(X$8<N_st,1,0)*(1-(1-(X$8<=I65)*K65^X$8)*(1-(X$8<=J65)*L65^X$8)) -> 0 | Y65: =IF(Y$8<N_st,1,0)*(1-(1-(Y$8<=I65)*K65^Y$8)*(1-(Y$8<=J65)*L65^Y$8)) -> 0 | Z65: =IF(Z$8<N_st,1,0)*(1-(1-(Z$8<=I65)*K65^Z$8)*(1-(Z$8<=J65)*L65^Z$8)) -> 0 | AA65: =IF(AA$8<N_st,1,0)*(1-(1-(AA$8<=I65)*K65^AA$8)*(1-(AA$8<=J65)*L65^AA$8)) -> 0 | AB65: =IF(AB$8<N_st,1,0)*(1-(1-(AB$8<=I65)*K65^AB$8)*(1-(AB$8<=J65)*L65^AB$8)) -> 0 | AC65: =IF(AC$8<N_st,1,0)*(1-(1-(AC$8<=I65)*K65^AC$8)*(1-(AC$8<=J65)*L65^AC$8)) -> 0 | AD65: =IF(AD$8<N_st,1,0)*(1-(1-(AD$8<=I65)*K65^AD$8)*(1-(AD$8<=J65)*L65^AD$8)) -> 0 | AE65: =IF(AE$8<N_st,1,0)*(1-(1-(AE$8<=I65)*K65^AE$8)*(1-(AE$8<=J65)*L65^AE$8)) -> 0 | AF65: =IF(AF$8<N_st,1,0)*(1-(1-(AF$8<=I65)*K65^AF$8)*(1-(AF$8<=J65)*L65^AF$8)) -> 0 | AG65: =IF(AG$8<N_st,1,0)*(1-(1-(AG$8<=I65)*K65^AG$8)*(1-(AG$8<=J65)*L65^AG$8)) -> 0 | AH65: =IF(AH$8<N_st,1,0)*(1-(1-(AH$8<=I65)*K65^AH$8)*(1-(AH$8<=J65)*L65^AH$8)) -> 0
A66: PF_out | B66: PF_out-1 | C66: 1 | D66: 0 | E66: 1 | F66: =(1/2_시험자료!$D$24)*2_시험자료!$F$24 -> 0.41666667 | G66: =2_시험자료!G14 -> 622.5 | H66: =IF(E66=1,1000000000,texp1_s) -> 1000000000 | I66: =FLOOR(MIN(t_fs_s,H66)/G66,1) -> 1 | J66: =IF(C66=1,FLOOR(t_fs_s/tau_L_s,1),0) -> 1 | K66: =IF(D66=1,1-p_cb,1) -> 1 | L66: =IF(C66=1,p_L,0) -> 0.15 | M66: =SUMPRODUCT(w_ie1,1-(1-(j_row<=I66)*K66^j_row)*(1-(j_row<=J66)*L66^j_row)) -> 0.93333333 | N66: =occ_st*SUMPRODUCT(w_ie1,(j_row<=I66)*K66^j_row*(j_row<=J66)*L66^j_row*(((j_row*G66<rset_s)+(j_row*tau_L_s<rset_s))>0)+(j_row<=I66)*K66^j_row*(1-(j_row<=J66)*L66^j_row)*(j_row*G66<rset_s)+(1-(j_row<=I66)*K66^j_row)*(j_row<=J66)*L66^j_row*(j_row*tau_L_s<rset_s)) -> 4.6666667 | O66: =IF(O$8<N_st,(N_st-O$8)/N_st,0)*(1-(1-(O$8<=I66)*K66^O$8)*(1-(O$8<=J66)*L66^O$8)) -> 0.93333333 | P66: =IF(P$8<N_st,(N_st-P$8)/N_st,0)*(1-(1-(P$8<=I66)*K66^P$8)*(1-(P$8<=J66)*L66^P$8)) -> 0 | Q66: =IF(Q$8<N_st,(N_st-Q$8)/N_st,0)*(1-(1-(Q$8<=I66)*K66^Q$8)*(1-(Q$8<=J66)*L66^Q$8)) -> 0 | R66: =IF(R$8<N_st,(N_st-R$8)/N_st,0)*(1-(1-(R$8<=I66)*K66^R$8)*(1-(R$8<=J66)*L66^R$8)) -> 0 | S66: =IF(S$8<N_st,(N_st-S$8)/N_st,0)*(1-(1-(S$8<=I66)*K66^S$8)*(1-(S$8<=J66)*L66^S$8)) -> 0 | T66: =IF(T$8<N_st,(N_st-T$8)/N_st,0)*(1-(1-(T$8<=I66)*K66^T$8)*(1-(T$8<=J66)*L66^T$8)) -> 0 | U66: =IF(U$8<N_st,(N_st-U$8)/N_st,0)*(1-(1-(U$8<=I66)*K66^U$8)*(1-(U$8<=J66)*L66^U$8)) -> 0 | V66: =IF(V$8<N_st,(N_st-V$8)/N_st,0)*(1-(1-(V$8<=I66)*K66^V$8)*(1-(V$8<=J66)*L66^V$8)) -> 0 | W66: =IF(W$8<N_st,(N_st-W$8)/N_st,0)*(1-(1-(W$8<=I66)*K66^W$8)*(1-(W$8<=J66)*L66^W$8)) -> 0 | X66: =IF(X$8<N_st,(N_st-X$8)/N_st,0)*(1-(1-(X$8<=I66)*K66^X$8)*(1-(X$8<=J66)*L66^X$8)) -> 0 | Y66: =IF(Y$8<N_st,(N_st-Y$8)/N_st,0)*(1-(1-(Y$8<=I66)*K66^Y$8)*(1-(Y$8<=J66)*L66^Y$8)) -> 0 | Z66: =IF(Z$8<N_st,(N_st-Z$8)/N_st,0)*(1-(1-(Z$8<=I66)*K66^Z$8)*(1-(Z$8<=J66)*L66^Z$8)) -> 0 | AA66: =IF(AA$8<N_st,(N_st-AA$8)/N_st,0)*(1-(1-(AA$8<=I66)*K66^AA$8)*(1-(AA$8<=J66)*L66^AA$8)) -> 0 | AB66: =IF(AB$8<N_st,(N_st-AB$8)/N_st,0)*(1-(1-(AB$8<=I66)*K66^AB$8)*(1-(AB$8<=J66)*L66^AB$8)) -> 0 | AC66: =IF(AC$8<N_st,(N_st-AC$8)/N_st,0)*(1-(1-(AC$8<=I66)*K66^AC$8)*(1-(AC$8<=J66)*L66^AC$8)) -> 0 | AD66: =IF(AD$8<N_st,(N_st-AD$8)/N_st,0)*(1-(1-(AD$8<=I66)*K66^AD$8)*(1-(AD$8<=J66)*L66^AD$8)) -> 0 | AE66: =IF(AE$8<N_st,(N_st-AE$8)/N_st,0)*(1-(1-(AE$8<=I66)*K66^AE$8)*(1-(AE$8<=J66)*L66^AE$8)) -> 0 | AF66: =IF(AF$8<N_st,(N_st-AF$8)/N_st,0)*(1-(1-(AF$8<=I66)*K66^AF$8)*(1-(AF$8<=J66)*L66^AF$8)) -> 0 | AG66: =IF(AG$8<N_st,(N_st-AG$8)/N_st,0)*(1-(1-(AG$8<=I66)*K66^AG$8)*(1-(AG$8<=J66)*L66^AG$8)) -> 0 | AH66: =IF(AH$8<N_st,(N_st-AH$8)/N_st,0)*(1-(1-(AH$8<=I66)*K66^AH$8)*(1-(AH$8<=J66)*L66^AH$8)) -> 0
A67: PF_out | B67: PF_out-1 | C67: 1 | D67: 0 | E67: 0 | F67: =(1/2_시험자료!$D$24)*(1-2_시험자료!$F$24) -> 0.083333333 | G67: =2_시험자료!G14 -> 622.5 | H67: =IF(E67=1,1000000000,texp1_s) -> 1200 | I67: =FLOOR(MIN(t_fs_s,H67)/G67,1) -> 1 | J67: =IF(C67=1,FLOOR(t_fs_s/tau_L_s,1),0) -> 1 | K67: =IF(D67=1,1-p_cb,1) -> 1 | L67: =IF(C67=1,p_L,0) -> 0.15 | M67: =SUMPRODUCT(w_ie1,1-(1-(j_row<=I67)*K67^j_row)*(1-(j_row<=J67)*L67^j_row)) -> 0.93333333 | N67: =occ_st*SUMPRODUCT(w_ie1,(j_row<=I67)*K67^j_row*(j_row<=J67)*L67^j_row*(((j_row*G67<rset_s)+(j_row*tau_L_s<rset_s))>0)+(j_row<=I67)*K67^j_row*(1-(j_row<=J67)*L67^j_row)*(j_row*G67<rset_s)+(1-(j_row<=I67)*K67^j_row)*(j_row<=J67)*L67^j_row*(j_row*tau_L_s<rset_s)) -> 4.6666667 | O67: =IF(O$8<N_st,(N_st-O$8)/N_st,0)*(1-(1-(O$8<=I67)*K67^O$8)*(1-(O$8<=J67)*L67^O$8)) -> 0.93333333 | P67: =IF(P$8<N_st,(N_st-P$8)/N_st,0)*(1-(1-(P$8<=I67)*K67^P$8)*(1-(P$8<=J67)*L67^P$8)) -> 0 | Q67: =IF(Q$8<N_st,(N_st-Q$8)/N_st,0)*(1-(1-(Q$8<=I67)*K67^Q$8)*(1-(Q$8<=J67)*L67^Q$8)) -> 0 | R67: =IF(R$8<N_st,(N_st-R$8)/N_st,0)*(1-(1-(R$8<=I67)*K67^R$8)*(1-(R$8<=J67)*L67^R$8)) -> 0 | S67: =IF(S$8<N_st,(N_st-S$8)/N_st,0)*(1-(1-(S$8<=I67)*K67^S$8)*(1-(S$8<=J67)*L67^S$8)) -> 0 | T67: =IF(T$8<N_st,(N_st-T$8)/N_st,0)*(1-(1-(T$8<=I67)*K67^T$8)*(1-(T$8<=J67)*L67^T$8)) -> 0 | U67: =IF(U$8<N_st,(N_st-U$8)/N_st,0)*(1-(1-(U$8<=I67)*K67^U$8)*(1-(U$8<=J67)*L67^U$8)) -> 0 | V67: =IF(V$8<N_st,(N_st-V$8)/N_st,0)*(1-(1-(V$8<=I67)*K67^V$8)*(1-(V$8<=J67)*L67^V$8)) -> 0 | W67: =IF(W$8<N_st,(N_st-W$8)/N_st,0)*(1-(1-(W$8<=I67)*K67^W$8)*(1-(W$8<=J67)*L67^W$8)) -> 0 | X67: =IF(X$8<N_st,(N_st-X$8)/N_st,0)*(1-(1-(X$8<=I67)*K67^X$8)*(1-(X$8<=J67)*L67^X$8)) -> 0 | Y67: =IF(Y$8<N_st,(N_st-Y$8)/N_st,0)*(1-(1-(Y$8<=I67)*K67^Y$8)*(1-(Y$8<=J67)*L67^Y$8)) -> 0 | Z67: =IF(Z$8<N_st,(N_st-Z$8)/N_st,0)*(1-(1-(Z$8<=I67)*K67^Z$8)*(1-(Z$8<=J67)*L67^Z$8)) -> 0 | AA67: =IF(AA$8<N_st,(N_st-AA$8)/N_st,0)*(1-(1-(AA$8<=I67)*K67^AA$8)*(1-(AA$8<=J67)*L67^AA$8)) -> 0 | AB67: =IF(AB$8<N_st,(N_st-AB$8)/N_st,0)*(1-(1-(AB$8<=I67)*K67^AB$8)*(1-(AB$8<=J67)*L67^AB$8)) -> 0 | AC67: =IF(AC$8<N_st,(N_st-AC$8)/N_st,0)*(1-(1-(AC$8<=I67)*K67^AC$8)*(1-(AC$8<=J67)*L67^AC$8)) -> 0 | AD67: =IF(AD$8<N_st,(N_st-AD$8)/N_st,0)*(1-(1-(AD$8<=I67)*K67^AD$8)*(1-(AD$8<=J67)*L67^AD$8)) -> 0 | AE67: =IF(AE$8<N_st,(N_st-AE$8)/N_st,0)*(1-(1-(AE$8<=I67)*K67^AE$8)*(1-(AE$8<=J67)*L67^AE$8)) -> 0 | AF67: =IF(AF$8<N_st,(N_st-AF$8)/N_st,0)*(1-(1-(AF$8<=I67)*K67^AF$8)*(1-(AF$8<=J67)*L67^AF$8)) -> 0 | AG67: =IF(AG$8<N_st,(N_st-AG$8)/N_st,0)*(1-(1-(AG$8<=I67)*K67^AG$8)*(1-(AG$8<=J67)*L67^AG$8)) -> 0 | AH67: =IF(AH$8<N_st,(N_st-AH$8)/N_st,0)*(1-(1-(AH$8<=I67)*K67^AH$8)*(1-(AH$8<=J67)*L67^AH$8)) -> 0
A68: PF_out | B68: PF_out-1 | C68: 1 | D68: 1 | E68: 1 | F68: =(1/2_시험자료!$D$24)*2_시험자료!$F$24 -> 0.41666667 | G68: =2_시험자료!G14 -> 622.5 | H68: =IF(E68=1,1000000000,texp1_s) -> 1000000000 | I68: =FLOOR(MIN(t_fs_s,H68)/G68,1) -> 1 | J68: =IF(C68=1,FLOOR(t_fs_s/tau_L_s,1),0) -> 1 | K68: =IF(D68=1,1-p_cb,1) -> 0.3 | L68: =IF(C68=1,p_L,0) -> 0.15 | M68: =SUMPRODUCT(w_ie1,1-(1-(j_row<=I68)*K68^j_row)*(1-(j_row<=J68)*L68^j_row)) -> 0.378 | N68: =occ_st*SUMPRODUCT(w_ie1,(j_row<=I68)*K68^j_row*(j_row<=J68)*L68^j_row*(((j_row*G68<rset_s)+(j_row*tau_L_s<rset_s))>0)+(j_row<=I68)*K68^j_row*(1-(j_row<=J68)*L68^j_row)*(j_row*G68<rset_s)+(1-(j_row<=I68)*K68^j_row)*(j_row<=J68)*L68^j_row*(j_row*tau_L_s<rset_s)) -> 1.89 | O68: =IF(O$8<N_st,(N_st-O$8)/N_st,0)*(1-(1-(O$8<=I68)*K68^O$8)*(1-(O$8<=J68)*L68^O$8)) -> 0.378 | P68: =IF(P$8<N_st,(N_st-P$8)/N_st,0)*(1-(1-(P$8<=I68)*K68^P$8)*(1-(P$8<=J68)*L68^P$8)) -> 0 | Q68: =IF(Q$8<N_st,(N_st-Q$8)/N_st,0)*(1-(1-(Q$8<=I68)*K68^Q$8)*(1-(Q$8<=J68)*L68^Q$8)) -> 0 | R68: =IF(R$8<N_st,(N_st-R$8)/N_st,0)*(1-(1-(R$8<=I68)*K68^R$8)*(1-(R$8<=J68)*L68^R$8)) -> 0 | S68: =IF(S$8<N_st,(N_st-S$8)/N_st,0)*(1-(1-(S$8<=I68)*K68^S$8)*(1-(S$8<=J68)*L68^S$8)) -> 0 | T68: =IF(T$8<N_st,(N_st-T$8)/N_st,0)*(1-(1-(T$8<=I68)*K68^T$8)*(1-(T$8<=J68)*L68^T$8)) -> 0 | U68: =IF(U$8<N_st,(N_st-U$8)/N_st,0)*(1-(1-(U$8<=I68)*K68^U$8)*(1-(U$8<=J68)*L68^U$8)) -> 0 | V68: =IF(V$8<N_st,(N_st-V$8)/N_st,0)*(1-(1-(V$8<=I68)*K68^V$8)*(1-(V$8<=J68)*L68^V$8)) -> 0 | W68: =IF(W$8<N_st,(N_st-W$8)/N_st,0)*(1-(1-(W$8<=I68)*K68^W$8)*(1-(W$8<=J68)*L68^W$8)) -> 0 | X68: =IF(X$8<N_st,(N_st-X$8)/N_st,0)*(1-(1-(X$8<=I68)*K68^X$8)*(1-(X$8<=J68)*L68^X$8)) -> 0 | Y68: =IF(Y$8<N_st,(N_st-Y$8)/N_st,0)*(1-(1-(Y$8<=I68)*K68^Y$8)*(1-(Y$8<=J68)*L68^Y$8)) -> 0 | Z68: =IF(Z$8<N_st,(N_st-Z$8)/N_st,0)*(1-(1-(Z$8<=I68)*K68^Z$8)*(1-(Z$8<=J68)*L68^Z$8)) -> 0 | AA68: =IF(AA$8<N_st,(N_st-AA$8)/N_st,0)*(1-(1-(AA$8<=I68)*K68^AA$8)*(1-(AA$8<=J68)*L68^AA$8)) -> 0 | AB68: =IF(AB$8<N_st,(N_st-AB$8)/N_st,0)*(1-(1-(AB$8<=I68)*K68^AB$8)*(1-(AB$8<=J68)*L68^AB$8)) -> 0 | AC68: =IF(AC$8<N_st,(N_st-AC$8)/N_st,0)*(1-(1-(AC$8<=I68)*K68^AC$8)*(1-(AC$8<=J68)*L68^AC$8)) -> 0 | AD68: =IF(AD$8<N_st,(N_st-AD$8)/N_st,0)*(1-(1-(AD$8<=I68)*K68^AD$8)*(1-(AD$8<=J68)*L68^AD$8)) -> 0 | AE68: =IF(AE$8<N_st,(N_st-AE$8)/N_st,0)*(1-(1-(AE$8<=I68)*K68^AE$8)*(1-(AE$8<=J68)*L68^AE$8)) -> 0 | AF68: =IF(AF$8<N_st,(N_st-AF$8)/N_st,0)*(1-(1-(AF$8<=I68)*K68^AF$8)*(1-(AF$8<=J68)*L68^AF$8)) -> 0 | AG68: =IF(AG$8<N_st,(N_st-AG$8)/N_st,0)*(1-(1-(AG$8<=I68)*K68^AG$8)*(1-(AG$8<=J68)*L68^AG$8)) -> 0 | AH68: =IF(AH$8<N_st,(N_st-AH$8)/N_st,0)*(1-(1-(AH$8<=I68)*K68^AH$8)*(1-(AH$8<=J68)*L68^AH$8)) -> 0
A69: PF_out | B69: PF_out-1 | C69: 1 | D69: 1 | E69: 0 | F69: =(1/2_시험자료!$D$24)*(1-2_시험자료!$F$24) -> 0.083333333 | G69: =2_시험자료!G14 -> 622.5 | H69: =IF(E69=1,1000000000,texp1_s) -> 1200 | I69: =FLOOR(MIN(t_fs_s,H69)/G69,1) -> 1 | J69: =IF(C69=1,FLOOR(t_fs_s/tau_L_s,1),0) -> 1 | K69: =IF(D69=1,1-p_cb,1) -> 0.3 | L69: =IF(C69=1,p_L,0) -> 0.15 | M69: =SUMPRODUCT(w_ie1,1-(1-(j_row<=I69)*K69^j_row)*(1-(j_row<=J69)*L69^j_row)) -> 0.378 | N69: =occ_st*SUMPRODUCT(w_ie1,(j_row<=I69)*K69^j_row*(j_row<=J69)*L69^j_row*(((j_row*G69<rset_s)+(j_row*tau_L_s<rset_s))>0)+(j_row<=I69)*K69^j_row*(1-(j_row<=J69)*L69^j_row)*(j_row*G69<rset_s)+(1-(j_row<=I69)*K69^j_row)*(j_row<=J69)*L69^j_row*(j_row*tau_L_s<rset_s)) -> 1.89 | O69: =IF(O$8<N_st,(N_st-O$8)/N_st,0)*(1-(1-(O$8<=I69)*K69^O$8)*(1-(O$8<=J69)*L69^O$8)) -> 0.378 | P69: =IF(P$8<N_st,(N_st-P$8)/N_st,0)*(1-(1-(P$8<=I69)*K69^P$8)*(1-(P$8<=J69)*L69^P$8)) -> 0 | Q69: =IF(Q$8<N_st,(N_st-Q$8)/N_st,0)*(1-(1-(Q$8<=I69)*K69^Q$8)*(1-(Q$8<=J69)*L69^Q$8)) -> 0 | R69: =IF(R$8<N_st,(N_st-R$8)/N_st,0)*(1-(1-(R$8<=I69)*K69^R$8)*(1-(R$8<=J69)*L69^R$8)) -> 0 | S69: =IF(S$8<N_st,(N_st-S$8)/N_st,0)*(1-(1-(S$8<=I69)*K69^S$8)*(1-(S$8<=J69)*L69^S$8)) -> 0 | T69: =IF(T$8<N_st,(N_st-T$8)/N_st,0)*(1-(1-(T$8<=I69)*K69^T$8)*(1-(T$8<=J69)*L69^T$8)) -> 0 | U69: =IF(U$8<N_st,(N_st-U$8)/N_st,0)*(1-(1-(U$8<=I69)*K69^U$8)*(1-(U$8<=J69)*L69^U$8)) -> 0 | V69: =IF(V$8<N_st,(N_st-V$8)/N_st,0)*(1-(1-(V$8<=I69)*K69^V$8)*(1-(V$8<=J69)*L69^V$8)) -> 0 | W69: =IF(W$8<N_st,(N_st-W$8)/N_st,0)*(1-(1-(W$8<=I69)*K69^W$8)*(1-(W$8<=J69)*L69^W$8)) -> 0 | X69: =IF(X$8<N_st,(N_st-X$8)/N_st,0)*(1-(1-(X$8<=I69)*K69^X$8)*(1-(X$8<=J69)*L69^X$8)) -> 0 | Y69: =IF(Y$8<N_st,(N_st-Y$8)/N_st,0)*(1-(1-(Y$8<=I69)*K69^Y$8)*(1-(Y$8<=J69)*L69^Y$8)) -> 0 | Z69: =IF(Z$8<N_st,(N_st-Z$8)/N_st,0)*(1-(1-(Z$8<=I69)*K69^Z$8)*(1-(Z$8<=J69)*L69^Z$8)) -> 0 | AA69: =IF(AA$8<N_st,(N_st-AA$8)/N_st,0)*(1-(1-(AA$8<=I69)*K69^AA$8)*(1-(AA$8<=J69)*L69^AA$8)) -> 0 | AB69: =IF(AB$8<N_st,(N_st-AB$8)/N_st,0)*(1-(1-(AB$8<=I69)*K69^AB$8)*(1-(AB$8<=J69)*L69^AB$8)) -> 0 | AC69: =IF(AC$8<N_st,(N_st-AC$8)/N_st,0)*(1-(1-(AC$8<=I69)*K69^AC$8)*(1-(AC$8<=J69)*L69^AC$8)) -> 0 | AD69: =IF(AD$8<N_st,(N_st-AD$8)/N_st,0)*(1-(1-(AD$8<=I69)*K69^AD$8)*(1-(AD$8<=J69)*L69^AD$8)) -> 0 | AE69: =IF(AE$8<N_st,(N_st-AE$8)/N_st,0)*(1-(1-(AE$8<=I69)*K69^AE$8)*(1-(AE$8<=J69)*L69^AE$8)) -> 0 | AF69: =IF(AF$8<N_st,(N_st-AF$8)/N_st,0)*(1-(1-(AF$8<=I69)*K69^AF$8)*(1-(AF$8<=J69)*L69^AF$8)) -> 0 | AG69: =IF(AG$8<N_st,(N_st-AG$8)/N_st,0)*(1-(1-(AG$8<=I69)*K69^AG$8)*(1-(AG$8<=J69)*L69^AG$8)) -> 0 | AH69: =IF(AH$8<N_st,(N_st-AH$8)/N_st,0)*(1-(1-(AH$8<=I69)*K69^AH$8)*(1-(AH$8<=J69)*L69^AH$8)) -> 0
A70: PF_out | B70: PF_out-1 | C70: 2 | D70: 0 | E70: 1 | F70: =(1/2_시험자료!$D$24)*2_시험자료!$F$24 -> 0.41666667 | G70: =2_시험자료!G14 -> 622.5 | H70: =IF(E70=1,1000000000,texp2_s) -> 1000000000 | I70: =FLOOR(MIN(t_fs_s,H70)/G70,1) -> 1 | J70: =IF(C70=1,FLOOR(t_fs_s/tau_L_s,1),0) -> 0 | K70: =IF(D70=1,1-p_cb,1) -> 1 | L70: =IF(C70=1,p_L,0) -> 0 | M70: =SUMPRODUCT(w_ie2,1-(1-(j_row<=I70)*K70^j_row)*(1-(j_row<=J70)*L70^j_row)) -> 1 | N70: =occ_st*SUMPRODUCT(w_ie2,(j_row<=I70)*K70^j_row*(j_row<=J70)*L70^j_row*(((j_row*G70<rset_s)+(j_row*tau_L_s<rset_s))>0)+(j_row<=I70)*K70^j_row*(1-(j_row<=J70)*L70^j_row)*(j_row*G70<rset_s)+(1-(j_row<=I70)*K70^j_row)*(j_row<=J70)*L70^j_row*(j_row*tau_L_s<rset_s)) -> 5 | O70: =IF(O$8<N_st,1,0)*(1-(1-(O$8<=I70)*K70^O$8)*(1-(O$8<=J70)*L70^O$8)) -> 1 | P70: =IF(P$8<N_st,1,0)*(1-(1-(P$8<=I70)*K70^P$8)*(1-(P$8<=J70)*L70^P$8)) -> 0 | Q70: =IF(Q$8<N_st,1,0)*(1-(1-(Q$8<=I70)*K70^Q$8)*(1-(Q$8<=J70)*L70^Q$8)) -> 0 | R70: =IF(R$8<N_st,1,0)*(1-(1-(R$8<=I70)*K70^R$8)*(1-(R$8<=J70)*L70^R$8)) -> 0 | S70: =IF(S$8<N_st,1,0)*(1-(1-(S$8<=I70)*K70^S$8)*(1-(S$8<=J70)*L70^S$8)) -> 0 | T70: =IF(T$8<N_st,1,0)*(1-(1-(T$8<=I70)*K70^T$8)*(1-(T$8<=J70)*L70^T$8)) -> 0 | U70: =IF(U$8<N_st,1,0)*(1-(1-(U$8<=I70)*K70^U$8)*(1-(U$8<=J70)*L70^U$8)) -> 0 | V70: =IF(V$8<N_st,1,0)*(1-(1-(V$8<=I70)*K70^V$8)*(1-(V$8<=J70)*L70^V$8)) -> 0 | W70: =IF(W$8<N_st,1,0)*(1-(1-(W$8<=I70)*K70^W$8)*(1-(W$8<=J70)*L70^W$8)) -> 0 | X70: =IF(X$8<N_st,1,0)*(1-(1-(X$8<=I70)*K70^X$8)*(1-(X$8<=J70)*L70^X$8)) -> 0 | Y70: =IF(Y$8<N_st,1,0)*(1-(1-(Y$8<=I70)*K70^Y$8)*(1-(Y$8<=J70)*L70^Y$8)) -> 0 | Z70: =IF(Z$8<N_st,1,0)*(1-(1-(Z$8<=I70)*K70^Z$8)*(1-(Z$8<=J70)*L70^Z$8)) -> 0 | AA70: =IF(AA$8<N_st,1,0)*(1-(1-(AA$8<=I70)*K70^AA$8)*(1-(AA$8<=J70)*L70^AA$8)) -> 0 | AB70: =IF(AB$8<N_st,1,0)*(1-(1-(AB$8<=I70)*K70^AB$8)*(1-(AB$8<=J70)*L70^AB$8)) -> 0 | AC70: =IF(AC$8<N_st,1,0)*(1-(1-(AC$8<=I70)*K70^AC$8)*(1-(AC$8<=J70)*L70^AC$8)) -> 0 | AD70: =IF(AD$8<N_st,1,0)*(1-(1-(AD$8<=I70)*K70^AD$8)*(1-(AD$8<=J70)*L70^AD$8)) -> 0 | AE70: =IF(AE$8<N_st,1,0)*(1-(1-(AE$8<=I70)*K70^AE$8)*(1-(AE$8<=J70)*L70^AE$8)) -> 0 | AF70: =IF(AF$8<N_st,1,0)*(1-(1-(AF$8<=I70)*K70^AF$8)*(1-(AF$8<=J70)*L70^AF$8)) -> 0 | AG70: =IF(AG$8<N_st,1,0)*(1-(1-(AG$8<=I70)*K70^AG$8)*(1-(AG$8<=J70)*L70^AG$8)) -> 0 | AH70: =IF(AH$8<N_st,1,0)*(1-(1-(AH$8<=I70)*K70^AH$8)*(1-(AH$8<=J70)*L70^AH$8)) -> 0
A71: PF_out | B71: PF_out-1 | C71: 2 | D71: 0 | E71: 0 | F71: =(1/2_시험자료!$D$24)*(1-2_시험자료!$F$24) -> 0.083333333 | G71: =2_시험자료!G14 -> 622.5 | H71: =IF(E71=1,1000000000,texp2_s) -> 750 | I71: =FLOOR(MIN(t_fs_s,H71)/G71,1) -> 1 | J71: =IF(C71=1,FLOOR(t_fs_s/tau_L_s,1),0) -> 0 | K71: =IF(D71=1,1-p_cb,1) -> 1 | L71: =IF(C71=1,p_L,0) -> 0 | M71: =SUMPRODUCT(w_ie2,1-(1-(j_row<=I71)*K71^j_row)*(1-(j_row<=J71)*L71^j_row)) -> 1 | N71: =occ_st*SUMPRODUCT(w_ie2,(j_row<=I71)*K71^j_row*(j_row<=J71)*L71^j_row*(((j_row*G71<rset_s)+(j_row*tau_L_s<rset_s))>0)+(j_row<=I71)*K71^j_row*(1-(j_row<=J71)*L71^j_row)*(j_row*G71<rset_s)+(1-(j_row<=I71)*K71^j_row)*(j_row<=J71)*L71^j_row*(j_row*tau_L_s<rset_s)) -> 5 | O71: =IF(O$8<N_st,1,0)*(1-(1-(O$8<=I71)*K71^O$8)*(1-(O$8<=J71)*L71^O$8)) -> 1 | P71: =IF(P$8<N_st,1,0)*(1-(1-(P$8<=I71)*K71^P$8)*(1-(P$8<=J71)*L71^P$8)) -> 0 | Q71: =IF(Q$8<N_st,1,0)*(1-(1-(Q$8<=I71)*K71^Q$8)*(1-(Q$8<=J71)*L71^Q$8)) -> 0 | R71: =IF(R$8<N_st,1,0)*(1-(1-(R$8<=I71)*K71^R$8)*(1-(R$8<=J71)*L71^R$8)) -> 0 | S71: =IF(S$8<N_st,1,0)*(1-(1-(S$8<=I71)*K71^S$8)*(1-(S$8<=J71)*L71^S$8)) -> 0 | T71: =IF(T$8<N_st,1,0)*(1-(1-(T$8<=I71)*K71^T$8)*(1-(T$8<=J71)*L71^T$8)) -> 0 | U71: =IF(U$8<N_st,1,0)*(1-(1-(U$8<=I71)*K71^U$8)*(1-(U$8<=J71)*L71^U$8)) -> 0 | V71: =IF(V$8<N_st,1,0)*(1-(1-(V$8<=I71)*K71^V$8)*(1-(V$8<=J71)*L71^V$8)) -> 0 | W71: =IF(W$8<N_st,1,0)*(1-(1-(W$8<=I71)*K71^W$8)*(1-(W$8<=J71)*L71^W$8)) -> 0 | X71: =IF(X$8<N_st,1,0)*(1-(1-(X$8<=I71)*K71^X$8)*(1-(X$8<=J71)*L71^X$8)) -> 0 | Y71: =IF(Y$8<N_st,1,0)*(1-(1-(Y$8<=I71)*K71^Y$8)*(1-(Y$8<=J71)*L71^Y$8)) -> 0 | Z71: =IF(Z$8<N_st,1,0)*(1-(1-(Z$8<=I71)*K71^Z$8)*(1-(Z$8<=J71)*L71^Z$8)) -> 0 | AA71: =IF(AA$8<N_st,1,0)*(1-(1-(AA$8<=I71)*K71^AA$8)*(1-(AA$8<=J71)*L71^AA$8)) -> 0 | AB71: =IF(AB$8<N_st,1,0)*(1-(1-(AB$8<=I71)*K71^AB$8)*(1-(AB$8<=J71)*L71^AB$8)) -> 0 | AC71: =IF(AC$8<N_st,1,0)*(1-(1-(AC$8<=I71)*K71^AC$8)*(1-(AC$8<=J71)*L71^AC$8)) -> 0 | AD71: =IF(AD$8<N_st,1,0)*(1-(1-(AD$8<=I71)*K71^AD$8)*(1-(AD$8<=J71)*L71^AD$8)) -> 0 | AE71: =IF(AE$8<N_st,1,0)*(1-(1-(AE$8<=I71)*K71^AE$8)*(1-(AE$8<=J71)*L71^AE$8)) -> 0 | AF71: =IF(AF$8<N_st,1,0)*(1-(1-(AF$8<=I71)*K71^AF$8)*(1-(AF$8<=J71)*L71^AF$8)) -> 0 | AG71: =IF(AG$8<N_st,1,0)*(1-(1-(AG$8<=I71)*K71^AG$8)*(1-(AG$8<=J71)*L71^AG$8)) -> 0 | AH71: =IF(AH$8<N_st,1,0)*(1-(1-(AH$8<=I71)*K71^AH$8)*(1-(AH$8<=J71)*L71^AH$8)) -> 0
A72: PF_out | B72: PF_out-1 | C72: 2 | D72: 1 | E72: 1 | F72: =(1/2_시험자료!$D$24)*2_시험자료!$F$24 -> 0.41666667 | G72: =2_시험자료!G14 -> 622.5 | H72: =IF(E72=1,1000000000,texp2_s) -> 1000000000 | I72: =FLOOR(MIN(t_fs_s,H72)/G72,1) -> 1 | J72: =IF(C72=1,FLOOR(t_fs_s/tau_L_s,1),0) -> 0 | K72: =IF(D72=1,1-p_cb,1) -> 0.3 | L72: =IF(C72=1,p_L,0) -> 0 | M72: =SUMPRODUCT(w_ie2,1-(1-(j_row<=I72)*K72^j_row)*(1-(j_row<=J72)*L72^j_row)) -> 0.3 | N72: =occ_st*SUMPRODUCT(w_ie2,(j_row<=I72)*K72^j_row*(j_row<=J72)*L72^j_row*(((j_row*G72<rset_s)+(j_row*tau_L_s<rset_s))>0)+(j_row<=I72)*K72^j_row*(1-(j_row<=J72)*L72^j_row)*(j_row*G72<rset_s)+(1-(j_row<=I72)*K72^j_row)*(j_row<=J72)*L72^j_row*(j_row*tau_L_s<rset_s)) -> 1.5 | O72: =IF(O$8<N_st,1,0)*(1-(1-(O$8<=I72)*K72^O$8)*(1-(O$8<=J72)*L72^O$8)) -> 0.3 | P72: =IF(P$8<N_st,1,0)*(1-(1-(P$8<=I72)*K72^P$8)*(1-(P$8<=J72)*L72^P$8)) -> 0 | Q72: =IF(Q$8<N_st,1,0)*(1-(1-(Q$8<=I72)*K72^Q$8)*(1-(Q$8<=J72)*L72^Q$8)) -> 0 | R72: =IF(R$8<N_st,1,0)*(1-(1-(R$8<=I72)*K72^R$8)*(1-(R$8<=J72)*L72^R$8)) -> 0 | S72: =IF(S$8<N_st,1,0)*(1-(1-(S$8<=I72)*K72^S$8)*(1-(S$8<=J72)*L72^S$8)) -> 0 | T72: =IF(T$8<N_st,1,0)*(1-(1-(T$8<=I72)*K72^T$8)*(1-(T$8<=J72)*L72^T$8)) -> 0 | U72: =IF(U$8<N_st,1,0)*(1-(1-(U$8<=I72)*K72^U$8)*(1-(U$8<=J72)*L72^U$8)) -> 0 | V72: =IF(V$8<N_st,1,0)*(1-(1-(V$8<=I72)*K72^V$8)*(1-(V$8<=J72)*L72^V$8)) -> 0 | W72: =IF(W$8<N_st,1,0)*(1-(1-(W$8<=I72)*K72^W$8)*(1-(W$8<=J72)*L72^W$8)) -> 0 | X72: =IF(X$8<N_st,1,0)*(1-(1-(X$8<=I72)*K72^X$8)*(1-(X$8<=J72)*L72^X$8)) -> 0 | Y72: =IF(Y$8<N_st,1,0)*(1-(1-(Y$8<=I72)*K72^Y$8)*(1-(Y$8<=J72)*L72^Y$8)) -> 0 | Z72: =IF(Z$8<N_st,1,0)*(1-(1-(Z$8<=I72)*K72^Z$8)*(1-(Z$8<=J72)*L72^Z$8)) -> 0 | AA72: =IF(AA$8<N_st,1,0)*(1-(1-(AA$8<=I72)*K72^AA$8)*(1-(AA$8<=J72)*L72^AA$8)) -> 0 | AB72: =IF(AB$8<N_st,1,0)*(1-(1-(AB$8<=I72)*K72^AB$8)*(1-(AB$8<=J72)*L72^AB$8)) -> 0 | AC72: =IF(AC$8<N_st,1,0)*(1-(1-(AC$8<=I72)*K72^AC$8)*(1-(AC$8<=J72)*L72^AC$8)) -> 0 | AD72: =IF(AD$8<N_st,1,0)*(1-(1-(AD$8<=I72)*K72^AD$8)*(1-(AD$8<=J72)*L72^AD$8)) -> 0 | AE72: =IF(AE$8<N_st,1,0)*(1-(1-(AE$8<=I72)*K72^AE$8)*(1-(AE$8<=J72)*L72^AE$8)) -> 0 | AF72: =IF(AF$8<N_st,1,0)*(1-(1-(AF$8<=I72)*K72^AF$8)*(1-(AF$8<=J72)*L72^AF$8)) -> 0 | AG72: =IF(AG$8<N_st,1,0)*(1-(1-(AG$8<=I72)*K72^AG$8)*(1-(AG$8<=J72)*L72^AG$8)) -> 0 | AH72: =IF(AH$8<N_st,1,0)*(1-(1-(AH$8<=I72)*K72^AH$8)*(1-(AH$8<=J72)*L72^AH$8)) -> 0
A73: PF_out | B73: PF_out-1 | C73: 2 | D73: 1 | E73: 0 | F73: =(1/2_시험자료!$D$24)*(1-2_시험자료!$F$24) -> 0.083333333 | G73: =2_시험자료!G14 -> 622.5 | H73: =IF(E73=1,1000000000,texp2_s) -> 750 | I73: =FLOOR(MIN(t_fs_s,H73)/G73,1) -> 1 | J73: =IF(C73=1,FLOOR(t_fs_s/tau_L_s,1),0) -> 0 | K73: =IF(D73=1,1-p_cb,1) -> 0.3 | L73: =IF(C73=1,p_L,0) -> 0 | M73: =SUMPRODUCT(w_ie2,1-(1-(j_row<=I73)*K73^j_row)*(1-(j_row<=J73)*L73^j_row)) -> 0.3 | N73: =occ_st*SUMPRODUCT(w_ie2,(j_row<=I73)*K73^j_row*(j_row<=J73)*L73^j_row*(((j_row*G73<rset_s)+(j_row*tau_L_s<rset_s))>0)+(j_row<=I73)*K73^j_row*(1-(j_row<=J73)*L73^j_row)*(j_row*G73<rset_s)+(1-(j_row<=I73)*K73^j_row)*(j_row<=J73)*L73^j_row*(j_row*tau_L_s<rset_s)) -> 1.5 | O73: =IF(O$8<N_st,1,0)*(1-(1-(O$8<=I73)*K73^O$8)*(1-(O$8<=J73)*L73^O$8)) -> 0.3 | P73: =IF(P$8<N_st,1,0)*(1-(1-(P$8<=I73)*K73^P$8)*(1-(P$8<=J73)*L73^P$8)) -> 0 | Q73: =IF(Q$8<N_st,1,0)*(1-(1-(Q$8<=I73)*K73^Q$8)*(1-(Q$8<=J73)*L73^Q$8)) -> 0 | R73: =IF(R$8<N_st,1,0)*(1-(1-(R$8<=I73)*K73^R$8)*(1-(R$8<=J73)*L73^R$8)) -> 0 | S73: =IF(S$8<N_st,1,0)*(1-(1-(S$8<=I73)*K73^S$8)*(1-(S$8<=J73)*L73^S$8)) -> 0 | T73: =IF(T$8<N_st,1,0)*(1-(1-(T$8<=I73)*K73^T$8)*(1-(T$8<=J73)*L73^T$8)) -> 0 | U73: =IF(U$8<N_st,1,0)*(1-(1-(U$8<=I73)*K73^U$8)*(1-(U$8<=J73)*L73^U$8)) -> 0 | V73: =IF(V$8<N_st,1,0)*(1-(1-(V$8<=I73)*K73^V$8)*(1-(V$8<=J73)*L73^V$8)) -> 0 | W73: =IF(W$8<N_st,1,0)*(1-(1-(W$8<=I73)*K73^W$8)*(1-(W$8<=J73)*L73^W$8)) -> 0 | X73: =IF(X$8<N_st,1,0)*(1-(1-(X$8<=I73)*K73^X$8)*(1-(X$8<=J73)*L73^X$8)) -> 0 | Y73: =IF(Y$8<N_st,1,0)*(1-(1-(Y$8<=I73)*K73^Y$8)*(1-(Y$8<=J73)*L73^Y$8)) -> 0 | Z73: =IF(Z$8<N_st,1,0)*(1-(1-(Z$8<=I73)*K73^Z$8)*(1-(Z$8<=J73)*L73^Z$8)) -> 0 | AA73: =IF(AA$8<N_st,1,0)*(1-(1-(AA$8<=I73)*K73^AA$8)*(1-(AA$8<=J73)*L73^AA$8)) -> 0 | AB73: =IF(AB$8<N_st,1,0)*(1-(1-(AB$8<=I73)*K73^AB$8)*(1-(AB$8<=J73)*L73^AB$8)) -> 0 | AC73: =IF(AC$8<N_st,1,0)*(1-(1-(AC$8<=I73)*K73^AC$8)*(1-(AC$8<=J73)*L73^AC$8)) -> 0 | AD73: =IF(AD$8<N_st,1,0)*(1-(1-(AD$8<=I73)*K73^AD$8)*(1-(AD$8<=J73)*L73^AD$8)) -> 0 | AE73: =IF(AE$8<N_st,1,0)*(1-(1-(AE$8<=I73)*K73^AE$8)*(1-(AE$8<=J73)*L73^AE$8)) -> 0 | AF73: =IF(AF$8<N_st,1,0)*(1-(1-(AF$8<=I73)*K73^AF$8)*(1-(AF$8<=J73)*L73^AF$8)) -> 0 | AG73: =IF(AG$8<N_st,1,0)*(1-(1-(AG$8<=I73)*K73^AG$8)*(1-(AG$8<=J73)*L73^AG$8)) -> 0 | AH73: =IF(AH$8<N_st,1,0)*(1-(1-(AH$8<=I73)*K73^AH$8)*(1-(AH$8<=J73)*L73^AH$8)) -> 0
A74: PF_out | B74: PF_out-2 | C74: 1 | D74: 0 | E74: 1 | F74: =(1/2_시험자료!$D$24)*2_시험자료!$F$24 -> 0.41666667 | G74: =2_시험자료!G15 -> 727.5 | H74: =IF(E74=1,1000000000,texp1_s) -> 1000000000 | I74: =FLOOR(MIN(t_fs_s,H74)/G74,1) -> 1 | J74: =IF(C74=1,FLOOR(t_fs_s/tau_L_s,1),0) -> 1 | K74: =IF(D74=1,1-p_cb,1) -> 1 | L74: =IF(C74=1,p_L,0) -> 0.15 | M74: =SUMPRODUCT(w_ie1,1-(1-(j_row<=I74)*K74^j_row)*(1-(j_row<=J74)*L74^j_row)) -> 0.93333333 | N74: =occ_st*SUMPRODUCT(w_ie1,(j_row<=I74)*K74^j_row*(j_row<=J74)*L74^j_row*(((j_row*G74<rset_s)+(j_row*tau_L_s<rset_s))>0)+(j_row<=I74)*K74^j_row*(1-(j_row<=J74)*L74^j_row)*(j_row*G74<rset_s)+(1-(j_row<=I74)*K74^j_row)*(j_row<=J74)*L74^j_row*(j_row*tau_L_s<rset_s)) -> 4.6666667 | O74: =IF(O$8<N_st,(N_st-O$8)/N_st,0)*(1-(1-(O$8<=I74)*K74^O$8)*(1-(O$8<=J74)*L74^O$8)) -> 0.93333333 | P74: =IF(P$8<N_st,(N_st-P$8)/N_st,0)*(1-(1-(P$8<=I74)*K74^P$8)*(1-(P$8<=J74)*L74^P$8)) -> 0 | Q74: =IF(Q$8<N_st,(N_st-Q$8)/N_st,0)*(1-(1-(Q$8<=I74)*K74^Q$8)*(1-(Q$8<=J74)*L74^Q$8)) -> 0 | R74: =IF(R$8<N_st,(N_st-R$8)/N_st,0)*(1-(1-(R$8<=I74)*K74^R$8)*(1-(R$8<=J74)*L74^R$8)) -> 0 | S74: =IF(S$8<N_st,(N_st-S$8)/N_st,0)*(1-(1-(S$8<=I74)*K74^S$8)*(1-(S$8<=J74)*L74^S$8)) -> 0 | T74: =IF(T$8<N_st,(N_st-T$8)/N_st,0)*(1-(1-(T$8<=I74)*K74^T$8)*(1-(T$8<=J74)*L74^T$8)) -> 0 | U74: =IF(U$8<N_st,(N_st-U$8)/N_st,0)*(1-(1-(U$8<=I74)*K74^U$8)*(1-(U$8<=J74)*L74^U$8)) -> 0 | V74: =IF(V$8<N_st,(N_st-V$8)/N_st,0)*(1-(1-(V$8<=I74)*K74^V$8)*(1-(V$8<=J74)*L74^V$8)) -> 0 | W74: =IF(W$8<N_st,(N_st-W$8)/N_st,0)*(1-(1-(W$8<=I74)*K74^W$8)*(1-(W$8<=J74)*L74^W$8)) -> 0 | X74: =IF(X$8<N_st,(N_st-X$8)/N_st,0)*(1-(1-(X$8<=I74)*K74^X$8)*(1-(X$8<=J74)*L74^X$8)) -> 0 | Y74: =IF(Y$8<N_st,(N_st-Y$8)/N_st,0)*(1-(1-(Y$8<=I74)*K74^Y$8)*(1-(Y$8<=J74)*L74^Y$8)) -> 0 | Z74: =IF(Z$8<N_st,(N_st-Z$8)/N_st,0)*(1-(1-(Z$8<=I74)*K74^Z$8)*(1-(Z$8<=J74)*L74^Z$8)) -> 0 | AA74: =IF(AA$8<N_st,(N_st-AA$8)/N_st,0)*(1-(1-(AA$8<=I74)*K74^AA$8)*(1-(AA$8<=J74)*L74^AA$8)) -> 0 | AB74: =IF(AB$8<N_st,(N_st-AB$8)/N_st,0)*(1-(1-(AB$8<=I74)*K74^AB$8)*(1-(AB$8<=J74)*L74^AB$8)) -> 0 | AC74: =IF(AC$8<N_st,(N_st-AC$8)/N_st,0)*(1-(1-(AC$8<=I74)*K74^AC$8)*(1-(AC$8<=J74)*L74^AC$8)) -> 0 | AD74: =IF(AD$8<N_st,(N_st-AD$8)/N_st,0)*(1-(1-(AD$8<=I74)*K74^AD$8)*(1-(AD$8<=J74)*L74^AD$8)) -> 0 | AE74: =IF(AE$8<N_st,(N_st-AE$8)/N_st,0)*(1-(1-(AE$8<=I74)*K74^AE$8)*(1-(AE$8<=J74)*L74^AE$8)) -> 0 | AF74: =IF(AF$8<N_st,(N_st-AF$8)/N_st,0)*(1-(1-(AF$8<=I74)*K74^AF$8)*(1-(AF$8<=J74)*L74^AF$8)) -> 0 | AG74: =IF(AG$8<N_st,(N_st-AG$8)/N_st,0)*(1-(1-(AG$8<=I74)*K74^AG$8)*(1-(AG$8<=J74)*L74^AG$8)) -> 0 | AH74: =IF(AH$8<N_st,(N_st-AH$8)/N_st,0)*(1-(1-(AH$8<=I74)*K74^AH$8)*(1-(AH$8<=J74)*L74^AH$8)) -> 0
A75: PF_out | B75: PF_out-2 | C75: 1 | D75: 0 | E75: 0 | F75: =(1/2_시험자료!$D$24)*(1-2_시험자료!$F$24) -> 0.083333333 | G75: =2_시험자료!G15 -> 727.5 | H75: =IF(E75=1,1000000000,texp1_s) -> 1200 | I75: =FLOOR(MIN(t_fs_s,H75)/G75,1) -> 1 | J75: =IF(C75=1,FLOOR(t_fs_s/tau_L_s,1),0) -> 1 | K75: =IF(D75=1,1-p_cb,1) -> 1 | L75: =IF(C75=1,p_L,0) -> 0.15 | M75: =SUMPRODUCT(w_ie1,1-(1-(j_row<=I75)*K75^j_row)*(1-(j_row<=J75)*L75^j_row)) -> 0.93333333 | N75: =occ_st*SUMPRODUCT(w_ie1,(j_row<=I75)*K75^j_row*(j_row<=J75)*L75^j_row*(((j_row*G75<rset_s)+(j_row*tau_L_s<rset_s))>0)+(j_row<=I75)*K75^j_row*(1-(j_row<=J75)*L75^j_row)*(j_row*G75<rset_s)+(1-(j_row<=I75)*K75^j_row)*(j_row<=J75)*L75^j_row*(j_row*tau_L_s<rset_s)) -> 4.6666667 | O75: =IF(O$8<N_st,(N_st-O$8)/N_st,0)*(1-(1-(O$8<=I75)*K75^O$8)*(1-(O$8<=J75)*L75^O$8)) -> 0.93333333 | P75: =IF(P$8<N_st,(N_st-P$8)/N_st,0)*(1-(1-(P$8<=I75)*K75^P$8)*(1-(P$8<=J75)*L75^P$8)) -> 0 | Q75: =IF(Q$8<N_st,(N_st-Q$8)/N_st,0)*(1-(1-(Q$8<=I75)*K75^Q$8)*(1-(Q$8<=J75)*L75^Q$8)) -> 0 | R75: =IF(R$8<N_st,(N_st-R$8)/N_st,0)*(1-(1-(R$8<=I75)*K75^R$8)*(1-(R$8<=J75)*L75^R$8)) -> 0 | S75: =IF(S$8<N_st,(N_st-S$8)/N_st,0)*(1-(1-(S$8<=I75)*K75^S$8)*(1-(S$8<=J75)*L75^S$8)) -> 0 | T75: =IF(T$8<N_st,(N_st-T$8)/N_st,0)*(1-(1-(T$8<=I75)*K75^T$8)*(1-(T$8<=J75)*L75^T$8)) -> 0 | U75: =IF(U$8<N_st,(N_st-U$8)/N_st,0)*(1-(1-(U$8<=I75)*K75^U$8)*(1-(U$8<=J75)*L75^U$8)) -> 0 | V75: =IF(V$8<N_st,(N_st-V$8)/N_st,0)*(1-(1-(V$8<=I75)*K75^V$8)*(1-(V$8<=J75)*L75^V$8)) -> 0 | W75: =IF(W$8<N_st,(N_st-W$8)/N_st,0)*(1-(1-(W$8<=I75)*K75^W$8)*(1-(W$8<=J75)*L75^W$8)) -> 0 | X75: =IF(X$8<N_st,(N_st-X$8)/N_st,0)*(1-(1-(X$8<=I75)*K75^X$8)*(1-(X$8<=J75)*L75^X$8)) -> 0 | Y75: =IF(Y$8<N_st,(N_st-Y$8)/N_st,0)*(1-(1-(Y$8<=I75)*K75^Y$8)*(1-(Y$8<=J75)*L75^Y$8)) -> 0 | Z75: =IF(Z$8<N_st,(N_st-Z$8)/N_st,0)*(1-(1-(Z$8<=I75)*K75^Z$8)*(1-(Z$8<=J75)*L75^Z$8)) -> 0 | AA75: =IF(AA$8<N_st,(N_st-AA$8)/N_st,0)*(1-(1-(AA$8<=I75)*K75^AA$8)*(1-(AA$8<=J75)*L75^AA$8)) -> 0 | AB75: =IF(AB$8<N_st,(N_st-AB$8)/N_st,0)*(1-(1-(AB$8<=I75)*K75^AB$8)*(1-(AB$8<=J75)*L75^AB$8)) -> 0 | AC75: =IF(AC$8<N_st,(N_st-AC$8)/N_st,0)*(1-(1-(AC$8<=I75)*K75^AC$8)*(1-(AC$8<=J75)*L75^AC$8)) -> 0 | AD75: =IF(AD$8<N_st,(N_st-AD$8)/N_st,0)*(1-(1-(AD$8<=I75)*K75^AD$8)*(1-(AD$8<=J75)*L75^AD$8)) -> 0 | AE75: =IF(AE$8<N_st,(N_st-AE$8)/N_st,0)*(1-(1-(AE$8<=I75)*K75^AE$8)*(1-(AE$8<=J75)*L75^AE$8)) -> 0 | AF75: =IF(AF$8<N_st,(N_st-AF$8)/N_st,0)*(1-(1-(AF$8<=I75)*K75^AF$8)*(1-(AF$8<=J75)*L75^AF$8)) -> 0 | AG75: =IF(AG$8<N_st,(N_st-AG$8)/N_st,0)*(1-(1-(AG$8<=I75)*K75^AG$8)*(1-(AG$8<=J75)*L75^AG$8)) -> 0 | AH75: =IF(AH$8<N_st,(N_st-AH$8)/N_st,0)*(1-(1-(AH$8<=I75)*K75^AH$8)*(1-(AH$8<=J75)*L75^AH$8)) -> 0
A76: PF_out | B76: PF_out-2 | C76: 1 | D76: 1 | E76: 1 | F76: =(1/2_시험자료!$D$24)*2_시험자료!$F$24 -> 0.41666667 | G76: =2_시험자료!G15 -> 727.5 | H76: =IF(E76=1,1000000000,texp1_s) -> 1000000000 | I76: =FLOOR(MIN(t_fs_s,H76)/G76,1) -> 1 | J76: =IF(C76=1,FLOOR(t_fs_s/tau_L_s,1),0) -> 1 | K76: =IF(D76=1,1-p_cb,1) -> 0.3 | L76: =IF(C76=1,p_L,0) -> 0.15 | M76: =SUMPRODUCT(w_ie1,1-(1-(j_row<=I76)*K76^j_row)*(1-(j_row<=J76)*L76^j_row)) -> 0.378 | N76: =occ_st*SUMPRODUCT(w_ie1,(j_row<=I76)*K76^j_row*(j_row<=J76)*L76^j_row*(((j_row*G76<rset_s)+(j_row*tau_L_s<rset_s))>0)+(j_row<=I76)*K76^j_row*(1-(j_row<=J76)*L76^j_row)*(j_row*G76<rset_s)+(1-(j_row<=I76)*K76^j_row)*(j_row<=J76)*L76^j_row*(j_row*tau_L_s<rset_s)) -> 1.89 | O76: =IF(O$8<N_st,(N_st-O$8)/N_st,0)*(1-(1-(O$8<=I76)*K76^O$8)*(1-(O$8<=J76)*L76^O$8)) -> 0.378 | P76: =IF(P$8<N_st,(N_st-P$8)/N_st,0)*(1-(1-(P$8<=I76)*K76^P$8)*(1-(P$8<=J76)*L76^P$8)) -> 0 | Q76: =IF(Q$8<N_st,(N_st-Q$8)/N_st,0)*(1-(1-(Q$8<=I76)*K76^Q$8)*(1-(Q$8<=J76)*L76^Q$8)) -> 0 | R76: =IF(R$8<N_st,(N_st-R$8)/N_st,0)*(1-(1-(R$8<=I76)*K76^R$8)*(1-(R$8<=J76)*L76^R$8)) -> 0 | S76: =IF(S$8<N_st,(N_st-S$8)/N_st,0)*(1-(1-(S$8<=I76)*K76^S$8)*(1-(S$8<=J76)*L76^S$8)) -> 0 | T76: =IF(T$8<N_st,(N_st-T$8)/N_st,0)*(1-(1-(T$8<=I76)*K76^T$8)*(1-(T$8<=J76)*L76^T$8)) -> 0 | U76: =IF(U$8<N_st,(N_st-U$8)/N_st,0)*(1-(1-(U$8<=I76)*K76^U$8)*(1-(U$8<=J76)*L76^U$8)) -> 0 | V76: =IF(V$8<N_st,(N_st-V$8)/N_st,0)*(1-(1-(V$8<=I76)*K76^V$8)*(1-(V$8<=J76)*L76^V$8)) -> 0 | W76: =IF(W$8<N_st,(N_st-W$8)/N_st,0)*(1-(1-(W$8<=I76)*K76^W$8)*(1-(W$8<=J76)*L76^W$8)) -> 0 | X76: =IF(X$8<N_st,(N_st-X$8)/N_st,0)*(1-(1-(X$8<=I76)*K76^X$8)*(1-(X$8<=J76)*L76^X$8)) -> 0 | Y76: =IF(Y$8<N_st,(N_st-Y$8)/N_st,0)*(1-(1-(Y$8<=I76)*K76^Y$8)*(1-(Y$8<=J76)*L76^Y$8)) -> 0 | Z76: =IF(Z$8<N_st,(N_st-Z$8)/N_st,0)*(1-(1-(Z$8<=I76)*K76^Z$8)*(1-(Z$8<=J76)*L76^Z$8)) -> 0 | AA76: =IF(AA$8<N_st,(N_st-AA$8)/N_st,0)*(1-(1-(AA$8<=I76)*K76^AA$8)*(1-(AA$8<=J76)*L76^AA$8)) -> 0 | AB76: =IF(AB$8<N_st,(N_st-AB$8)/N_st,0)*(1-(1-(AB$8<=I76)*K76^AB$8)*(1-(AB$8<=J76)*L76^AB$8)) -> 0 | AC76: =IF(AC$8<N_st,(N_st-AC$8)/N_st,0)*(1-(1-(AC$8<=I76)*K76^AC$8)*(1-(AC$8<=J76)*L76^AC$8)) -> 0 | AD76: =IF(AD$8<N_st,(N_st-AD$8)/N_st,0)*(1-(1-(AD$8<=I76)*K76^AD$8)*(1-(AD$8<=J76)*L76^AD$8)) -> 0 | AE76: =IF(AE$8<N_st,(N_st-AE$8)/N_st,0)*(1-(1-(AE$8<=I76)*K76^AE$8)*(1-(AE$8<=J76)*L76^AE$8)) -> 0 | AF76: =IF(AF$8<N_st,(N_st-AF$8)/N_st,0)*(1-(1-(AF$8<=I76)*K76^AF$8)*(1-(AF$8<=J76)*L76^AF$8)) -> 0 | AG76: =IF(AG$8<N_st,(N_st-AG$8)/N_st,0)*(1-(1-(AG$8<=I76)*K76^AG$8)*(1-(AG$8<=J76)*L76^AG$8)) -> 0 | AH76: =IF(AH$8<N_st,(N_st-AH$8)/N_st,0)*(1-(1-(AH$8<=I76)*K76^AH$8)*(1-(AH$8<=J76)*L76^AH$8)) -> 0
A77: PF_out | B77: PF_out-2 | C77: 1 | D77: 1 | E77: 0 | F77: =(1/2_시험자료!$D$24)*(1-2_시험자료!$F$24) -> 0.083333333 | G77: =2_시험자료!G15 -> 727.5 | H77: =IF(E77=1,1000000000,texp1_s) -> 1200 | I77: =FLOOR(MIN(t_fs_s,H77)/G77,1) -> 1 | J77: =IF(C77=1,FLOOR(t_fs_s/tau_L_s,1),0) -> 1 | K77: =IF(D77=1,1-p_cb,1) -> 0.3 | L77: =IF(C77=1,p_L,0) -> 0.15 | M77: =SUMPRODUCT(w_ie1,1-(1-(j_row<=I77)*K77^j_row)*(1-(j_row<=J77)*L77^j_row)) -> 0.378 | N77: =occ_st*SUMPRODUCT(w_ie1,(j_row<=I77)*K77^j_row*(j_row<=J77)*L77^j_row*(((j_row*G77<rset_s)+(j_row*tau_L_s<rset_s))>0)+(j_row<=I77)*K77^j_row*(1-(j_row<=J77)*L77^j_row)*(j_row*G77<rset_s)+(1-(j_row<=I77)*K77^j_row)*(j_row<=J77)*L77^j_row*(j_row*tau_L_s<rset_s)) -> 1.89 | O77: =IF(O$8<N_st,(N_st-O$8)/N_st,0)*(1-(1-(O$8<=I77)*K77^O$8)*(1-(O$8<=J77)*L77^O$8)) -> 0.378 | P77: =IF(P$8<N_st,(N_st-P$8)/N_st,0)*(1-(1-(P$8<=I77)*K77^P$8)*(1-(P$8<=J77)*L77^P$8)) -> 0 | Q77: =IF(Q$8<N_st,(N_st-Q$8)/N_st,0)*(1-(1-(Q$8<=I77)*K77^Q$8)*(1-(Q$8<=J77)*L77^Q$8)) -> 0 | R77: =IF(R$8<N_st,(N_st-R$8)/N_st,0)*(1-(1-(R$8<=I77)*K77^R$8)*(1-(R$8<=J77)*L77^R$8)) -> 0 | S77: =IF(S$8<N_st,(N_st-S$8)/N_st,0)*(1-(1-(S$8<=I77)*K77^S$8)*(1-(S$8<=J77)*L77^S$8)) -> 0 | T77: =IF(T$8<N_st,(N_st-T$8)/N_st,0)*(1-(1-(T$8<=I77)*K77^T$8)*(1-(T$8<=J77)*L77^T$8)) -> 0 | U77: =IF(U$8<N_st,(N_st-U$8)/N_st,0)*(1-(1-(U$8<=I77)*K77^U$8)*(1-(U$8<=J77)*L77^U$8)) -> 0 | V77: =IF(V$8<N_st,(N_st-V$8)/N_st,0)*(1-(1-(V$8<=I77)*K77^V$8)*(1-(V$8<=J77)*L77^V$8)) -> 0 | W77: =IF(W$8<N_st,(N_st-W$8)/N_st,0)*(1-(1-(W$8<=I77)*K77^W$8)*(1-(W$8<=J77)*L77^W$8)) -> 0 | X77: =IF(X$8<N_st,(N_st-X$8)/N_st,0)*(1-(1-(X$8<=I77)*K77^X$8)*(1-(X$8<=J77)*L77^X$8)) -> 0 | Y77: =IF(Y$8<N_st,(N_st-Y$8)/N_st,0)*(1-(1-(Y$8<=I77)*K77^Y$8)*(1-(Y$8<=J77)*L77^Y$8)) -> 0 | Z77: =IF(Z$8<N_st,(N_st-Z$8)/N_st,0)*(1-(1-(Z$8<=I77)*K77^Z$8)*(1-(Z$8<=J77)*L77^Z$8)) -> 0 | AA77: =IF(AA$8<N_st,(N_st-AA$8)/N_st,0)*(1-(1-(AA$8<=I77)*K77^AA$8)*(1-(AA$8<=J77)*L77^AA$8)) -> 0 | AB77: =IF(AB$8<N_st,(N_st-AB$8)/N_st,0)*(1-(1-(AB$8<=I77)*K77^AB$8)*(1-(AB$8<=J77)*L77^AB$8)) -> 0 | AC77: =IF(AC$8<N_st,(N_st-AC$8)/N_st,0)*(1-(1-(AC$8<=I77)*K77^AC$8)*(1-(AC$8<=J77)*L77^AC$8)) -> 0 | AD77: =IF(AD$8<N_st,(N_st-AD$8)/N_st,0)*(1-(1-(AD$8<=I77)*K77^AD$8)*(1-(AD$8<=J77)*L77^AD$8)) -> 0 | AE77: =IF(AE$8<N_st,(N_st-AE$8)/N_st,0)*(1-(1-(AE$8<=I77)*K77^AE$8)*(1-(AE$8<=J77)*L77^AE$8)) -> 0 | AF77: =IF(AF$8<N_st,(N_st-AF$8)/N_st,0)*(1-(1-(AF$8<=I77)*K77^AF$8)*(1-(AF$8<=J77)*L77^AF$8)) -> 0 | AG77: =IF(AG$8<N_st,(N_st-AG$8)/N_st,0)*(1-(1-(AG$8<=I77)*K77^AG$8)*(1-(AG$8<=J77)*L77^AG$8)) -> 0 | AH77: =IF(AH$8<N_st,(N_st-AH$8)/N_st,0)*(1-(1-(AH$8<=I77)*K77^AH$8)*(1-(AH$8<=J77)*L77^AH$8)) -> 0
A78: PF_out | B78: PF_out-2 | C78: 2 | D78: 0 | E78: 1 | F78: =(1/2_시험자료!$D$24)*2_시험자료!$F$24 -> 0.41666667 | G78: =2_시험자료!G15 -> 727.5 | H78: =IF(E78=1,1000000000,texp2_s) -> 1000000000 | I78: =FLOOR(MIN(t_fs_s,H78)/G78,1) -> 1 | J78: =IF(C78=1,FLOOR(t_fs_s/tau_L_s,1),0) -> 0 | K78: =IF(D78=1,1-p_cb,1) -> 1 | L78: =IF(C78=1,p_L,0) -> 0 | M78: =SUMPRODUCT(w_ie2,1-(1-(j_row<=I78)*K78^j_row)*(1-(j_row<=J78)*L78^j_row)) -> 1 | N78: =occ_st*SUMPRODUCT(w_ie2,(j_row<=I78)*K78^j_row*(j_row<=J78)*L78^j_row*(((j_row*G78<rset_s)+(j_row*tau_L_s<rset_s))>0)+(j_row<=I78)*K78^j_row*(1-(j_row<=J78)*L78^j_row)*(j_row*G78<rset_s)+(1-(j_row<=I78)*K78^j_row)*(j_row<=J78)*L78^j_row*(j_row*tau_L_s<rset_s)) -> 5 | O78: =IF(O$8<N_st,1,0)*(1-(1-(O$8<=I78)*K78^O$8)*(1-(O$8<=J78)*L78^O$8)) -> 1 | P78: =IF(P$8<N_st,1,0)*(1-(1-(P$8<=I78)*K78^P$8)*(1-(P$8<=J78)*L78^P$8)) -> 0 | Q78: =IF(Q$8<N_st,1,0)*(1-(1-(Q$8<=I78)*K78^Q$8)*(1-(Q$8<=J78)*L78^Q$8)) -> 0 | R78: =IF(R$8<N_st,1,0)*(1-(1-(R$8<=I78)*K78^R$8)*(1-(R$8<=J78)*L78^R$8)) -> 0 | S78: =IF(S$8<N_st,1,0)*(1-(1-(S$8<=I78)*K78^S$8)*(1-(S$8<=J78)*L78^S$8)) -> 0 | T78: =IF(T$8<N_st,1,0)*(1-(1-(T$8<=I78)*K78^T$8)*(1-(T$8<=J78)*L78^T$8)) -> 0 | U78: =IF(U$8<N_st,1,0)*(1-(1-(U$8<=I78)*K78^U$8)*(1-(U$8<=J78)*L78^U$8)) -> 0 | V78: =IF(V$8<N_st,1,0)*(1-(1-(V$8<=I78)*K78^V$8)*(1-(V$8<=J78)*L78^V$8)) -> 0 | W78: =IF(W$8<N_st,1,0)*(1-(1-(W$8<=I78)*K78^W$8)*(1-(W$8<=J78)*L78^W$8)) -> 0 | X78: =IF(X$8<N_st,1,0)*(1-(1-(X$8<=I78)*K78^X$8)*(1-(X$8<=J78)*L78^X$8)) -> 0 | Y78: =IF(Y$8<N_st,1,0)*(1-(1-(Y$8<=I78)*K78^Y$8)*(1-(Y$8<=J78)*L78^Y$8)) -> 0 | Z78: =IF(Z$8<N_st,1,0)*(1-(1-(Z$8<=I78)*K78^Z$8)*(1-(Z$8<=J78)*L78^Z$8)) -> 0 | AA78: =IF(AA$8<N_st,1,0)*(1-(1-(AA$8<=I78)*K78^AA$8)*(1-(AA$8<=J78)*L78^AA$8)) -> 0 | AB78: =IF(AB$8<N_st,1,0)*(1-(1-(AB$8<=I78)*K78^AB$8)*(1-(AB$8<=J78)*L78^AB$8)) -> 0 | AC78: =IF(AC$8<N_st,1,0)*(1-(1-(AC$8<=I78)*K78^AC$8)*(1-(AC$8<=J78)*L78^AC$8)) -> 0 | AD78: =IF(AD$8<N_st,1,0)*(1-(1-(AD$8<=I78)*K78^AD$8)*(1-(AD$8<=J78)*L78^AD$8)) -> 0 | AE78: =IF(AE$8<N_st,1,0)*(1-(1-(AE$8<=I78)*K78^AE$8)*(1-(AE$8<=J78)*L78^AE$8)) -> 0 | AF78: =IF(AF$8<N_st,1,0)*(1-(1-(AF$8<=I78)*K78^AF$8)*(1-(AF$8<=J78)*L78^AF$8)) -> 0 | AG78: =IF(AG$8<N_st,1,0)*(1-(1-(AG$8<=I78)*K78^AG$8)*(1-(AG$8<=J78)*L78^AG$8)) -> 0 | AH78: =IF(AH$8<N_st,1,0)*(1-(1-(AH$8<=I78)*K78^AH$8)*(1-(AH$8<=J78)*L78^AH$8)) -> 0
A79: PF_out | B79: PF_out-2 | C79: 2 | D79: 0 | E79: 0 | F79: =(1/2_시험자료!$D$24)*(1-2_시험자료!$F$24) -> 0.083333333 | G79: =2_시험자료!G15 -> 727.5 | H79: =IF(E79=1,1000000000,texp2_s) -> 750 | I79: =FLOOR(MIN(t_fs_s,H79)/G79,1) -> 1 | J79: =IF(C79=1,FLOOR(t_fs_s/tau_L_s,1),0) -> 0 | K79: =IF(D79=1,1-p_cb,1) -> 1 | L79: =IF(C79=1,p_L,0) -> 0 | M79: =SUMPRODUCT(w_ie2,1-(1-(j_row<=I79)*K79^j_row)*(1-(j_row<=J79)*L79^j_row)) -> 1 | N79: =occ_st*SUMPRODUCT(w_ie2,(j_row<=I79)*K79^j_row*(j_row<=J79)*L79^j_row*(((j_row*G79<rset_s)+(j_row*tau_L_s<rset_s))>0)+(j_row<=I79)*K79^j_row*(1-(j_row<=J79)*L79^j_row)*(j_row*G79<rset_s)+(1-(j_row<=I79)*K79^j_row)*(j_row<=J79)*L79^j_row*(j_row*tau_L_s<rset_s)) -> 5 | O79: =IF(O$8<N_st,1,0)*(1-(1-(O$8<=I79)*K79^O$8)*(1-(O$8<=J79)*L79^O$8)) -> 1 | P79: =IF(P$8<N_st,1,0)*(1-(1-(P$8<=I79)*K79^P$8)*(1-(P$8<=J79)*L79^P$8)) -> 0 | Q79: =IF(Q$8<N_st,1,0)*(1-(1-(Q$8<=I79)*K79^Q$8)*(1-(Q$8<=J79)*L79^Q$8)) -> 0 | R79: =IF(R$8<N_st,1,0)*(1-(1-(R$8<=I79)*K79^R$8)*(1-(R$8<=J79)*L79^R$8)) -> 0 | S79: =IF(S$8<N_st,1,0)*(1-(1-(S$8<=I79)*K79^S$8)*(1-(S$8<=J79)*L79^S$8)) -> 0 | T79: =IF(T$8<N_st,1,0)*(1-(1-(T$8<=I79)*K79^T$8)*(1-(T$8<=J79)*L79^T$8)) -> 0 | U79: =IF(U$8<N_st,1,0)*(1-(1-(U$8<=I79)*K79^U$8)*(1-(U$8<=J79)*L79^U$8)) -> 0 | V79: =IF(V$8<N_st,1,0)*(1-(1-(V$8<=I79)*K79^V$8)*(1-(V$8<=J79)*L79^V$8)) -> 0 | W79: =IF(W$8<N_st,1,0)*(1-(1-(W$8<=I79)*K79^W$8)*(1-(W$8<=J79)*L79^W$8)) -> 0 | X79: =IF(X$8<N_st,1,0)*(1-(1-(X$8<=I79)*K79^X$8)*(1-(X$8<=J79)*L79^X$8)) -> 0 | Y79: =IF(Y$8<N_st,1,0)*(1-(1-(Y$8<=I79)*K79^Y$8)*(1-(Y$8<=J79)*L79^Y$8)) -> 0 | Z79: =IF(Z$8<N_st,1,0)*(1-(1-(Z$8<=I79)*K79^Z$8)*(1-(Z$8<=J79)*L79^Z$8)) -> 0 | AA79: =IF(AA$8<N_st,1,0)*(1-(1-(AA$8<=I79)*K79^AA$8)*(1-(AA$8<=J79)*L79^AA$8)) -> 0 | AB79: =IF(AB$8<N_st,1,0)*(1-(1-(AB$8<=I79)*K79^AB$8)*(1-(AB$8<=J79)*L79^AB$8)) -> 0 | AC79: =IF(AC$8<N_st,1,0)*(1-(1-(AC$8<=I79)*K79^AC$8)*(1-(AC$8<=J79)*L79^AC$8)) -> 0 | AD79: =IF(AD$8<N_st,1,0)*(1-(1-(AD$8<=I79)*K79^AD$8)*(1-(AD$8<=J79)*L79^AD$8)) -> 0 | AE79: =IF(AE$8<N_st,1,0)*(1-(1-(AE$8<=I79)*K79^AE$8)*(1-(AE$8<=J79)*L79^AE$8)) -> 0 | AF79: =IF(AF$8<N_st,1,0)*(1-(1-(AF$8<=I79)*K79^AF$8)*(1-(AF$8<=J79)*L79^AF$8)) -> 0 | AG79: =IF(AG$8<N_st,1,0)*(1-(1-(AG$8<=I79)*K79^AG$8)*(1-(AG$8<=J79)*L79^AG$8)) -> 0 | AH79: =IF(AH$8<N_st,1,0)*(1-(1-(AH$8<=I79)*K79^AH$8)*(1-(AH$8<=J79)*L79^AH$8)) -> 0
A80: PF_out | B80: PF_out-2 | C80: 2 | D80: 1 | E80: 1 | F80: =(1/2_시험자료!$D$24)*2_시험자료!$F$24 -> 0.41666667 | G80: =2_시험자료!G15 -> 727.5 | H80: =IF(E80=1,1000000000,texp2_s) -> 1000000000 | I80: =FLOOR(MIN(t_fs_s,H80)/G80,1) -> 1 | J80: =IF(C80=1,FLOOR(t_fs_s/tau_L_s,1),0) -> 0 | K80: =IF(D80=1,1-p_cb,1) -> 0.3 | L80: =IF(C80=1,p_L,0) -> 0 | M80: =SUMPRODUCT(w_ie2,1-(1-(j_row<=I80)*K80^j_row)*(1-(j_row<=J80)*L80^j_row)) -> 0.3 | N80: =occ_st*SUMPRODUCT(w_ie2,(j_row<=I80)*K80^j_row*(j_row<=J80)*L80^j_row*(((j_row*G80<rset_s)+(j_row*tau_L_s<rset_s))>0)+(j_row<=I80)*K80^j_row*(1-(j_row<=J80)*L80^j_row)*(j_row*G80<rset_s)+(1-(j_row<=I80)*K80^j_row)*(j_row<=J80)*L80^j_row*(j_row*tau_L_s<rset_s)) -> 1.5 | O80: =IF(O$8<N_st,1,0)*(1-(1-(O$8<=I80)*K80^O$8)*(1-(O$8<=J80)*L80^O$8)) -> 0.3 | P80: =IF(P$8<N_st,1,0)*(1-(1-(P$8<=I80)*K80^P$8)*(1-(P$8<=J80)*L80^P$8)) -> 0 | Q80: =IF(Q$8<N_st,1,0)*(1-(1-(Q$8<=I80)*K80^Q$8)*(1-(Q$8<=J80)*L80^Q$8)) -> 0 | R80: =IF(R$8<N_st,1,0)*(1-(1-(R$8<=I80)*K80^R$8)*(1-(R$8<=J80)*L80^R$8)) -> 0 | S80: =IF(S$8<N_st,1,0)*(1-(1-(S$8<=I80)*K80^S$8)*(1-(S$8<=J80)*L80^S$8)) -> 0 | T80: =IF(T$8<N_st,1,0)*(1-(1-(T$8<=I80)*K80^T$8)*(1-(T$8<=J80)*L80^T$8)) -> 0 | U80: =IF(U$8<N_st,1,0)*(1-(1-(U$8<=I80)*K80^U$8)*(1-(U$8<=J80)*L80^U$8)) -> 0 | V80: =IF(V$8<N_st,1,0)*(1-(1-(V$8<=I80)*K80^V$8)*(1-(V$8<=J80)*L80^V$8)) -> 0 | W80: =IF(W$8<N_st,1,0)*(1-(1-(W$8<=I80)*K80^W$8)*(1-(W$8<=J80)*L80^W$8)) -> 0 | X80: =IF(X$8<N_st,1,0)*(1-(1-(X$8<=I80)*K80^X$8)*(1-(X$8<=J80)*L80^X$8)) -> 0 | Y80: =IF(Y$8<N_st,1,0)*(1-(1-(Y$8<=I80)*K80^Y$8)*(1-(Y$8<=J80)*L80^Y$8)) -> 0 | Z80: =IF(Z$8<N_st,1,0)*(1-(1-(Z$8<=I80)*K80^Z$8)*(1-(Z$8<=J80)*L80^Z$8)) -> 0 | AA80: =IF(AA$8<N_st,1,0)*(1-(1-(AA$8<=I80)*K80^AA$8)*(1-(AA$8<=J80)*L80^AA$8)) -> 0 | AB80: =IF(AB$8<N_st,1,0)*(1-(1-(AB$8<=I80)*K80^AB$8)*(1-(AB$8<=J80)*L80^AB$8)) -> 0 | AC80: =IF(AC$8<N_st,1,0)*(1-(1-(AC$8<=I80)*K80^AC$8)*(1-(AC$8<=J80)*L80^AC$8)) -> 0 | AD80: =IF(AD$8<N_st,1,0)*(1-(1-(AD$8<=I80)*K80^AD$8)*(1-(AD$8<=J80)*L80^AD$8)) -> 0 | AE80: =IF(AE$8<N_st,1,0)*(1-(1-(AE$8<=I80)*K80^AE$8)*(1-(AE$8<=J80)*L80^AE$8)) -> 0 | AF80: =IF(AF$8<N_st,1,0)*(1-(1-(AF$8<=I80)*K80^AF$8)*(1-(AF$8<=J80)*L80^AF$8)) -> 0 | AG80: =IF(AG$8<N_st,1,0)*(1-(1-(AG$8<=I80)*K80^AG$8)*(1-(AG$8<=J80)*L80^AG$8)) -> 0 | AH80: =IF(AH$8<N_st,1,0)*(1-(1-(AH$8<=I80)*K80^AH$8)*(1-(AH$8<=J80)*L80^AH$8)) -> 0
A81: PF_out | B81: PF_out-2 | C81: 2 | D81: 1 | E81: 0 | F81: =(1/2_시험자료!$D$24)*(1-2_시험자료!$F$24) -> 0.083333333 | G81: =2_시험자료!G15 -> 727.5 | H81: =IF(E81=1,1000000000,texp2_s) -> 750 | I81: =FLOOR(MIN(t_fs_s,H81)/G81,1) -> 1 | J81: =IF(C81=1,FLOOR(t_fs_s/tau_L_s,1),0) -> 0 | K81: =IF(D81=1,1-p_cb,1) -> 0.3 | L81: =IF(C81=1,p_L,0) -> 0 | M81: =SUMPRODUCT(w_ie2,1-(1-(j_row<=I81)*K81^j_row)*(1-(j_row<=J81)*L81^j_row)) -> 0.3 | N81: =occ_st*SUMPRODUCT(w_ie2,(j_row<=I81)*K81^j_row*(j_row<=J81)*L81^j_row*(((j_row*G81<rset_s)+(j_row*tau_L_s<rset_s))>0)+(j_row<=I81)*K81^j_row*(1-(j_row<=J81)*L81^j_row)*(j_row*G81<rset_s)+(1-(j_row<=I81)*K81^j_row)*(j_row<=J81)*L81^j_row*(j_row*tau_L_s<rset_s)) -> 1.5 | O81: =IF(O$8<N_st,1,0)*(1-(1-(O$8<=I81)*K81^O$8)*(1-(O$8<=J81)*L81^O$8)) -> 0.3 | P81: =IF(P$8<N_st,1,0)*(1-(1-(P$8<=I81)*K81^P$8)*(1-(P$8<=J81)*L81^P$8)) -> 0 | Q81: =IF(Q$8<N_st,1,0)*(1-(1-(Q$8<=I81)*K81^Q$8)*(1-(Q$8<=J81)*L81^Q$8)) -> 0 | R81: =IF(R$8<N_st,1,0)*(1-(1-(R$8<=I81)*K81^R$8)*(1-(R$8<=J81)*L81^R$8)) -> 0 | S81: =IF(S$8<N_st,1,0)*(1-(1-(S$8<=I81)*K81^S$8)*(1-(S$8<=J81)*L81^S$8)) -> 0 | T81: =IF(T$8<N_st,1,0)*(1-(1-(T$8<=I81)*K81^T$8)*(1-(T$8<=J81)*L81^T$8)) -> 0 | U81: =IF(U$8<N_st,1,0)*(1-(1-(U$8<=I81)*K81^U$8)*(1-(U$8<=J81)*L81^U$8)) -> 0 | V81: =IF(V$8<N_st,1,0)*(1-(1-(V$8<=I81)*K81^V$8)*(1-(V$8<=J81)*L81^V$8)) -> 0 | W81: =IF(W$8<N_st,1,0)*(1-(1-(W$8<=I81)*K81^W$8)*(1-(W$8<=J81)*L81^W$8)) -> 0 | X81: =IF(X$8<N_st,1,0)*(1-(1-(X$8<=I81)*K81^X$8)*(1-(X$8<=J81)*L81^X$8)) -> 0 | Y81: =IF(Y$8<N_st,1,0)*(1-(1-(Y$8<=I81)*K81^Y$8)*(1-(Y$8<=J81)*L81^Y$8)) -> 0 | Z81: =IF(Z$8<N_st,1,0)*(1-(1-(Z$8<=I81)*K81^Z$8)*(1-(Z$8<=J81)*L81^Z$8)) -> 0 | AA81: =IF(AA$8<N_st,1,0)*(1-(1-(AA$8<=I81)*K81^AA$8)*(1-(AA$8<=J81)*L81^AA$8)) -> 0 | AB81: =IF(AB$8<N_st,1,0)*(1-(1-(AB$8<=I81)*K81^AB$8)*(1-(AB$8<=J81)*L81^AB$8)) -> 0 | AC81: =IF(AC$8<N_st,1,0)*(1-(1-(AC$8<=I81)*K81^AC$8)*(1-(AC$8<=J81)*L81^AC$8)) -> 0 | AD81: =IF(AD$8<N_st,1,0)*(1-(1-(AD$8<=I81)*K81^AD$8)*(1-(AD$8<=J81)*L81^AD$8)) -> 0 | AE81: =IF(AE$8<N_st,1,0)*(1-(1-(AE$8<=I81)*K81^AE$8)*(1-(AE$8<=J81)*L81^AE$8)) -> 0 | AF81: =IF(AF$8<N_st,1,0)*(1-(1-(AF$8<=I81)*K81^AF$8)*(1-(AF$8<=J81)*L81^AF$8)) -> 0 | AG81: =IF(AG$8<N_st,1,0)*(1-(1-(AG$8<=I81)*K81^AG$8)*(1-(AG$8<=J81)*L81^AG$8)) -> 0 | AH81: =IF(AH$8<N_st,1,0)*(1-(1-(AH$8<=I81)*K81^AH$8)*(1-(AH$8<=J81)*L81^AH$8)) -> 0
A82: PF_in | B82: PF_in-1 | C82: 1 | D82: 0 | E82: 1 | F82: =(1/2_시험자료!$D$25)*2_시험자료!$F$25 -> 0.25 | G82: =2_시험자료!G16 -> 278 | H82: =IF(E82=1,1000000000,texp1_s) -> 1000000000 | I82: =FLOOR(MIN(t_fs_s,H82)/G82,1) -> 3 | J82: =IF(C82=1,FLOOR(t_fs_s/tau_L_s,1),0) -> 1 | K82: =IF(D82=1,1-p_cb,1) -> 1 | L82: =IF(C82=1,p_L,0) -> 0.15 | M82: =SUMPRODUCT(w_ie1,1-(1-(j_row<=I82)*K82^j_row)*(1-(j_row<=J82)*L82^j_row)) -> 2.6 | N82: =occ_st*SUMPRODUCT(w_ie1,(j_row<=I82)*K82^j_row*(j_row<=J82)*L82^j_row*(((j_row*G82<rset_s)+(j_row*tau_L_s<rset_s))>0)+(j_row<=I82)*K82^j_row*(1-(j_row<=J82)*L82^j_row)*(j_row*G82<rset_s)+(1-(j_row<=I82)*K82^j_row)*(j_row<=J82)*L82^j_row*(j_row*tau_L_s<rset_s)) -> 13 | O82: =IF(O$8<N_st,(N_st-O$8)/N_st,0)*(1-(1-(O$8<=I82)*K82^O$8)*(1-(O$8<=J82)*L82^O$8)) -> 0.93333333 | P82: =IF(P$8<N_st,(N_st-P$8)/N_st,0)*(1-(1-(P$8<=I82)*K82^P$8)*(1-(P$8<=J82)*L82^P$8)) -> 0.86666667 | Q82: =IF(Q$8<N_st,(N_st-Q$8)/N_st,0)*(1-(1-(Q$8<=I82)*K82^Q$8)*(1-(Q$8<=J82)*L82^Q$8)) -> 0.8 | R82: =IF(R$8<N_st,(N_st-R$8)/N_st,0)*(1-(1-(R$8<=I82)*K82^R$8)*(1-(R$8<=J82)*L82^R$8)) -> 0 | S82: =IF(S$8<N_st,(N_st-S$8)/N_st,0)*(1-(1-(S$8<=I82)*K82^S$8)*(1-(S$8<=J82)*L82^S$8)) -> 0 | T82: =IF(T$8<N_st,(N_st-T$8)/N_st,0)*(1-(1-(T$8<=I82)*K82^T$8)*(1-(T$8<=J82)*L82^T$8)) -> 0 | U82: =IF(U$8<N_st,(N_st-U$8)/N_st,0)*(1-(1-(U$8<=I82)*K82^U$8)*(1-(U$8<=J82)*L82^U$8)) -> 0 | V82: =IF(V$8<N_st,(N_st-V$8)/N_st,0)*(1-(1-(V$8<=I82)*K82^V$8)*(1-(V$8<=J82)*L82^V$8)) -> 0 | W82: =IF(W$8<N_st,(N_st-W$8)/N_st,0)*(1-(1-(W$8<=I82)*K82^W$8)*(1-(W$8<=J82)*L82^W$8)) -> 0 | X82: =IF(X$8<N_st,(N_st-X$8)/N_st,0)*(1-(1-(X$8<=I82)*K82^X$8)*(1-(X$8<=J82)*L82^X$8)) -> 0 | Y82: =IF(Y$8<N_st,(N_st-Y$8)/N_st,0)*(1-(1-(Y$8<=I82)*K82^Y$8)*(1-(Y$8<=J82)*L82^Y$8)) -> 0 | Z82: =IF(Z$8<N_st,(N_st-Z$8)/N_st,0)*(1-(1-(Z$8<=I82)*K82^Z$8)*(1-(Z$8<=J82)*L82^Z$8)) -> 0 | AA82: =IF(AA$8<N_st,(N_st-AA$8)/N_st,0)*(1-(1-(AA$8<=I82)*K82^AA$8)*(1-(AA$8<=J82)*L82^AA$8)) -> 0 | AB82: =IF(AB$8<N_st,(N_st-AB$8)/N_st,0)*(1-(1-(AB$8<=I82)*K82^AB$8)*(1-(AB$8<=J82)*L82^AB$8)) -> 0 | AC82: =IF(AC$8<N_st,(N_st-AC$8)/N_st,0)*(1-(1-(AC$8<=I82)*K82^AC$8)*(1-(AC$8<=J82)*L82^AC$8)) -> 0 | AD82: =IF(AD$8<N_st,(N_st-AD$8)/N_st,0)*(1-(1-(AD$8<=I82)*K82^AD$8)*(1-(AD$8<=J82)*L82^AD$8)) -> 0 | AE82: =IF(AE$8<N_st,(N_st-AE$8)/N_st,0)*(1-(1-(AE$8<=I82)*K82^AE$8)*(1-(AE$8<=J82)*L82^AE$8)) -> 0 | AF82: =IF(AF$8<N_st,(N_st-AF$8)/N_st,0)*(1-(1-(AF$8<=I82)*K82^AF$8)*(1-(AF$8<=J82)*L82^AF$8)) -> 0 | AG82: =IF(AG$8<N_st,(N_st-AG$8)/N_st,0)*(1-(1-(AG$8<=I82)*K82^AG$8)*(1-(AG$8<=J82)*L82^AG$8)) -> 0 | AH82: =IF(AH$8<N_st,(N_st-AH$8)/N_st,0)*(1-(1-(AH$8<=I82)*K82^AH$8)*(1-(AH$8<=J82)*L82^AH$8)) -> 0
