Workbook

Sheet 읽는 법
A1: PyroSim(FDS) 재료 입력값 정리 — 단열재 6종
A3: 목적 | B3: TGA–DSC 결과를 PyroSim 재료(MATL) 입력에 옮길 때, 이 시험으로 구한 값과 따로 측정해야 하는 값을 나눠 정리합니다.
A4: 핵심 | B4: 밀도·비열·열전도율·반응열은 이 TGA–DSC 자료로 구할 수 없습니다(시료 초기 질량·블랭크·열류 교정 없음). TGA는 열분해 반응의 기준온도·기준속도·단계 수에 씁니다.
A5: 칸 색 | B5: 노란 바탕 = 직접 입력할 칸 · 파란 글자 = 입력값/측정값(가정 포함) · 검은 글자 = 계산식 · 초록 글자 = 다른 시트에서 가져온 값
A6: 시트 | B6: MATL 입력값 → 재료별 입력 항목 / 반응 파라미터 → TGA 단계별 REFERENCE_TEMPERATURE·REFERENCE_RATE와 FDS가 계산하는 A·E / 밀도 측정·비열 측정 → 측정 기록(채우면 MATL 입력값에 평균이 들어감) / 측정 곡선 → FDS TGA_ANALYSIS 결과와 비교할 곡선
A7: REFERENCE_RATE | B7: FDS 정의: 기준온도에서 '반응하는 성분'의 정규화 질량감소속도(1/s). 이 자료의 전환율 α는 790 °C까지 감소량으로 정규화했으므로, 감소량의 몫 f를 차지하는 단계의 값은 승온속도 × 피크 속도 ÷ f 입니다(초기 질량 불필요).
A8: A·E 계산식 | B8: FDS read.f90: E = e·r_p·R·T_p²/β, A = e·r_p·exp(E/(R·T_p)) (1차 반응 가정, β = HEATING_RATE). REFERENCE_TEMPERATURE를 쓰면 FDS가 이 식으로 A·E를 계산하므로 A·E를 따로 넣지 않습니다.
A9: 산화 반응 | B9: 탄화층 산화를 N_O2 = 1(산소 의존)로 넣으면 FDS 반응속도에 산소 몰분율이 곱해집니다. 공기 중 TGA로 구한 값이면 A를 X_O2(공기 0.209)로 나눠 A·E를 직접 입력합니다. O 가스가 순수 산소였다면 나누지 않습니다(가스 종류 확인 필요).
A10: 출처 | B10: FDS User's Guide 'Estimating Kinetic Parameters' · 'Thermal Properties' · 'Simulating Bench-scale Measurements (TGA_ANALYSIS)' (github.com/firemodels/fds, Manuals/FDS_User_Guide) · FDS Source/read.f90 · 이 저장소 tga_dsc/pyrosim_inputs.py, results/pyrosim_reactions.csv
A11: 주의 | B11: 카탈로그 k·ρ·c를 그대로 넣은 맨 단열재는 중공층 시험보다 훨씬 빨리 착화합니다(기존 역산: 모델 16–51 s, 시험 188–288 s). 면재·마감층을 함께 모델링하고, 중공층 시험(착화 시점·t600)으로 검증하십시오.

Sheet MATL 입력값
A1: 재료별 PyroSim(FDS) MATL 입력값 — 노란 칸은 실측 또는 제품 시험성적서 값으로 채움
A3: PyroSim 항목 | B3: FDS 키워드 | C3: 단위 | D3: 구하는 방법 | E3: EPS 가연성 | F3: EPS 준불연 | G3: PIR(PUR) 가연성 | H3: PIR(PUR) 준불연 | I3: PF 준불연 외부용 | J3: PF 준불연 내부용 | K3: 비고
A4: 밀도 | B4: DENSITY | C4: kg/m³ | D4: 보드 실측 (KS M ISO 845) — '밀도 측정' 시트의 재료별 평균 | E4: =IFERROR(AVERAGEIFS('밀도 측정'!$G$6:$G$80,'밀도 측정'!$A$6:$A$80,E$3),"") | F4: =IFERROR(AVERAGEIFS('밀도 측정'!$G$6:$G$80,'밀도 측정'!$A$6:$A$80,F$3),"") | G4: =IFERROR(AVERAGEIFS('밀도 측정'!$G$6:$G$80,'밀도 측정'!$A$6:$A$80,G$3),"") | H4: =IFERROR(AVERAGEIFS('밀도 측정'!$G$6:$G$80,'밀도 측정'!$A$6:$A$80,H$3),"") | I4: =IFERROR(AVERAGEIFS('밀도 측정'!$G$6:$G$80,'밀도 측정'!$A$6:$A$80,I$3),"") | J4: =IFERROR(AVERAGEIFS('밀도 측정'!$G$6:$G$80,'밀도 측정'!$A$6:$A$80,J$3),"") | K4: 측정 전 임시 범위(기존 분석의 카탈로그 범위): 15–60 kg/m³ — 제품 시험성적서 값 우선
A5: 비열 | B5: SPECIFIC_HEAT (또는 SPECIFIC_HEAT_RAMP) | C5: kJ/(kg·K) | D5: 사파이어법 DSC (ASTM E1269 / ISO 11357-4) — '비열 측정' 시트의 재료별 평균 | E5: =IFERROR(AVERAGEIFS('비열 측정'!$I$6:$I$80,'비열 측정'!$A$6:$A$80,E$3),"") | F5: =IFERROR(AVERAGEIFS('비열 측정'!$I$6:$I$80,'비열 측정'!$A$6:$A$80,F$3),"") | G5: =IFERROR(AVERAGEIFS('비열 측정'!$I$6:$I$80,'비열 측정'!$A$6:$A$80,G$3),"") | H5: =IFERROR(AVERAGEIFS('비열 측정'!$I$6:$I$80,'비열 측정'!$A$6:$A$80,H$3),"") | I5: =IFERROR(AVERAGEIFS('비열 측정'!$I$6:$I$80,'비열 측정'!$A$6:$A$80,I$3),"") | J5: =IFERROR(AVERAGEIFS('비열 측정'!$I$6:$I$80,'비열 측정'!$A$6:$A$80,J$3),"") | K5: 임시 범위: 1.3–1.5 kJ/(kg·K). 온도에 따라 변하므로 측정값은 SPECIFIC_HEAT_RAMP(온도별)로 넣는 것이 좋음
A6: 열전도율 | B6: CONDUCTIVITY | C6: W/(m·K) | D6: 제품 시험성적서 (KS L 9016 / ISO 8301) | K6: 임시 범위: 0.018–0.040 W/(m·K). 고온 값은 CONDUCTIVITY_RAMP
A7: 방사율 | B7: EMISSIVITY | C7: – | D7: FDS 기본값 | E7: 0.9 | F7: 0.9 | G7: 0.9 | H7: 0.9 | I7: 0.9 | J7: 0.9 | K7: 측정값이 없으면 기본값 0.9
A8: 반응 수 | B8: N_REACTIONS | C8: – | D8: TGA DTG 단계 (반응 1 열분해, 반응 2 탄화층 산화) | E8: 1 | F8: 1 | G8: 2 | H8: 2 | I8: 2 | J8: 2 | K8: EPS는 한 단계, PIR(PUR)·PF는 열분해 + 탄화층 산화
A9: 승온속도 | B9: HEATING_RATE(:) | C9: K/min | D9: TGA 조건 | E9: ='반응 파라미터'!$B$3 -> 5 | F9: ='반응 파라미터'!$B$3 -> 5 | G9: ='반응 파라미터'!$B$3 -> 5 | H9: ='반응 파라미터'!$B$3 -> 5 | I9: ='반응 파라미터'!$B$3 -> 5 | J9: ='반응 파라미터'!$B$3 -> 5 | K9: 모든 반응에 같은 값
A10: 반응 1 기준온도 | B10: REFERENCE_TEMPERATURE(1) | C10: °C | D10: TGA N₂ DTG 피크 (반응 1) | E10: ='반응 파라미터'!I8 -> 397 | F10: ='반응 파라미터'!I10 -> 426 | G10: ='반응 파라미터'!I13 -> 315 | H10: ='반응 파라미터'!I17 -> 332 | I10: ='반응 파라미터'!I21 -> 302 | J10: ='반응 파라미터'!I25 -> 300 | K10: PIR(PUR)·PF는 1단계 피크. PF는 피크가 넓어 정확도가 낮음
A11: 반응 1 기준속도 | B11: REFERENCE_RATE(1) | C11: 1/s | D11: 승온속도 × 피크 속도 ÷ 단계 몫 (N₂) | E11: ='반응 파라미터'!K8 -> 0.0022460627 | F11: ='반응 파라미터'!K10 -> 0.00096565099 | G11: ='반응 파라미터'!K13 -> 0.00089960361 | H11: ='반응 파라미터'!K17 -> 0.00070468392 | I11: ='반응 파라미터'!K21 -> 0.00042796528 | J11: ='반응 파라미터'!K25 -> 0.00050569142 | K11: REFERENCE_TEMPERATURE와 함께 쓰고 A·E는 비워 둠
A12: 반응 1 잔류물 수율 | B12: NU_MATL(1,1) | C12: kg/kg | D12: 790 °C 잔류 질량 ÷ 초기 질량 — 시료 초기 질량 기록 필요 | K12: 현재 자료로 계산 불가(질량 영점 없음). EPS 가연성은 잔류물이 거의 없을 것으로 보이나 확인 필요
A13: 반응 1 반응열 | B13: HEAT_OF_REACTION(1) | C13: kJ/kg | D13: 교정된 DSC(블랭크 + 열류 교정 + 초기 질량) 또는 문헌 | K13: 부호만 확인됨: EPS 가연성 N₂ 398 °C 흡열(+). 양수 = 흡열
A14: 반응 2 기준온도 | B14: REFERENCE_TEMPERATURE(2) | C14: °C | D14: TGA 공기 탄화층 산화 피크 (반응 2) | E14: — | F14: — | G14: ='반응 파라미터'!I16 -> 524 | H14: ='반응 파라미터'!I20 -> 534 | I14: ='반응 파라미터'!I24 -> 488 | J14: ='반응 파라미터'!I28 -> 472 | K14: N_O2 = 1로 넣을 때는 아래 A·E를 직접 입력
A15: 반응 2 기준속도 | B15: REFERENCE_RATE(2) | C15: 1/s | D15: 승온속도 × 피크 속도 ÷ 단계 몫 (공기) | E15: — | F15: — | G15: ='반응 파라미터'!K16 -> 0.00087547856 | H15: ='반응 파라미터'!K20 -> 0.00075660317 | I15: ='반응 파라미터'!K24 -> 0.00037378695 | J15: ='반응 파라미터'!K28 -> 0.0010896304 | K15: PF 공기 값은 열분해와 겹친 구간 기준 — 산화만의 속도는 더 큼
A16: 반응 2 산소 차수 | B16: N_O2(2) | C16: – | D16: 탄화층 산화 = 산소 의존 | E16: — | F16: — | G16: 1 | H16: 1 | I16: 1 | J16: 1
A17: 반응 2 A (N_O2 = 1) | B17: A(2) | C17: 1/s | D17: '반응 파라미터'의 A ÷ X_O2 | E17: — | F17: — | G17: ='반응 파라미터'!O16 -> 87692567 | H17: ='반응 파라미터'!O20 -> 4408976.2 | I17: ='반응 파라미터'!O24 -> 52.147151 | J17: ='반응 파라미터'!O28 -> 4.5048582e+09 | K17: O 가스가 공기일 때. 순수 산소였다면 '반응 파라미터'의 A 그대로
A18: 반응 2 E | B18: E(2) | C18: J/mol | D18: '반응 파라미터'의 E × 1000 | E18: — | F18: — | G18: ='반응 파라미터'!M16*1000 -> 150881.34 | H18: ='반응 파라미터'!M20*1000 -> 133686.2 | I18: ='반응 파라미터'!M24*1000 -> 58731.968 | J18: ='반응 파라미터'!M28*1000 -> 164087.89
A19: 반응 2 반응열 | B19: HEAT_OF_REACTION(2) | C19: kJ/kg | D19: 교정 DSC 또는 문헌 (산화 = 발열, 음수) | E19: — | F19: — | K19: 부호만 확인됨: PF 내부용 공기 474 °C 발열
A20: 연소열 | B20: HEAT_OF_COMBUSTION | C20: kJ/kg | D20: MCC (ASTM D7309) 또는 콘칼로리미터 (ISO 5660-1) | K20: DSC로는 구할 수 없음
A22: 노란 칸 = 채울 칸(밀도·비열은 측정 시트를 채우면 자동으로 평균이 들어감). 초록 = '반응 파라미터'에서 가져온 값. REFERENCE_TEMPERATURE를 쓰는 반응에는 A·E를 넣지 않습니다(N_O2 = 1인 반응 2만 A·E 직접 입력).

Sheet 반응 파라미터
A1: TGA 단계별 반응 파라미터 (두 반복 평균, 5 °C/min)
A3: HEATING_RATE (K/min) | B3: 5
A4: 기체상수 R (J/(mol·K)) | B4: 8.3144626
A5: X_O2 (O 가스가 공기일 때) | B5: 0.209
A7: 재료 | B7: 분위기 | C7: 단계 | D7: PyroSim 용도 | E7: 구간 시작 (°C) | F7: 구간 끝 (°C) | G7: 손실 몫 f | H7: 단계 완료 | I7: REFERENCE_TEMPERATURE (°C) | J7: 피크 속도 (%/°C) | K7: REFERENCE_RATE (1/s) | L7: 두 반복 REFERENCE_RATE (1/s) | M7: E (kJ/mol) | N7: A (1/s) | O7: A ÷ X_O2 (산화, N_O2 = 1) | P7: 자료 판정
A8: EPS 가연성 | B8: N₂ | C8: 1 | D8: 반응 1: 열분해 (단일 단계) | E8: 150 | F8: 785 | G8: 0.982201 | H8: 예 | I8: 397 | J8: 2.647302 | K8: =($B$3/60)*(J8/100)/G8 -> 0.0022460627 | L8: 0.00211 / 0.00238 | M8: =EXP(1)*K8*$B$4*(I8+273.15)^2/($B$3/60)/1000 -> 273.57463 | N8: =EXP(1)*K8*EXP(M8*1000/($B$4*(I8+273.15))) -> 1.2852644e+19 | O8: — | P8: 조건부
A9: EPS 가연성 | B9: 공기(O) | C9: 1 | D9: 공기 중 분해 (재측정 대상) | E9: 150 | F9: 785 | G9: 1.081277 | H9: 예 | I9: 294 | J9: 2.395255 | K9: =($B$3/60)*(J9/100)/G9 -> 0.0018460079 | L9: 0.0016 / 0.00214 | M9: =EXP(1)*K9*$B$4*(I9+273.15)^2/($B$3/60)/1000 -> 161.04206 | N9: =EXP(1)*K9*EXP(M9*1000/($B$4*(I9+273.15))) -> 3.406027e+12 | O9: =N9/$B$5 -> 16296779974093 | P9: 재측정
A10: EPS 준불연 | B10: N₂ | C10: 1 | D10: 반응 1: 열분해 (단일 단계) | E10: 150 | F10: 785 | G10: 0.990344 | H10: 예 | I10: 426 | J10: 1.147592 | K10: =($B$3/60)*(J10/100)/G10 -> 0.00096565099 | L10: 0.000961 / 0.000976 | M10: =EXP(1)*K10*$B$4*(I10+273.15)^2/($B$3/60)/1000 -> 128.01794 | N10: =EXP(1)*K10*EXP(M10*1000/($B$4*(I10+273.15))) -> 9624041.1 | O10: — | P10: 조건부
A11: EPS 준불연 | B11: 공기(O) | C11: 1 | D11: 공기 중 주분해 | E11: 150 | F11: 417 | G11: 0.677363 | H11: 예 | I11: 342 | J11: 1.017631 | K11: =($B$3/60)*(J11/100)/G11 -> 0.0012519518 | L11: 0.00127 / 0.00124 | M11: =EXP(1)*K11*$B$4*(I11+273.15)^2/($B$3/60)/1000 -> 128.48712 | N11: =EXP(1)*K11*EXP(M11*1000/($B$4*(I11+273.15))) -> 2.7668193e+08 | O11: =N11/$B$5 -> 1.323837e+09 | P11: 종점 의존
A12: EPS 준불연 | B12: 공기(O) | C12: 2 | D12: 잔류물 산화 (790 °C에서 진행 중) | E12: 417 | F12: 785 | G12: 0.323332 | H12: 아니오 | I12: 778 | J12: 0.370583 | K12: =($B$3/60)*(J12/100)/G12 -> 0.00095511476 | L12: 0.000946 / 0.00101 | M12: =EXP(1)*K12*$B$4*(I12+273.15)^2/($B$3/60)/1000 -> 286.21663 | N12: =EXP(1)*K12*EXP(M12*1000/($B$4*(I12+273.15))) -> 4.3350337e+11 | O12: =N12/$B$5 -> 2.0741788e+12 | P12: 종점 의존
A13: PIR(PUR) 가연성 | B13: N₂ | C13: 1 | D13: 반응 1: 열분해 → 탄화층 | E13: 150 | F13: 546 | G13: 0.651964 | H13: 예 | I13: 315 | J13: 0.703811 | K13: =($B$3/60)*(J13/100)/G13 -> 0.00089960361 | L13: 0.000908 / 0.000893 | M13: =EXP(1)*K13*$B$4*(I13+273.15)^2/($B$3/60)/1000 -> 84.399001 | N13: =EXP(1)*K13*EXP(M13*1000/($B$4*(I13+273.15))) -> 76528.569 | O13: — | P13: 종점 의존
A14: PIR(PUR) 가연성 | B14: N₂ | C14: 2 | D14: 탄화층 열분해 (790 °C에서 진행 중) | E14: 546 | F14: 785 | G14: 0.331943 | H14: 아니오 | I14: 776 | J14: 0.180697 | K14: =($B$3/60)*(J14/100)/G14 -> 0.00045363461 | L14: 0.000478 / 0.000456 | M14: =EXP(1)*K14*$B$4*(I14+273.15)^2/($B$3/60)/1000 -> 135.42264 | N14: =EXP(1)*K14*EXP(M14*1000/($B$4*(I14+273.15))) -> 6811.3692 | O14: — | P14: 종점 의존
A15: PIR(PUR) 가연성 | B15: 공기(O) | C15: 1 | D15: 공기 중 1단계 분해 | E15: 150 | F15: 365 | G15: 0.288625 | H15: 예 | I15: 302 | J15: 0.37222 | K15: =($B$3/60)*(J15/100)/G15 -> 0.0010746932 | L15: 0.00108 / 0.00107 | M15: =EXP(1)*K15*$B$4*(I15+273.15)^2/($B$3/60)/1000 -> 96.417679 | N15: =EXP(1)*K15*EXP(M15*1000/($B$4*(I15+273.15))) -> 1667173.1 | O15: =N15/$B$5 -> 7976904.6 | P15: 신뢰
A16: PIR(PUR) 가연성 | B16: 공기(O) | C16: 2 | D16: 반응 2: 탄화층 산화 (N_O2 = 1) | E16: 365 | F16: 785 | G16: 0.711073 | H16: 예 | I16: 524 | J16: 0.747035 | K16: =($B$3/60)*(J16/100)/G16 -> 0.00087547856 | L16: 0.000879 / 0.000878 | M16: =EXP(1)*K16*$B$4*(I16+273.15)^2/($B$3/60)/1000 -> 150.88134 | N16: =EXP(1)*K16*EXP(M16*1000/($B$4*(I16+273.15))) -> 18327747 | O16: =N16/$B$5 -> 87692567 | P16: 신뢰
A17: PIR(PUR) 준불연 | B17: N₂ | C17: 1 | D17: 반응 1: 열분해 → 탄화층 | E17: 150 | F17: 501 | G17: 0.617246 | H17: 예 | I17: 332 | J17: 0.521956 | K17: =($B$3/60)*(J17/100)/G17 -> 0.00070468392 | L17: 0.000693 / 0.000729 | M17: =EXP(1)*K17*$B$4*(I17+273.15)^2/($B$3/60)/1000 -> 69.989091 | N17: =EXP(1)*K17*EXP(M17*1000/($B$4*(I17+273.15))) -> 2105.7584 | O17: — | P17: 종점 의존
A18: PIR(PUR) 준불연 | B18: N₂ | C18: 2 | D18: 탄화층 열분해 (790 °C에서 진행 중) | E18: 501 | F18: 785 | G18: 0.349915 | H18: 아니오 | I18: 764 | J18: 0.226819 | K18: =($B$3/60)*(J18/100)/G18 -> 0.00054017642 | L18: 0.000534 / 0.000547 | M18: =EXP(1)*K18*$B$4*(I18+273.15)^2/($B$3/60)/1000 -> 157.59001 | N18: =EXP(1)*K18*EXP(M18*1000/($B$4*(I18+273.15))) -> 126905.44 | O18: — | P18: 종점 의존
A19: PIR(PUR) 준불연 | B19: 공기(O) | C19: 1 | D19: 공기 중 1단계 분해 | E19: 150 | F19: 401 | G19: 0.360919 | H19: 예 | I19: 310 | J19: 0.293744 | K19: =($B$3/60)*(J19/100)/G19 -> 0.00067823159 | L19: 0.000671 / 0.000689 | M19: =EXP(1)*K19*$B$4*(I19+273.15)^2/($B$3/60)/1000 -> 62.553049 | N19: =EXP(1)*K19*EXP(M19*1000/($B$4*(I19+273.15))) -> 738.99746 | O19: =N19/$B$5 -> 3535.873 | P19: 조건부
A20: PIR(PUR) 준불연 | B20: 공기(O) | C20: 2 | D20: 반응 2: 탄화층 산화 (N_O2 = 1) | E20: 401 | F20: 785 | G20: 0.627426 | H20: 예 | I20: 534 | J20: 0.569655 | K20: =($B$3/60)*(J20/100)/G20 -> 0.00075660317 | L20: 0.000698 / 0.000829 | M20: =EXP(1)*K20*$B$4*(I20+273.15)^2/($B$3/60)/1000 -> 133.6862 | N20: =EXP(1)*K20*EXP(M20*1000/($B$4*(I20+273.15))) -> 921476.02 | O20: =N20/$B$5 -> 4408976.2 | P20: 조건부
A21: PF 준불연 외부용 | B21: N₂ | C21: 1 | D21: 반응 1: 1단계 열분해 → 탄화층 | E21: 150 | F21: 463 | G21: 0.376226 | H21: 예 | I21: 302 | J21: 0.193214 | K21: =($B$3/60)*(J21/100)/G21 -> 0.00042796528 | L21: 0.000454 / 0.000433 | M21: =EXP(1)*K21*$B$4*(I21+273.15)^2/($B$3/60)/1000 -> 38.395533 | N21: =EXP(1)*K21*EXP(M21*1000/($B$4*(I21+273.15))) -> 3.570138 | O21: — | P21: 종점 의존
A22: PF 준불연 외부용 | B22: N₂ | C22: 2 | D22: 탄화 진행 (790 °C에서 가속 중) | E22: 463 | F22: 785 | G22: 0.582464 | H22: 아니오 | I22: 782 | J22: 0.28363 | K22: =($B$3/60)*(J22/100)/G22 -> 0.00040579046 | L22: 0.000429 / 0.000404 | M22: =EXP(1)*K22*$B$4*(I22+273.15)^2/($B$3/60)/1000 -> 122.52936 | N22: =EXP(1)*K22*EXP(M22*1000/($B$4*(I22+273.15))) -> 1283.0055 | O22: — | P22: 종점 의존
A23: PF 준불연 외부용 | B23: 공기(O) | C23: 1 | D23: 초기 감소 (휘발분) | E23: 150 | F23: 275 | G23: 0.07839 | H23: 예 | I23: 209 | J23: 0.086458 | K23: =($B$3/60)*(J23/100)/G23 -> 0.00091910108 | L23: 0.000919 / 0.000958 | M23: =EXP(1)*K23*$B$4*(I23+273.15)^2/($B$3/60)/1000 -> 57.947877 | N23: =EXP(1)*K23*EXP(M23*1000/($B$4*(I23+273.15))) -> 4736.1885 | O23: =N23/$B$5 -> 22661.189 | P23: 신뢰
A24: PF 준불연 외부용 | B24: 공기(O) | C24: 2 | D24: 반응 2: 탄화층 산화 (N_O2 = 1) | E24: 275 | F24: 785 | G24: 0.901757 | H24: 예 | I24: 488 | J24: 0.404478 | K24: =($B$3/60)*(J24/100)/G24 -> 0.00037378695 | L24: 0.000379 / 0.000373 | M24: =EXP(1)*K24*$B$4*(I24+273.15)^2/($B$3/60)/1000 -> 58.731968 | N24: =EXP(1)*K24*EXP(M24*1000/($B$4*(I24+273.15))) -> 10.898755 | O24: =N24/$B$5 -> 52.147151 | P24: 신뢰
A25: PF 준불연 내부용 | B25: N₂ | C25: 1 | D25: 반응 1: 1단계 열분해 → 탄화층 | E25: 150 | F25: 378 | G25: 0.218399 | H25: 예 | I25: 300 | J25: 0.132531 | K25: =($B$3/60)*(J25/100)/G25 -> 0.00050569142 | L25: 0.000526 / 0.00051 | M25: =EXP(1)*K25*$B$4*(I25+273.15)^2/($B$3/60)/1000 -> 45.053869 | N25: =EXP(1)*K25*EXP(M25*1000/($B$4*(I25+273.15))) -> 17.544159 | O25: — | P25: 종점 의존
A26: PF 준불연 내부용 | B26: N₂ | C26: 2 | D26: 탄화 진행 (790 °C에서 진행 중) | E26: 378 | F26: 785 | G26: 0.73197 | H26: 아니오 | I26: 617 | J26: 0.247585 | K26: =($B$3/60)*(J26/100)/G26 -> 0.00028187061 | L26: 0.000291 / 0.000276 | M26: =EXP(1)*K26*$B$4*(I26+273.15)^2/($B$3/60)/1000 -> 60.57398 | N26: =EXP(1)*K26*EXP(M26*1000/($B$4*(I26+273.15))) -> 2.7466253 | O26: — | P26: 종점 의존
A27: PF 준불연 내부용 | B27: 공기(O) | C27: 1 | D27: 초기 감소 (휘발분) | E27: 150 | F27: 269 | G27: 0.069907 | H27: 예 | I27: 188 | J27: 0.085647 | K27: =($B$3/60)*(J27/100)/G27 -> 0.0010209636 | L27: 0.00116 / 0.00104 | M27: =EXP(1)*K27*$B$4*(I27+273.15)^2/($B$3/60)/1000 -> 58.884987 | N27: =EXP(1)*K27*EXP(M27*1000/($B$4*(I27+273.15))) -> 12974.777 | O27: =N27/$B$5 -> 62080.271 | P27: 신뢰
A28: PF 준불연 내부용 | B28: 공기(O) | C28: 2 | D28: 반응 2: 탄화층 산화 (N_O2 = 1) | E28: 269 | F28: 785 | G28: 0.89738 | H28: 예 | I28: 472 | J28: 1.173375 | K28: =($B$3/60)*(J28/100)/G28 -> 0.0010896304 | L28: 0.0011 / 0.00108 | M28: =EXP(1)*K28*$B$4*(I28+273.15)^2/($B$3/60)/1000 -> 164.08789 | N28: =EXP(1)*K28*EXP(M28*1000/($B$4*(I28+273.15))) -> 9.4151537e+08 | O28: =N28/$B$5 -> 4.5048582e+09 | P28: 신뢰
A30: 파란 글자(손실 몫 f, 기준온도, 피크 속도)는 pyrosim_inputs.py가 원자료에서 구한 값입니다. REFERENCE_RATE·E·A는 이 값들의 수식입니다.
A31: 회색 글자 = 790 °C에서 끝나지 않은 단계(피크가 측정 범위 끝). 800 °C 등온 유지 또는 1000 °C까지 측정 후 다시 구해야 합니다.
A32: PF 공기 2단계는 열분해와 탄화층 산화가 겹친 구간(f ≈ 0.9)이라 산화만의 속도는 이보다 큽니다. FDS TGA_ANALYSIS로 공기 곡선과 맞춰 조정하십시오.
A33: EPS 가연성 공기는 재측정 대상(질량감소 0.16·0.30 mg)이므로 값을 쓰지 마십시오.

Sheet 밀도 측정
A1: 밀도 측정 기록 (KS M ISO 845: 겉보기 밀도, 시편 3개 이상, 23 °C · 50 %RH 상태 조절)
A2: 노란 칸에 입력 → G열 밀도가 계산되고 'MATL 입력값'에 재료별 평균이 들어감. 5행은 형식을 보여 주는 예시(재료 '예시'는 평균에서 제외).
A4: 재료 | B4: 시편 | C4: 가로 (mm) | D4: 세로 (mm) | E4: 두께 (mm) | F4: 질량 (g) | G4: 밀도 (kg/m³) | H4: 비고
A5: 예시 | B5: 1 | C5: 100 | D5: 100 | E5: 50 | F5: 9 | G5: =IF(COUNT(C5:F5)=4,F5/1000/(C5*D5*E5/1000000000),"") -> 18 | H5: 면재가 붙은 제품은 면재를 떼어낸 심재와 전체를 따로 기록
G6: =IF(COUNT(C6:F6)=4,F6/1000/(C6*D6*E6/1000000000),"")
G7: =IF(COUNT(C7:F7)=4,F7/1000/(C7*D7*E7/1000000000),"")
G8: =IF(COUNT(C8:F8)=4,F8/1000/(C8*D8*E8/1000000000),"")
G9: =IF(COUNT(C9:F9)=4,F9/1000/(C9*D9*E9/1000000000),"")
G10: =IF(COUNT(C10:F10)=4,F10/1000/(C10*D10*E10/1000000000),"")
G11: =IF(COUNT(C11:F11)=4,F11/1000/(C11*D11*E11/1000000000),"")
G12: =IF(COUNT(C12:F12)=4,F12/1000/(C12*D12*E12/1000000000),"")
G13: =IF(COUNT(C13:F13)=4,F13/1000/(C13*D13*E13/1000000000),"")
G14: =IF(COUNT(C14:F14)=4,F14/1000/(C14*D14*E14/1000000000),"")
G15: =IF(COUNT(C15:F15)=4,F15/1000/(C15*D15*E15/1000000000),"")
G16: =IF(COUNT(C16:F16)=4,F16/1000/(C16*D16*E16/1000000000),"")
G17: =IF(COUNT(C17:F17)=4,F17/1000/(C17*D17*E17/1000000000),"")
... G80: =IF(COUNT(C80:F80)=4,F80/1000/(C80*D80*E80/1000000000),"")

Sheet 비열 측정
A1: 비열 측정 기록 — 사파이어법 DSC (ASTM E1269 / ISO 11357-4): 빈 도가니 · 사파이어 · 시료를 같은 조건으로 측정
A2: c_p,시료 = c_p,사파이어 × (m_사파이어 / m_시료) × (HF_시료 − HF_블랭크) / (HF_사파이어 − HF_블랭크). 사파이어 c_p는 표준(ASTM E1269 표 또는 NIST SRM 720 인증서)의 값을 온도별로 입력. 5행은 형식 예시.
A4: 재료 | B4: 온도 (°C) | C4: 블랭크 열류 (mW) | D4: 사파이어 열류 (mW) | E4: 시료 열류 (mW) | F4: 사파이어 질량 (mg) | G4: 시료 질량 (mg) | H4: 사파이어 c_p (J/(g·K)) | I4: 시료 c_p (kJ/(kg·K)) | J4: 비고
A5: 예시 | B5: 100 | C5: 1 | D5: 4.8 | E5: 2.7 | F5: 25 | G5: 6 | H5: 0.85 | I5: =IF(AND(COUNT(B5:H5)=7,D5<>C5,G5<>0),H5*(F5/G5)*(E5-C5)/(D5-C5),"") -> 1.5844298 | J5: 예시 값(형식만). 측정 범위는 분해 시작 전(약 30–150 °C)
I6: =IF(AND(COUNT(B6:H6)=7,D6<>C6,G6<>0),H6*(F6/G6)*(E6-C6)/(D6-C6),"")
I7: =IF(AND(COUNT(B7:H7)=7,D7<>C7,G7<>0),H7*(F7/G7)*(E7-C7)/(D7-C7),"")
I8: =IF(AND(COUNT(B8:H8)=7,D8<>C8,G8<>0),H8*(F8/G8)*(E8-C8)/(D8-C8),"")
I9: =IF(AND(COUNT(B9:H9)=7,D9<>C9,G9<>0),H9*(F9/G9)*(E9-C9)/(D9-C9),"")
I10: =IF(AND(COUNT(B10:H10)=7,D10<>C10,G10<>0),H10*(F10/G10)*(E10-C10)/(D10-C10),"")
I11: =IF(AND(COUNT(B11:H11)=7,D11<>C11,G11<>0),H11*(F11/G11)*(E11-C11)/(D11-C11),"")
I12: =IF(AND(COUNT(B12:H12)=7,D12<>C12,G12<>0),H12*(F12/G12)*(E12-C12)/(D12-C12),"")
I13: =IF(AND(COUNT(B13:H13)=7,D13<>C13,G13<>0),H13*(F13/G13)*(E13-C13)/(D13-C13),"")
I14: =IF(AND(COUNT(B14:H14)=7,D14<>C14,G14<>0),H14*(F14/G14)*(E14-C14)/(D14-C14),"")
I15: =IF(AND(COUNT(B15:H15)=7,D15<>C15,G15<>0),H15*(F15/G15)*(E15-C15)/(D15-C15),"")
I16: =IF(AND(COUNT(B16:H16)=7,D16<>C16,G16<>0),H16*(F16/G16)*(E16-C16)/(D16-C16),"")
I17: =IF(AND(COUNT(B17:H17)=7,D17<>C17,G17<>0),H17*(F17/G17)*(E17-C17)/(D17-C17),"")
... I80: =IF(AND(COUNT(B80:H80)=7,D80<>C80,G80<>0),H80*(F80/G80)*(E80-C80)/(D80-C80),"")

Sheet 측정 곡선
A1: 측정 곡선 (두 반복 평균) — FDS TGA_ANALYSIS 결과(CHID_tga.csv)와 비교용
A2: 질량(정규화) = 1 − α, α = 승온 시작 이후 감소량 ÷ 790 °C까지 감소량. 속도 = dα/dt (1/s, 5 K/min). FDS 결과의 질량 Y(초기 질량 기준)는 α_FDS = (1 − Y) / (1 − Y(790 °C))로 바꿔 비교.
A4: 온도 (°C) | B4: EPS 가연성 N₂ 질량 | C4: EPS 가연성 N₂ 속도 (1/s) | D4: EPS 가연성 공기 질량 | E4: EPS 가연성 공기 속도 (1/s) | F4: EPS 준불연 N₂ 질량 | G4: EPS 준불연 N₂ 속도 (1/s) | H4: EPS 준불연 공기 질량 | I4: EPS 준불연 공기 속도 (1/s) | J4: PIR(PUR) 가연성 N₂ 질량 | K4: PIR(PUR) 가연성 N₂ 속도 (1/s) | L4: PIR(PUR) 가연성 공기 질량 | M4: PIR(PUR) 가연성 공기 속도 (1/s) | N4: PIR(PUR) 준불연 N₂ 질량 | O4: PIR(PUR) 준불연 N₂ 속도 (1/s) | P4: PIR(PUR) 준불연 공기 질량 | Q4: PIR(PUR) 준불연 공기 속도 (1/s) | R4: PF 준불연 외부용 N₂ 질량 | S4: PF 준불연 외부용 N₂ 속도 (1/s) | T4: PF 준불연 외부용 공기 질량 | U4: PF 준불연 외부용 공기 속도 (1/s) | V4: PF 준불연 내부용 N₂ 질량 | W4: PF 준불연 내부용 N₂ 속도 (1/s) | X4: PF 준불연 내부용 공기 질량 | Y4: PF 준불연 내부용 공기 속도 (1/s)
A5: 60 | B5: 1.00608 | C5: -1e-05 | D5: 1.03347 | E5: -0.00016 | F5: 1.00795 | G5: 0 | H5: 1.00522 | I5: -3e-05 | J5: 1.00009 | K5: 0 | L5: 1.00335 | M5: -1e-05 | N5: 1.00148 | O5: 1e-05 | P5: 1.00311 | Q5: -2e-05 | R5: 0.98722 | S5: 4e-05 | T5: 0.99673 | U5: 1e-05 | V5: 0.98318 | W5: 4e-05 | X5: 0.99205 | Y5: 3e-05
A6: 61 | B6: 1.00602 | C6: -1e-05 | D6: 1.0338 | E6: -0.00013 | F6: 1.00814 | G6: -1e-05 | H6: 1.00541 | I6: -2e-05 | J6: 1.00024 | K6: 0 | L6: 1.00377 | M6: -2e-05 | N6: 1.00115 | O6: 2e-05 | P6: 1.00325 | Q6: -2e-05 | R6: 0.98643 | S6: 4e-05 | T6: 0.99661 | U6: 1e-05 | V6: 0.98265 | W6: 4e-05 | X6: 0.99181 | Y6: 3e-05
A7: 62 | B7: 1.00603 | C7: -2e-05 | D7: 1.03643 | E7: -0.00011 | F7: 1.00842 | G7: -2e-05 | H7: 1.00572 | I7: -2e-05 | J7: 1.00015 | K7: 0 | L7: 1.00404 | M7: -2e-05 | N7: 1.00094 | O7: 1e-05 | P7: 1.0035 | Q7: -1e-05 | R7: 0.98595 | S7: 4e-05 | T7: 0.9965 | U7: 1e-05 | V7: 0.98228 | W7: 4e-05 | X7: 0.99154 | Y7: 3e-05
A8: 63 | B8: 1.00651 | C8: -2e-05 | D8: 1.03896 | E8: -0.00016 | F8: 1.00836 | G8: -2e-05 | H8: 1.00609 | I8: -2e-05 | J8: 1.00026 | K8: 0 | L8: 1.00414 | M8: -2e-05 | N8: 1.00092 | O8: 1e-05 | P8: 1.0034 | Q8: 0 | R8: 0.98571 | S8: 3e-05 | T8: 0.99641 | U8: 1e-05 | V8: 0.98176 | W8: 4e-05 | X8: 0.99127 | Y8: 2e-05
A9: 64 | B9: 1.00652 | C9: -2e-05 | D9: 1.04066 | E9: -0.00017 | F9: 1.00869 | G9: -2e-05 | H9: 1.00656 | I9: -2e-05 | J9: 1.00038 | K9: 0 | L9: 1.00418 | M9: -2e-05 | N9: 1.00073 | O9: 0 | P9: 1.00336 | Q9: 0 | R9: 0.98553 | S9: 2e-05 | T9: 0.99646 | U9: 1e-05 | V9: 0.98136 | W9: 3e-05 | X9: 0.99092 | Y9: 2e-05
A10: 65 | B10: 1.00693 | C10: -1e-05 | D10: 1.04186 | E10: -0.00016 | F10: 1.00931 | G10: -1e-05 | H10: 1.00661 | I10: -2e-05 | J10: 1.00026 | K10: 1e-05 | L10: 1.00432 | M10: -2e-05 | N10: 1.00077 | O10: 0 | P10: 1.00346 | Q10: -1e-05 | R10: 0.98513 | S10: 2e-05 | T10: 0.99625 | U10: 1e-05 | V10: 0.98096 | W10: 3e-05 | X10: 0.99065 | Y10: 3e-05
A11: 66 | B11: 1.00712 | C11: 0 | D11: 1.04359 | E11: -0.00015 | F11: 1.00926 | G11: -1e-05 | H11: 1.00666 | I11: -2e-05 | J11: 1.00015 | K11: 0 | L11: 1.00493 | M11: -1e-05 | N11: 1.00089 | O11: 0 | P11: 1.00351 | Q11: -1e-05 | R11: 0.98486 | S11: 2e-05 | T11: 0.99612 | U11: 1e-05 | V11: 0.98065 | W11: 3e-05 | X11: 0.99033 | Y11: 2e-05
A12: 67 | B12: 1.00693 | C12: 1e-05 | D12: 1.04623 | E12: -0.00013 | F12: 1.00907 | G12: 0 | H12: 1.00711 | I12: -1e-05 | J12: 1.00019 | K12: 0 | L12: 1.00511 | M12: -2e-05 | N12: 1.00103 | O12: 0 | P12: 1.00363 | Q12: -1e-05 | R12: 0.98475 | S12: 3e-05 | T12: 0.9962 | U12: 0 | V12: 0.98043 | W12: 3e-05 | X12: 0.99012 | Y12: 2e-05
A13: 68 | B13: 1.00666 | C13: 2e-05 | D13: 1.04747 | E13: -9e-05 | F13: 1.00904 | G13: 0 | H13: 1.00695 | I13: -1e-05 | J13: 1.00018 | K13: 0 | L13: 1.00517 | M13: -2e-05 | N13: 1.00074 | O13: 0 | P13: 1.00384 | Q13: -1e-05 | R13: 0.98433 | S13: 3e-05 | T13: 0.9961 | U13: 0 | V13: 0.97986 | W13: 2e-05 | X13: 0.98991 | Y13: 2e-05
A14: 69 | B14: 1.00635 | C14: 2e-05 | D14: 1.04849 | E14: -0.00012 | F14: 1.00924 | G14: 0 | H14: 1.00712 | I14: -1e-05 | J14: 0.99996 | K14: 0 | L14: 1.00533 | M14: -1e-05 | N14: 1.00083 | O14: 1e-05 | P14: 1.004 | Q14: -1e-05 | R14: 0.984 | S14: 2e-05 | T14: 0.99596 | U14: 0 | V14: 0.97966 | W14: 3e-05 | X14: 0.98961 | Y14: 1e-05
A15: 70 | B15: 1.00599 | C15: 1e-05 | D15: 1.05011 | E15: -9e-05 | F15: 1.00909 | G15: 0 | H15: 1.00744 | I15: -1e-05 | J15: 1.0002 | K15: 0 | L15: 1.00522 | M15: -1e-05 | N15: 1.0006 | O15: 1e-05 | P15: 1.00387 | Q15: -1e-05 | R15: 0.98357 | S15: 2e-05 | T15: 0.99605 | U15: 1e-05 | V15: 0.97941 | W15: 3e-05 | X15: 0.98958 | Y15: 1e-05
A16: 71 | B16: 1.00595 | C16: 0 | D16: 1.05071 | E16: -6e-05 | F16: 1.00916 | G16: -1e-05 | H16: 1.0075 | I16: -1e-05 | J16: 1.0004 | K16: 0 | L16: 1.00551 | M16: -1e-05 | N16: 1.00062 | O16: 1e-05 | P16: 1.00402 | Q16: -1e-05 | R16: 0.98327 | S16: 3e-05 | T16: 0.99598 | U16: 1e-05 | V16: 0.97921 | W16: 3e-05 | X16: 0.98951 | Y16: 2e-05
... A730: 785 | B730: 7e-05 | C730: 0 | D730: -0.00032 | E730: -5e-05 | F730: 0.00039 | G730: -2e-05 | H730: 0.00094 | I730: 0.00031 | J730: 0.00043 | K730: 0.00014 | L730: -0.00011 | M730: -1e-05 | N730: -0.00335 | O730: 0.00018 | P730: -0.00035 | Q730: 5e-05 | R730: 0.00192 | S730: 0.00023 | T730: 0 | U730: 0 | V730: 0.00035 | W730: 0.00012 | X730: 0.00013 | Y730: 0
